snapshot_ts,date,league,match,model_type,odds_over25,odds_under25,live_side,live_tier,p_model_over,v11_side,v11_tier,v11_p_market,v11_p_blend,v11_ev_lb,v11_abs_edge,rolling_clv_pct,valid_odds,reject_reason,v11_state,rolling_clv_n,fixture_id,snapshot_id,kickoff_ts,minutes_to_kickoff,v9_generated_at,v9_git_sha,v9_model_sha
2026-08-10T16:38:33Z,2026-08-10,Denmark Superliga,Silkeborg IF vs OB Odense BK,new_format,1.5,2.45,UNDER,VALUABLE,0.524,-,NO_BET,0.6343,0.5847,-0.1982,-0.0496,78.0,,,,,74e058d37631180a,edea4c5824bbbdca,,,,,
2026-08-10T16:38:33Z,2026-08-10,Sweden Allsvenskan,Västerås SK vs Djurgardens IF,new_format,1.55,2.3,UNDER,VALUABLE,0.468,-,NO_BET,0.6096,0.546,-0.2311,-0.0636,10.31,,,,,2abcd80999129c34,8ec93a46c84bc924,,,,,
2026-08-10T16:38:33Z,2026-08-10,Sweden Allsvenskan,IK Sirius vs IF Brommapojkarna,new_format,1.4,2.62,UNDER,SNIPER,0.468,-,NO_BET,0.6752,0.5821,-0.2567,-0.0931,10.31,,,,,fdd5713db1203ac7,d050e28b4c8384c5,,,,,
2026-08-10T22:22:00Z,2026-08-10,Argentina Primera Division,Banfield vs Belgrano de Cordoba,new_format,2.52,1.5,OVER,AVOID,0.384,-,NO_BET,0.3607,0.3687,-0.183,0.008,-60.71,,,,,2f6d397ea39cd352,b8f8085bafe0b6ee,,,,,
2026-08-11T01:06:07Z,2026-08-11,Argentina Primera Division,Union Santa Fe vs Central Córdoba,new_format,2.2,1.67,UNDER,AVOID,0.391,-,NO_BET,0.426,0.4136,-0.1912,-0.0123,-60.71,,,,,b3200c3da143d84e,36b0e4f500b0ba82,,,,,
2026-08-11T09:26:04Z,2026-08-17,Argentina Primera Division,Estudiantes de Río Cuarto vs Atlético Tucuman,new_format,2.95,1.39,OVER,VALUABLE,0.448,-,NO_BET,0.304,0.3543,-0.0822,0.0503,-60.71,,,,,2bddb3c17ce35ca2,ad1fa3425f948d16,,,,,
2026-08-11T09:26:04Z,2026-08-17,Argentina Primera Division,Lanus vs Independiente,new_format,2.75,1.44,OVER,AVOID,0.374,-,NO_BET,0.3297,0.345,-0.1709,0.0154,-60.71,,,,,d41961f9e28bf2a6,9ab126eeb23bb69c,,,,,
2026-08-11T09:26:04Z,2026-08-17,Argentina Primera Division,Velez Sarsfield BA vs Defensa y Justicia,new_format,2.5,1.5,OVER,VALUABLE,0.448,-,NO_BET,0.3621,0.3922,-0.1314,0.0301,-60.71,,,,,bba6522238550d38,39bd30abd5438c13,,,,,
2026-08-11T09:26:04Z,2026-08-18,Argentina Primera Division,Gimnasia Mendoza vs Talleres,new_format,2.92,1.39,OVER,VALUABLE,0.396,-,NO_BET,0.3054,0.337,-0.1417,0.0315,-60.71,,,,,c8aaa341fc9efeca,32fe9114cf6f4f10,,,,,
2026-08-11T09:26:04Z,2026-08-15,Brazil Serie A,Fluminense vs Palmeiras,new_format,2.27,1.66,OVER,AVOID,0.47,-,NO_BET,0.4174,0.4356,-0.115,0.0183,10.52,,,,,434870a67ec8a879,68659e1561de1079,,,,,
2026-08-11T09:26:04Z,2026-08-15,Brazil Serie A,Atletico Paranaense vs Bragantino-SP,new_format,2.05,1.7,OVER,AVOID,0.46,-,NO_BET,0.4478,0.4521,-0.1691,0.0043,10.52,,,,,7ee6a3bf0c32ae2f,0753dd1894bf8b4e,,,,,
2026-08-11T09:26:04Z,2026-08-16,Brazil Serie A,Vasco da Gama vs Santos,new_format,2.01,1.78,OVER,AVOID,0.534,-,NO_BET,0.4669,0.4902,-0.1093,0.0233,10.52,,,,,4f4261c9f89082a7,1a25282fa82b4bf8,,,,,
2026-08-11T09:26:04Z,2026-08-16,Brazil Serie A,Chapecoense vs Bahia,new_format,1.85,1.93,UNDER,AVOID,0.465,-,NO_BET,0.5115,0.4904,-0.1814,-0.0211,10.52,,,,,a0bd3229c89e5012,f485660e71932f8c,,,,,
2026-08-11T09:26:04Z,2026-08-16,Brazil Serie A,Atletico Mineiro vs Grêmio,new_format,2.0,1.75,UNDER,AVOID,0.46,-,NO_BET,0.463,0.4618,-0.1705,-0.0011,10.52,,,,,d3f4de9671175f7d,259cc593910d4193,,,,,
2026-08-11T09:26:04Z,2026-08-16,Brazil Serie A,Vitoria vs Botafogo,new_format,1.96,1.82,UNDER,AVOID,0.455,-,NO_BET,0.4798,0.4687,-0.174,-0.0111,10.52,,,,,3a3f6809336b9925,5b7dada9ff735e29,,,,,
2026-08-11T09:26:04Z,2026-08-16,Brazil Serie A,Mirassol vs Flamengo,new_format,2.0,1.75,OVER,AVOID,0.472,-,NO_BET,0.463,0.4671,-0.1599,0.0041,10.52,,,,,1d252226f0b996c6,78682ac6f8b8133c,,,,,
2026-08-11T09:26:04Z,2026-08-16,Brazil Serie A,Corinthians vs Cruzeiro,new_format,2.2,1.62,OVER,AVOID,0.462,-,NO_BET,0.4156,0.4319,-0.1512,0.0163,10.52,,,,,d952000edf4b2c56,2be05cfeecacc18e,,,,,
2026-08-11T09:26:04Z,2026-08-17,Brazil Serie A,Internacional vs Remo,new_format,1.83,1.91,OVER,AVOID,0.542,-,NO_BET,0.5119,0.5253,-0.1265,0.0135,10.52,,,,,b29c4ad1a6cd4d75,3983165650b5ca1d,,,,,
2026-08-11T09:26:04Z,2026-08-16,Argentina Primera Division,Barracas Central vs Rosario Central,new_format,2.58,1.49,OVER,AVOID,0.402,-,NO_BET,0.354,0.3706,-0.1581,0.0166,-60.71,,,,,0c4eb1659e7cb8f0,9b0cac8770437210,,,,,
2026-08-11T09:26:04Z,2026-08-16,Brazil Serie A,Sao Paulo vs Coritiba,new_format,1.96,1.82,UNDER,AVOID,0.477,-,NO_BET,0.4798,0.4784,-0.1551,-0.0014,10.52,,,,,01bb552a1cbca3c9,52818e0a73c4e2d8,,,,,
2026-08-11T09:26:04Z,2026-08-16,Argentina Primera Division,River Plate vs Argentinos Juniors,new_format,2.75,1.44,OVER,VALUABLE,0.409,-,NO_BET,0.3297,0.3573,-0.1375,0.0276,-60.71,,,,,cade2431b3ef7a59,300f4b3811b6659e,,,,,
2026-08-11T09:26:04Z,2026-08-16,Norway Eliteserien,Sarpsborg FK vs Sandefjord,new_format,1.5,2.52,UNDER,AVOID,0.605,-,NO_BET,0.6393,0.6239,-0.1391,-0.0155,77.41,,,,,aa8d88d6d5953810,b42797bfd251fb28,,,,,
2026-08-11T09:26:04Z,2026-08-16,Argentina Primera Division,Sarmiento de Junin vs Atlético Huracán,new_format,3.25,1.32,OVER,VALUABLE,0.406,-,NO_BET,0.2672,0.3158,-0.1105,0.0486,-60.71,,,,,44d2a587584bb10d,5897b2073aa3212a,,,,,
2026-08-11T09:26:04Z,2026-08-16,Norway Eliteserien,Molde vs Tromso,new_format,1.72,1.96,OVER,VALUABLE,0.669,-,NO_BET,0.5373,0.5967,-0.057,0.0593,77.41,,,,,1023d09e7d4e3fa8,26625404975d5ffc,,,,,
2026-08-11T09:26:04Z,2026-08-14,Japan J-League,Tokyo Verdy vs Kashiwa Reysol,new_format,2.25,1.58,OVER,VALUABLE,0.486,-,NO_BET,0.402,0.4313,-0.1327,0.0293,0.0,,,,,afc51152a5dec921,1d4ecbbe5c15912f,,,,,
2026-08-11T09:26:04Z,2026-08-16,Norway Eliteserien,Fredrikstad FK vs Kristiansund BK,new_format,1.68,2.0,OVER,AVOID,0.586,-,NO_BET,0.5501,0.5663,-0.1307,0.0162,77.41,,,,,146372a6b2640500,2e31d1c559f4a37d,,,,,
2026-08-11T09:26:04Z,2026-08-14,Finland Veikkausliiga,VPS Vaasa vs TPS Turku,new_format,1.65,2.07,UNDER,AVOID,0.511,-,NO_BET,0.5644,0.5406,-0.1892,-0.0238,12.81,,,,,51ca30ed8dd8dd2a,0d94713409f7107c,,,,,
2026-08-11T09:26:04Z,2026-08-15,Finland Veikkausliiga,IFK Mariehamn vs SJK Seinäjoki,new_format,1.42,2.6,UNDER,VALUABLE,0.508,-,NO_BET,0.6675,0.5958,-0.2262,-0.0717,12.81,,,,,85bc83fa7425f548,329eb3acf0cb17ba,,,,,
2026-08-11T09:26:04Z,2026-08-16,Finland Veikkausliiga,HJK Helsinki vs Jaro,new_format,1.41,2.75,UNDER,AVOID,0.652,-,NO_BET,0.6795,0.667,-0.1305,-0.0125,12.81,,,,,3e4a9a50b63873c1,827dd06b9390887d,,,,,
2026-08-11T09:26:04Z,2026-08-16,Finland Veikkausliiga,AC Oulu vs FC Inter Turku,new_format,1.88,1.78,OVER,AVOID,0.512,-,NO_BET,0.4843,0.4967,-0.1561,0.0123,12.81,,,,,97a583efaf9db0f5,35d164dde5d20f06,,,,,
2026-08-11T09:26:04Z,2026-08-16,Finland Veikkausliiga,FC Lahti vs KuPS Kuopio,new_format,1.79,1.88,UNDER,AVOID,0.496,-,NO_BET,0.514,0.5058,-0.181,-0.0082,12.81,,,,,17f1b5b8382b4a58,700e67ddf2c5286c,,,,,
2026-08-11T09:26:04Z,2026-08-17,Finland Veikkausliiga,IF Gnistan vs Ilves Tampere,new_format,1.59,2.31,UNDER,AVOID,0.558,-,NO_BET,0.6011,0.5817,-0.1537,-0.0193,12.81,,,,,cce5af9a6680980c,d0be59e493efd770,,,,,
2026-08-11T09:26:04Z,2026-08-12,Argentina Primera Division,Talleres vs Lanus,new_format,2.62,1.47,OVER,AVOID,0.417,-,NO_BET,0.346,0.3707,-0.1446,0.0247,-60.71,,,,,cc923ec000b66625,6834e41b709b3103,,,,,
2026-08-11T09:26:04Z,2026-08-14,Argentina Primera Division,Racing Club vs Banfield,new_format,2.48,1.54,OVER,AVOID,0.392,-,NO_BET,0.3737,0.3801,-0.1682,0.0064,-60.71,,,,,b522d01001e4e3a1,62a88353e3482181,,,,,
2026-08-11T09:26:04Z,2026-08-15,Argentina Primera Division,Aldosivi Mar del Plata vs CA Tigre BA,new_format,2.75,1.44,OVER,VALUABLE,0.438,-,NO_BET,0.3297,0.3677,-0.1091,0.0381,-60.71,,,,,a2266a8f88771fd3,2c6ff32f9110bf15,,,,,
2026-08-11T09:26:04Z,2026-08-15,Argentina Primera Division,San Lorenzo vs Union Santa Fe,new_format,2.75,1.44,OVER,VALUABLE,0.428,-,NO_BET,0.3297,0.364,-0.1193,0.0343,-60.71,,,,,e8ebbcf4beb8a596,8fc5e9b06d3c4f17,,,,,
2026-08-11T09:26:04Z,2026-08-15,Argentina Primera Division,Estudiantes vs Gimnasia La Plata,new_format,2.82,1.43,OVER,VALUABLE,0.412,-,NO_BET,0.3229,0.3542,-0.1238,0.0313,-60.71,,,,,f15685943c42974d,c65ed20f54022ab9,,,,,
2026-08-11T09:26:04Z,2026-08-15,Argentina Primera Division,Belgrano de Cordoba vs Independiente Rivadavia,new_format,2.58,1.49,OVER,AVOID,0.408,-,NO_BET,0.354,0.3727,-0.1527,0.0187,-60.71,,,,,cc277ad823fabef2,2e2549f6285b2e95,,,,,
2026-08-11T09:26:04Z,2026-08-15,Argentina Primera Division,Newells Old Boys vs Deportivo Riestra,new_format,3.05,1.37,OVER,VALUABLE,0.397,-,NO_BET,0.2929,0.3293,-0.1256,0.0364,-60.71,,,,,6f7d76b30e9f0d78,d6cfd0ab469d5f57,,,,,
2026-08-11T09:26:04Z,2026-08-16,Argentina Primera Division,Platense vs Boca Juniors,new_format,2.75,1.44,OVER,AVOID,0.389,-,NO_BET,0.3297,0.3505,-0.156,0.0208,-60.71,,,,,d2882c0e4babe90b,e91a8d2c48105b5d,,,,,
2026-08-11T09:26:04Z,2026-08-16,Argentina Primera Division,Central Córdoba vs Instituto de Córdoba,new_format,2.55,1.43,OVER,AVOID,0.393,-,NO_BET,0.3387,0.3577,-0.2007,0.019,-60.71,,,,,a4ea4fcadaa3bbae,4fcfe04527dc4cf2,,,,,
2026-08-11T09:26:04Z,2026-08-15,Japan J-League,Mito HollyHock vs Gamba Osaka,new_format,2.02,1.8,UNDER,AVOID,0.453,-,NO_BET,0.469,0.4633,-0.1589,-0.0056,0.0,,,,,79ad202e125fa2db,3d78a46db57afc4b,,,,,
2026-08-11T09:26:04Z,2026-08-14,China Super League,Shandong Luneng Taishan FC vs Qingdao Hainiu FC,new_format,1.34,3.0,UNDER,VALUABLE,0.593,-,NO_BET,0.7155,0.6605,-0.1835,-0.055,-4.58,,,,,81df0ec60f877298,abed0fb70a2d6496,,,,,
2026-08-11T09:26:04Z,2026-08-15,Japan J-League,Shimizu S Pulse vs Yokohama F Marinos,new_format,1.96,1.85,OVER,AVOID,0.506,-,NO_BET,0.4845,0.4943,-0.1239,0.0098,0.0,,,,,aa16867efffd0fe1,738f6736ffed72b6,,,,,
2026-08-11T09:26:04Z,2026-08-15,China Super League,Yunnan Yukun vs Dalian Yingbo,new_format,1.38,2.82,UNDER,AVOID,0.636,-,NO_BET,0.6929,0.6675,-0.1488,-0.0255,-4.58,,,,,1ec5fcd0f27a14a4,8778b8838b994481,,,,,
2026-08-11T09:26:04Z,2026-08-15,China Super League,Shanghai Shenhua FC vs Henan FC,new_format,1.42,2.68,UNDER,VALUABLE,0.579,-,NO_BET,0.6724,0.6305,-0.1766,-0.0419,-4.58,,,,,e02d2fd63b91d2d3,9d77c2f1bb8fd0e7,,,,,
2026-08-11T09:26:04Z,2026-08-15,USA MLS,Atlanta United FC vs New York Red Bulls,new_format,1.36,2.8,UNDER,VALUABLE,0.602,-,NO_BET,0.6988,0.6553,-0.1781,-0.0435,40.82,,,,,afdeb2fa75e3d20d,1fb98b9f3f5316e3,,,,,
2026-08-11T09:26:04Z,2026-08-15,USA MLS,CF Montreal vs D.C. United,new_format,1.71,2.1,UNDER,AVOID,0.494,-,NO_BET,0.556,0.5281,-0.1805,-0.0279,40.82,,,,,e59f08836fd107c6,35f6ee15a995d498,,,,,
2026-08-11T09:26:04Z,2026-08-15,USA MLS,Charlotte FC vs Columbus Crew SC,new_format,1.73,2.2,OVER,AVOID,0.599,-,NO_BET,0.5627,0.579,-0.0821,0.0163,40.82,,,,,f9ef01cc71ed9b6b,4f96350bb9788ba8,,,,,
2026-08-11T09:26:04Z,2026-08-15,USA MLS,Orlando City SC vs FC Cincinnati,new_format,1.25,3.5,UNDER,VALUABLE,0.648,-,NO_BET,0.7698,0.7151,-0.1705,-0.0547,40.82,,,,,4bfa48035a872fd9,31874893305ae999,,,,,
2026-08-11T09:26:04Z,2026-08-15,USA MLS,Toronto FC vs New England Revolution,new_format,1.68,2.15,UNDER,AVOID,0.563,-,NO_BET,0.567,0.5653,-0.1324,-0.0017,40.82,,,,,8f417a288fed4928,c9c1cabcd35afeaa,,,,,
2026-08-11T09:26:04Z,2026-08-15,China Super League,Zhejiang vs Chengdu Rongcheng FC,new_format,1.39,2.82,UNDER,VALUABLE,0.564,-,NO_BET,0.6896,0.6331,-0.1907,-0.0565,-4.58,,,,,6e3922c7f5dfcede,d273f853f1ca296d,,,,,
2026-08-11T09:26:04Z,2026-08-16,USA MLS,Houston Dynamo vs LA Galaxy,new_format,1.62,2.2,UNDER,VALUABLE,0.504,-,NO_BET,0.5844,0.5482,-0.192,-0.0362,40.82,,,,,6d07345906cf6128,0590640fa6d781e5,,,,,
2026-08-11T09:26:04Z,2026-08-16,USA MLS,Colorado Rapids vs Sporting Kansas City,new_format,1.4,2.7,UNDER,AVOID,0.637,-,NO_BET,0.6799,0.6605,-0.1461,-0.0194,40.82,,,,,de805d03795990e2,b567de1935d0d923,,,,,
2026-08-11T09:26:04Z,2026-08-16,USA MLS,Real Salt Lake vs Minnesota United FC,new_format,1.57,2.25,UNDER,AVOID,0.589,-,NO_BET,0.6004,0.5953,-0.1431,-0.0051,40.82,,,,,01d41c1a972aaf53,d818e3919ffba15a,,,,,
2026-08-11T09:26:04Z,2026-08-16,USA MLS,Los Angeles FC vs San Diego FC,new_format,1.44,2.62,UNDER,VALUABLE,0.572,-,NO_BET,0.6627,0.6218,-0.1774,-0.0409,40.82,,,,,b6a269153822af67,854f6c74459567fb,,,,,
2026-08-11T09:26:04Z,2026-08-16,USA MLS,San Jose Earthquakes vs St. Louis City SC,new_format,1.44,2.5,UNDER,AVOID,0.606,-,NO_BET,0.6549,0.633,-0.161,-0.0218,40.82,,,,,020b31e92e649e43,d13a63aacee706e5,,,,,
2026-08-11T09:26:04Z,2026-08-16,USA MLS,Chicago Fire vs Portland Timbers,new_format,1.33,3.1,UNDER,VALUABLE,0.605,-,NO_BET,0.7233,0.6702,-0.1766,-0.0531,40.82,,,,,27ae8b8cdd755c61,486db80ccaeb45eb,,,,,
2026-08-11T09:26:04Z,2026-08-16,Norway Eliteserien,SK Brann vs HamKam,new_format,1.46,2.68,UNDER,SNIPER,0.466,-,NO_BET,0.6605,0.5732,-0.2371,-0.0874,77.41,,,,,151db60a508e69c9,d680e34fc49457a3,,,,,
2026-08-11T09:26:04Z,2026-08-16,USA MLS,New York City FC vs Philadelphia Union,new_format,1.62,2.2,OVER,VALUABLE,0.66,-,NO_BET,0.5844,0.6183,-0.0777,0.034,40.82,,,,,9f60af73a6680378,0c3cc73270add685,,,,,
2026-08-11T09:26:04Z,2026-08-16,USA MLS,Nashville SC vs Inter Miami CF,new_format,1.44,2.62,UNDER,AVOID,0.592,-,NO_BET,0.6627,0.6309,-0.164,-0.0318,40.82,,,,,83b9df6e8a10cbca,bd12e0a1a28f80e3,,,,,
2026-08-11T09:26:04Z,2026-08-15,Japan J-League,Kashima Antlers vs Nagoya Grampus,new_format,1.95,1.75,OVER,AVOID,0.478,-,NO_BET,0.4694,0.4732,-0.1696,0.0038,0.0,,,,,54754330c4bc7819,c9e3ff66f881fcd3,,,,,
2026-08-11T09:26:04Z,2026-08-15,China Super League,Tianjin Jinmen Tiger FC vs Beijing FC,new_format,1.73,2.07,OVER,AVOID,0.567,-,NO_BET,0.5489,0.5569,-0.1205,0.008,-4.58,,,,,dd4beb31d3bf8a71,9d90342aea16651c,,,,,
2026-08-11T09:26:04Z,2026-08-14,China Super League,Qingdao West Coast FC vs Chongqing Tonglianglong FC,new_format,2.01,1.83,OVER,AVOID,0.525,-,NO_BET,0.475,0.4924,-0.1049,0.0174,-4.58,,,,,8a24f804bb2b2078,3a0db4c90689fd93,,,,,
2026-08-11T09:26:04Z,2026-08-15,Japan J-League,Fagiano Okayama vs V-Varen Nagasaki,new_format,2.08,1.65,OVER,AVOID,0.467,-,NO_BET,0.4345,0.4457,-0.1699,0.0113,0.0,,,,,210db12837c2ea80,93868276b380cec3,,,,,
2026-08-11T09:26:04Z,2026-08-15,Japan J-League,Avispa Fukuoka vs Cerezo Osaka,new_format,2.02,1.8,OVER,VALUABLE,0.546,-,NO_BET,0.469,0.4958,-0.0934,0.0269,0.0,,,,,22df12042223282e,31360489659b206d,,,,,
2026-08-11T09:26:04Z,2026-08-15,Japan J-League,JEF United Chiba vs FC Machida Zelvia,new_format,2.15,1.71,UNDER,AVOID,0.399,-,NO_BET,0.4387,0.4247,-0.1863,-0.014,0.0,,,,,6ed44afd01c3364d,c95eb735955805ac,,,,,
2026-08-11T09:26:04Z,2026-08-15,Japan J-League,Vissel Kobe vs FC Tokyo,new_format,2.17,1.7,UNDER,AVOID,0.404,-,NO_BET,0.4348,0.424,-0.18,-0.0108,0.0,,,,,7711c84844f12dcc,49e3642f4bf5e292,,,,,
2026-08-11T09:26:04Z,2026-08-15,Japan J-League,Urawa Red Diamonds vs Hiroshima Sanfrecce FC,new_format,1.92,1.89,UNDER,AVOID,0.493,-,NO_BET,0.4958,0.4945,-0.1419,-0.0013,0.0,,,,,53d969db0a3c7c7a,729678338001682d,,,,,
2026-08-11T09:26:04Z,2026-08-15,Japan J-League,Kawasaki Frontale vs Kyoto Purple Sanga,new_format,1.7,2.02,UNDER,AVOID,0.516,-,NO_BET,0.5486,0.5341,-0.1751,-0.0145,0.0,,,,,77439553304decfc,89b7bc51ff81a6ee,,,,,
2026-08-11T09:26:04Z,2026-08-15,Mexico Liga MX,Atlante FC vs Toluca,new_format,1.57,2.2,UNDER,AVOID,0.568,-,NO_BET,0.5957,0.5833,-0.1621,-0.0123,26.96,,,,,d25b09e84d30f2c3,903d7791819cac75,,,,,
2026-08-11T09:26:04Z,2026-08-15,China Super League,Liaoning Tieren FC vs Shenzhen Peng City FC,new_format,1.55,2.28,OVER,AVOID,0.607,-,NO_BET,0.6079,0.6075,-0.1353,-0.0003,-4.58,,,,,bbe7f7a1669308ac,a1c879924b4f6a71,,,,,
2026-08-11T09:26:04Z,2026-08-16,Mexico Liga MX,Monterrey vs FC Juárez,new_format,1.5,2.38,UNDER,AVOID,0.565,-,NO_BET,0.629,0.6004,-0.1746,-0.0286,26.96,,,,,19926ec68647b3e0,8a4b69b06d0b3261,,,,,
2026-08-11T09:26:04Z,2026-08-16,Mexico Liga MX,Pumas vs Querétaro,new_format,1.72,2.06,UNDER,VALUABLE,0.467,-,NO_BET,0.5496,0.5123,-0.2027,-0.0373,26.96,,,,,59836a137756aada,11cb8e69a303120c,,,,,
2026-08-11T09:26:04Z,2026-08-16,Mexico Liga MX,América vs Atlético San Luis,new_format,1.57,2.2,UNDER,VALUABLE,0.467,-,NO_BET,0.5957,0.5376,-0.2341,-0.0581,26.96,,,,,c5a2800a4449a68c,132a9ac02f986508,,,,,
2026-08-11T09:26:04Z,2026-08-17,Mexico Liga MX,Santos Laguna vs Guadalajara,new_format,1.52,2.38,UNDER,VALUABLE,0.522,-,NO_BET,0.6237,0.578,-0.1976,-0.0458,26.96,,,,,f8e95d89be7c5f19,80cc43dee1a30b82,,,,,
2026-08-11T09:26:04Z,2026-08-17,Mexico Liga MX,Tijuana vs Cruz Azul,new_format,1.81,1.95,OVER,AVOID,0.524,-,NO_BET,0.5205,0.522,-0.1423,0.0015,26.96,,,,,b89d606d19bcdf11,058281b1f08014d4,,,,,
2026-08-11T09:26:04Z,2026-08-18,Mexico Liga MX,Necaxa vs León,new_format,1.68,2.12,UNDER,AVOID,0.528,-,NO_BET,0.5639,0.5479,-0.1618,-0.016,26.96,,,,,67909a9ec5171068,5b9563d2dbc6b125,,,,,
2026-08-11T09:26:04Z,2026-08-18,Mexico Liga MX,Pachuca vs Puebla,new_format,1.67,2.0,OVER,AVOID,0.554,-,NO_BET,0.552,0.5528,-0.1586,0.0008,26.96,,,,,12e6bbd602b8cac8,fc90619125b71296,,,,,
2026-08-11T09:26:04Z,2026-08-14,China Super League,Wuhan Three Towns vs Shanghai SIPG FC,new_format,1.55,2.3,UNDER,AVOID,0.598,-,NO_BET,0.6096,0.6044,-0.1401,-0.0052,-4.58,,,,,6f2b8b899fbe0b9a,371882ab18c0b3bd,,,,,
2026-08-11T09:26:04Z,2026-08-16,Mexico Liga MX,Atlas vs Tigres,new_format,2.08,1.71,OVER,AVOID,0.519,-,NO_BET,0.4463,0.4718,-0.1159,0.0255,26.96,,,,,54fd93384c720877,8293cb626b6f1f6b,,,,,
2026-08-11T09:26:04Z,2026-08-16,Norway Eliteserien,Aalesund vs Vålerenga,new_format,1.39,2.95,UNDER,VALUABLE,0.545,-,NO_BET,0.696,0.6282,-0.1976,-0.0678,77.41,,,,,c86cddc99b29cc49,47b152dc38a1d6af,,,,,
2026-08-11T09:26:04Z,2026-08-15,Bundesliga 2,VfL Osnabrück vs 1. FC Magdeburg,standard,1.6,2.3,UNDER,AVOID,0.564,-,NO_BET,0.598,0.5844,-0.144,-0.0136,1.46,,,,,e578ef2132d81326,ae0ea22d3dbf17ae,,,,,
2026-08-11T09:26:04Z,2026-08-14,Norway Eliteserien,Rosenborg vs Viking FK,new_format,1.35,2.5,UNDER,AVOID,0.58,-,NO_BET,0.685,0.6379,-0.2081,-0.0471,77.41,,,,,3a8f884acde06100,5f467ab314406521,,,,,
2026-08-11T09:26:04Z,2026-08-15,League One,Cambridge United vs Wigan Athletic,standard,2.23,1.63,OVER,AVOID,0.483,-,NO_BET,0.4149,0.4386,-0.1245,0.0237,0.11,,,,,53a00cd8c0b761ab,95e3010af4113f19,,,,,
2026-08-11T09:26:04Z,2026-08-15,League One,Mansfield Town vs Doncaster Rovers,standard,1.89,1.88,OVER,AVOID,0.501,-,NO_BET,0.4985,0.4995,-0.1462,0.0009,0.11,,,,,46e1f6fdaa2868a5,ce7a1d739a36440c,,,,,
2026-08-11T09:26:04Z,2026-08-15,League One,Huddersfield Town vs Wimbledon,standard,1.65,2.02,UNDER,AVOID,0.544,-,NO_BET,0.5586,0.5526,-0.1693,-0.006,0.11,,,,,a7ce408e8342efe8,1eba0942b49aefe8,,,,,
2026-08-11T09:26:04Z,2026-08-15,League One,Leyton Orient vs Sheffield Wednesday,standard,1.88,1.89,OVER,AVOID,0.514,-,NO_BET,0.5015,0.5065,-0.1376,0.005,0.11,,,,,bd0e89bfce9378b2,575aea8b4037f1d8,,,,,
2026-08-11T09:26:04Z,2026-08-15,League One,Plymouth Argyle vs Stockport County FC,standard,1.75,2.04,UNDER,AVOID,0.477,-,NO_BET,0.5419,0.5158,-0.1823,-0.026,0.11,,,,,a9b41ae9286b50ee,67075c12395dc108,,,,,
2026-08-11T09:26:04Z,2026-08-15,League Two,Newport County vs Rochdale,standard,1.93,1.75,OVER,AVOID,0.49,-,NO_BET,0.4721,0.4793,-0.1666,0.0072,,,,,,43aff287bb034dee,9ca48b3ffd009c56,,,,,
2026-08-11T09:26:04Z,2026-08-15,League Two,Oldham Athletic vs Port Vale,standard,2.08,1.64,OVER,AVOID,0.479,-,NO_BET,0.4324,0.4486,-0.1639,0.0162,,,,,,5929f23f64e34951,578c0d3bbbb04096,,,,,
2026-08-11T09:26:04Z,2026-08-15,League Two,Accrington Stanley vs Colchester United,standard,2.08,1.71,OVER,AVOID,0.481,-,NO_BET,0.4463,0.4584,-0.1436,0.0122,,,,,,6b76c8620c8ae562,26ee154acfeb8e7c,,,,,
2026-08-11T09:26:04Z,2026-08-15,League Two,Barnet vs Salford City,standard,1.92,1.76,OVER,AVOID,0.518,-,NO_BET,0.4752,0.4921,-0.1464,0.0169,,,,,,aec223d5686cecea,5340b8b01c11dcb0,,,,,
2026-08-11T09:26:04Z,2026-08-15,League Two,York City vs Bristol Rovers,standard,2.04,1.74,OVER,AVOID,0.525,-,NO_BET,0.4564,0.4804,-0.1156,0.0241,,,,,,d5957ccf87c6049e,7493adaea5b7353b,,,,,
2026-08-11T09:26:04Z,2026-08-15,League Two,Cheltenham Town vs Rotherham United,standard,1.88,1.87,UNDER,AVOID,0.472,-,NO_BET,0.4985,0.4879,-0.1726,-0.0106,,,,,,8a682a1b36a525d9,037b0cee9a4d8fd3,,,,,
2026-08-11T09:26:04Z,2026-08-15,League Two,Chesterfield FC vs Fleetwood Town,standard,2.01,1.76,OVER,AVOID,0.486,-,NO_BET,0.4635,0.4715,-0.1468,0.008,,,,,,d23a7610a2f614d0,932994f8cb7faa2f,,,,,
2026-08-11T09:26:04Z,2026-08-15,League Two,Crawley Town vs Crewe Alexandra,standard,1.88,1.76,OVER,AVOID,0.517,-,NO_BET,0.4809,0.4952,-0.1588,0.0143,,,,,,30b6fd79a321798a,4d3ba6645eb304bd,,,,,
2026-08-11T09:26:04Z,2026-08-15,League Two,Grimsby Town vs Exeter City,standard,1.8,1.84,UNDER,AVOID,0.489,-,NO_BET,0.5064,0.4996,-0.1876,-0.0068,,,,,,515d4d90923f3655,a7111afdb4d035e2,,,,,
2026-08-11T09:26:04Z,2026-08-15,League Two,Gillingham vs Walsall,standard,1.98,1.78,OVER,AVOID,0.48,-,NO_BET,0.4707,0.4745,-0.1539,0.0038,,,,,,e6f5b7d16d83114a,a8174be2f54356b7,,,,,
2026-08-11T09:26:04Z,2026-08-15,League One,Burton Albion vs Stevenage,standard,2.42,1.54,OVER,VALUABLE,0.471,-,NO_BET,0.3782,0.4106,-0.1156,0.0324,0.11,,,,,d8d35cf3ddce32a9,96854ff417734d1a,,,,,
2026-08-11T09:26:04Z,2026-08-15,League One,Bradford City vs Peterborough United,standard,1.81,1.97,OVER,AVOID,0.537,-,NO_BET,0.5231,0.5286,-0.1304,0.0055,0.11,,,,,1da34268ee7d4801,ccb761fb9f8b2662,,,,,
2026-08-11T09:26:04Z,2026-08-15,League One,Blackpool vs Wycombe Wanderers,standard,1.93,1.84,OVER,AVOID,0.504,-,NO_BET,0.4869,0.4937,-0.1389,0.0067,0.11,,,,,5b63c5fb7710f1a8,077c187dbbb92876,,,,,
2026-08-11T09:26:04Z,2026-08-15,League One,Barnsley vs Bromley FC,standard,1.89,1.89,UNDER,AVOID,0.473,-,NO_BET,0.5,0.4894,-0.1653,-0.0106,0.11,,,,,e8562d9a54df9ed6,e38472baa96b95e8,,,,,
2026-08-11T09:26:04Z,2026-08-17,USA MLS,Austin FC vs FC Dallas,new_format,1.62,2.15,UNDER,AVOID,0.529,-,NO_BET,0.5794,0.5565,-0.1784,-0.0228,40.82,,,,,8cd315bb836bb2de,8d6fd20293175cb2,,,,,
2026-08-11T09:26:04Z,2026-08-14,Championship,Wolverhampton Wanderers vs Blackburn Rovers,standard,1.8,1.98,UNDER,AVOID,0.523,-,NO_BET,0.526,0.5246,-0.1424,-0.0014,,,,,,76793fd4e6ac3ea5,a45bdcf9fdfe3772,,,,,
2026-08-11T09:26:04Z,2026-08-15,Championship,Bolton Wanderers vs Preston North End,standard,1.98,1.8,OVER,AVOID,0.504,-,NO_BET,0.474,0.4858,-0.1316,0.0118,,,,,,bb61704aa8d7dfad,f8758beabc3f8214,,,,,
2026-08-11T09:26:04Z,2026-08-15,Championship,Bristol City vs Millwall,standard,1.92,1.85,OVER,AVOID,0.502,-,NO_BET,0.4898,0.4949,-0.1411,0.005,,,,,,8d14d86f3816ac26,5fae3e17e7474377,,,,,
2026-08-11T09:26:04Z,2026-08-15,Championship,Charlton Athletic vs Derby County,standard,2.0,1.78,UNDER,AVOID,0.467,-,NO_BET,0.4681,0.4677,-0.1588,-0.0004,,,,,,d5b669f5c3cb814e,103cddda32a23ae5,,,,,
2026-08-11T09:26:04Z,2026-08-15,Championship,Middlesbrough vs Lincoln City,standard,1.65,2.19,UNDER,VALUABLE,0.477,-,NO_BET,0.5771,0.5371,-0.195,-0.04,,,,,,3276b96b906d5673,8a417d7b8804ff46,,,,,
2026-08-11T09:26:04Z,2026-08-15,Championship,Norwich City vs West Bromwich Albion,standard,1.9,1.87,OVER,AVOID,0.512,-,NO_BET,0.4956,0.502,-0.1367,0.0064,,,,,,5fff19fb6a9c268a,e1b2172c125019ee,,,,,
2026-08-11T09:26:04Z,2026-08-15,League Two,Northampton Town vs Swindon Town,standard,1.9,1.85,OVER,AVOID,0.495,-,NO_BET,0.4926,0.4936,-0.1527,0.001,,,,,,ece7fc6c790ac6bd,ee3f7d7ee0172f1d,,,,,
2026-08-11T09:26:04Z,2026-08-15,Championship,Portsmouth vs Queens Park Rangers,standard,1.85,1.92,UNDER,AVOID,0.453,-,NO_BET,0.5102,0.4874,-0.1869,-0.0227,,,,,,0af05f956092948b,51f284002d7ec274,,,,,
2026-08-11T09:26:04Z,2026-08-15,Championship,Sheffield United vs Birmingham City,standard,1.99,1.79,OVER,AVOID,0.48,-,NO_BET,0.4711,0.4748,-0.1491,0.0037,,,,,,789b92abe26dc309,9ebbb04f8a0d6678,,,,,
2026-08-11T09:26:04Z,2026-08-16,Championship,Watford vs Southampton,standard,1.75,2.04,UNDER,AVOID,0.506,-,NO_BET,0.5419,0.5275,-0.1618,-0.0144,,,,,,faadb77d90d636da,bf2386a0179ef6ff,,,,,
2026-08-11T09:26:04Z,2026-08-16,Championship,Burnley vs West Ham United,standard,1.73,2.07,UNDER,AVOID,0.488,-,NO_BET,0.5489,0.5245,-0.1768,-0.0244,,,,,,aaa4a57436569754,be33f6083e57825f,,,,,
2026-08-11T09:26:04Z,2026-08-17,Championship,Cardiff City vs Wrexham AFC,standard,1.74,2.05,UNDER,AVOID,0.49,-,NO_BET,0.5448,0.5231,-0.1745,-0.0218,,,,,,5d26b3d5d81cb37c,1c886901cc4cb23d,,,,,
2026-08-11T09:26:04Z,2026-08-15,League One,Notts County vs Leicester City,standard,1.99,1.79,OVER,AVOID,0.526,-,NO_BET,0.4711,0.493,-0.1129,0.0219,0.11,,,,,f24568d422d68ac0,b6754e2f4d4592e9,,,,,
2026-08-11T09:26:04Z,2026-08-15,League One,Reading vs Luton,standard,1.86,1.91,UNDER,AVOID,0.457,-,NO_BET,0.5073,0.4873,-0.1828,-0.02,0.11,,,,,3708a0ae6fc33e3e,1e79498af60a5099,,,,,
2026-08-11T09:26:04Z,2026-08-15,League One,Oxford United vs Milton Keynes Dons,standard,2.1,1.71,OVER,AVOID,0.46,-,NO_BET,0.444,0.4495,-0.1537,0.0055,0.11,,,,,59324c6e18d2ca1d,2319986705908fb7,,,,,
2026-08-11T09:26:04Z,2026-08-15,Championship,Stoke City vs Swansea City,standard,2.1,1.71,OVER,AVOID,0.485,-,NO_BET,0.444,0.4583,-0.1354,0.0143,,,,,,a4360ad8764aaae5,892a2adb6df0e10a,,,,,
2026-08-11T09:26:04Z,2026-08-15,League Two,Tranmere Rovers vs Shrewsbury Town,standard,2.09,1.7,OVER,AVOID,0.506,-,NO_BET,0.4433,0.4653,-0.1251,0.022,,,,,,57e38a49dd5a891b,f8419fa0ebc0b336,,,,,
2026-08-11T09:26:04Z,2026-08-14,Bundesliga 2,Eintracht Braunschweig vs VfL Bochum,standard,1.82,1.85,OVER,AVOID,0.584,-,NO_BET,0.5047,0.5363,-0.1115,0.0316,1.46,,,,,3013ffffadfd3c8b,be39c471c0635e88,,,,,
2026-08-11T09:26:04Z,2026-08-14,Bundesliga 2,Holstein Kiel vs FC St. Pauli,standard,1.77,2.0,UNDER,AVOID,0.501,-,NO_BET,0.5336,0.5206,-0.1642,-0.0129,1.46,,,,,1c7825f2cb71ff8b,ec28593b53c25373,,,,,
2026-08-11T09:26:04Z,2026-08-16,Denmark Superliga,Randers FC vs FC Copenhagen,new_format,1.61,2.27,UNDER,AVOID,0.562,-,NO_BET,0.5931,0.5791,-0.1471,-0.014,78.0,,,,,21be22760e6744b1,b2501f0049e8ec5a,,,,,
2026-08-11T09:26:04Z,2026-08-17,Denmark Superliga,Brondby IF vs SonderjyskE,new_format,1.55,2.25,OVER,AVOID,0.608,-,NO_BET,0.6052,0.6066,-0.1367,0.0014,78.0,,,,,344f1a90eda6f34c,e59d198c9ca864f4,,,,,
2026-08-11T09:26:04Z,2026-08-14,Austrian Bundesliga,LASK vs Ried,new_format,1.72,2.08,UNDER,AVOID,0.517,-,NO_BET,0.5519,0.5364,-0.1612,-0.0155,-1.7,,,,,39065921fdb295db,9acb3d3189265572,,,,,
2026-08-11T09:26:04Z,2026-08-15,Austrian Bundesliga,Austria Lustenau vs Wolfsberger AC,new_format,1.92,1.85,OVER,VALUABLE,0.575,-,NO_BET,0.4898,0.5282,-0.0771,0.0384,-1.7,,,,,0240c0680a727270,9f178df97869c8f7,,,,,
2026-08-11T09:26:04Z,2026-08-15,Austrian Bundesliga,Sturm Graz vs Rheindorf Altach,new_format,1.86,1.91,UNDER,AVOID,0.5,-,NO_BET,0.5073,0.5041,-0.1514,-0.0032,-1.7,,,,,e115bc596cd4951a,9f7fa574b550ccec,,,,,
2026-08-11T09:26:04Z,2026-08-16,Austrian Bundesliga,Hartberg vs Austria Wien,new_format,1.97,1.78,OVER,VALUABLE,0.558,-,NO_BET,0.472,0.5108,-0.0869,0.0388,-1.7,,,,,bfd16d2077426830,2671278e4c6d283c,,,,,
2026-08-11T09:26:04Z,2026-08-16,Austrian Bundesliga,WSG Tirol vs RB Salzburg,new_format,1.58,2.33,UNDER,VALUABLE,0.467,-,NO_BET,0.6051,0.5428,-0.2209,-0.0623,-1.7,,,,,1165d28a3d73e9dd,0d87416d62de09b3,,,,,
2026-08-11T09:26:04Z,2026-08-16,Denmark Superliga,Lyngby vs FC Midtjylland,new_format,1.54,2.28,OVER,AVOID,0.609,-,NO_BET,0.6103,0.6098,-0.1375,-0.0006,78.0,,,,,4d228c56ab4f3ab8,346db55e884c85d0,,,,,
2026-08-11T09:26:04Z,2026-08-16,Austrian Bundesliga,Rapid Wien vs Grazer AK,new_format,1.85,1.92,UNDER,AVOID,0.459,-,NO_BET,0.5102,0.487,-0.1877,-0.0231,-1.7,,,,,d4a8d99b3caa3da3,496362ff8909c5ba,,,,,
2026-08-11T09:26:04Z,2026-08-15,Sweden Allsvenskan,Mjällby AIF vs IK Sirius,new_format,1.62,2.12,UNDER,VALUABLE,0.467,-,NO_BET,0.5762,0.5269,-0.2265,-0.0493,10.31,,,,,b3cf7c0d99a4d142,7d18f5ff133d41c9,,,,,
2026-08-11T09:26:04Z,2026-08-16,Sweden Allsvenskan,Djurgardens IF vs AIK,new_format,1.5,2.52,UNDER,SNIPER,0.461,-,NO_BET,0.6393,0.5592,-0.2368,-0.0801,10.31,,,,,00233355c3165229,d893fa40b9010532,,,,,
2026-08-11T09:26:04Z,2026-08-16,Sweden Allsvenskan,Degerfors IF vs IFK Goteborg,new_format,1.85,1.81,OVER,AVOID,0.502,-,NO_BET,0.4937,0.4974,-0.1685,0.0036,10.31,,,,,deeac210ff802376,cf0c749fb57de5c0,,,,,
2026-08-11T09:26:04Z,2026-08-16,Sweden Allsvenskan,IF Brommapojkarna vs Örgryte IS,new_format,1.61,2.12,UNDER,VALUABLE,0.467,-,NO_BET,0.5784,0.5281,-0.2294,-0.0503,10.31,,,,,8836feee6548c974,9bef22c1ef856ab6,,,,,
2026-08-11T09:26:04Z,2026-08-16,Sweden Allsvenskan,GAIS vs Malmo FF,new_format,1.57,2.16,UNDER,AVOID,0.551,-,NO_BET,0.5917,0.5736,-0.1775,-0.0181,10.31,,,,,871230115b09ceb6,cc041d995d5b0b68,,,,,
2026-08-11T09:26:04Z,2026-08-16,Sweden Allsvenskan,Kalmar FF vs Hammarby IF,new_format,1.61,2.12,UNDER,AVOID,0.523,-,NO_BET,0.5784,0.5534,-0.1886,-0.025,10.31,,,,,c0641770854786d2,f620621d2e9c5fac,,,,,
2026-08-11T09:26:04Z,2026-08-17,Sweden Allsvenskan,BK Hacken vs Halmstads BK,new_format,1.44,2.75,UNDER,SNIPER,0.467,-,NO_BET,0.6703,0.5787,-0.2399,-0.0916,10.31,,,,,03027765cb24e221,dcd1fa55ac5c16f8,,,,,
2026-08-11T09:26:04Z,2026-08-14,Sweden Allsvenskan,IF Elfsborg vs Västerås SK,new_format,1.72,1.95,UNDER,AVOID,0.467,-,NO_BET,0.536,0.5048,-0.2156,-0.0312,10.31,,,,,16301bd28b41b3ea,c6e95d888a6a3520,,,,,
2026-08-11T09:26:04Z,2026-08-15,Norway Eliteserien,KFUM vs Lillestrom,new_format,1.57,1.97,OVER,AVOID,0.567,-,NO_BET,0.5702,0.5688,-0.1851,-0.0014,77.41,,,,,ba196510a126566c,1c47efbf04cd529a,,,,,
2026-08-11T09:26:04Z,2026-08-16,Denmark Superliga,FC Nordsjaelland vs Silkeborg IF,new_format,1.39,2.95,UNDER,AVOID,0.669,-,NO_BET,0.696,0.684,-0.1191,-0.0119,78.0,,,,,9a2e918cba56aec1,2b1eb55041502b65,,,,,
2026-08-11T09:26:04Z,2026-08-14,Denmark Superliga,Viborg FF vs AGF Aarhus,new_format,1.61,2.14,UNDER,VALUABLE,0.478,-,NO_BET,0.5805,0.5346,-0.219,-0.0459,78.0,,,,,4e2c03edfe39aaba,41857c1fc4d792e2,,,,,
2026-08-11T09:26:04Z,2026-08-15,Bundesliga 2,Hertha Berlin vs 1. FC Heidenheim,standard,1.6,2.2,UNDER,AVOID,0.511,-,NO_BET,0.5888,0.5577,-0.1869,-0.0311,1.46,,,,,e78de37ecb60570c,f2365cfe9e2fa5c8,,,,,
2026-08-11T09:26:04Z,2026-08-15,Bundesliga 2,Greuther Fürth vs 1. FC Nürnberg,standard,1.68,2.14,UNDER,AVOID,0.55,-,NO_BET,0.566,0.5598,-0.1417,-0.0062,1.46,,,,,5d5f2fc6c97d7bbc,d3a17c5619693b88,,,,,
2026-08-11T09:26:04Z,2026-08-15,Bundesliga 2,1. FC Kaiserslautern vs Karlsruher SC,standard,1.52,2.35,UNDER,AVOID,0.582,-,NO_BET,0.6213,0.6054,-0.1556,-0.0159,1.46,,,,,a003b2a0a5bf62be,d21a3ccbcec31ead,,,,,
2026-08-11T09:26:04Z,2026-08-16,Bundesliga 2,Arminia Bielefeld vs FC Energie Cottbus,standard,1.55,2.25,UNDER,AVOID,0.549,-,NO_BET,0.6052,0.5828,-0.1739,-0.0224,1.46,,,,,b89ee6cbca29c0ed,841fb89729c14383,,,,,
2026-08-11T09:26:04Z,2026-08-16,Bundesliga 2,Dynamo Dresden vs SV Darmstadt 98,standard,1.59,2.17,UNDER,AVOID,0.584,-,NO_BET,0.5881,0.5863,-0.1464,-0.0018,1.46,,,,,2ece797dc7abaaff,2e08ec244d541a68,,,,,
2026-08-11T09:26:04Z,2026-08-14,La Liga 2,Real Sociedad B vs CD Castellón,standard,1.67,2.25,UNDER,AVOID,0.558,-,NO_BET,0.5788,0.5704,-0.1291,-0.0084,0.0,,,,,f34f0998c5cc4902,826a48692655fa69,,,,,
2026-08-11T09:26:04Z,2026-08-15,La Liga 2,Andorra CF vs AD Ceuta FC,standard,1.67,2.05,UNDER,VALUABLE,0.472,-,NO_BET,0.558,0.5235,-0.2077,-0.0345,0.0,,,,,88e58a6f9d6fbf88,b9e4649a02caafa3,,,,,
2026-08-11T09:26:04Z,2026-08-16,Denmark Superliga,OB Odense BK vs AC Horsens,new_format,1.74,2.05,UNDER,VALUABLE,0.467,-,NO_BET,0.5448,0.5097,-0.1978,-0.0352,78.0,,,,,922281b5ef6ded98,1e75ca685ea46d71,,,,,
2026-08-11T09:26:04Z,2026-08-15,La Liga 2,Cádiz CF vs Celta Vigo,standard,2.0,1.83,OVER,VALUABLE,0.559,-,NO_BET,0.4763,0.5094,-0.0753,0.0332,0.0,,,,,fa387d71bc873a17,13c74335d9ae7ed1,,,,,
2026-08-11T09:26:04Z,2026-08-15,La Liga 2,Mallorca vs Real Valladolid CF,standard,1.88,1.97,OVER,AVOID,0.557,-,NO_BET,0.5124,0.5302,-0.093,0.0178,0.0,,,,,a071345a758041ab,b68e4ec26f4ace45,,,,,
2026-08-11T09:26:04Z,2026-08-16,La Liga 2,SD Eibar vs Tenerife,standard,2.23,1.68,OVER,VALUABLE,0.52,-,NO_BET,0.425,0.4583,-0.0807,0.0332,0.0,,,,,434f77173337583b,ed52ba27928bdd27,,,,,
2026-08-11T09:26:04Z,2026-08-16,La Liga 2,Burgos CF vs Córdoba,standard,2.17,1.72,OVER,AVOID,0.49,-,NO_BET,0.4385,0.4565,-0.1097,0.0181,0.0,,,,,623327143882af4a,fe7a9b548fe8a73f,,,,,
2026-08-11T09:26:04Z,2026-08-16,La Liga 2,Girona FC vs Leganés,standard,2.03,1.82,OVER,VALUABLE,0.558,-,NO_BET,0.471,0.5014,-0.0776,0.0304,0.0,,,,,5602e3c3b2b27fb4,3e16973e61fecee0,,,,,
2026-08-11T09:26:04Z,2026-08-16,La Liga 2,Las Palmas vs Albacete,standard,1.91,1.94,UNDER,AVOID,0.452,-,NO_BET,0.5041,0.4834,-0.1676,-0.0207,0.0,,,,,c9077c0b6242392f,b246d11add764134,,,,,
2026-08-11T09:26:04Z,2026-08-17,La Liga 2,Sporting Gijón vs Sabadell FC,standard,2.15,1.73,OVER,VALUABLE,0.558,-,NO_BET,0.4424,0.4829,-0.0616,0.0405,0.0,,,,,81c78f86c9a66229,af37d75aa52dc5e9,,,,,
2026-08-11T09:26:04Z,2026-08-17,La Liga 2,Almería vs CD Eldense,standard,1.62,2.35,UNDER,AVOID,0.558,-,NO_BET,0.5979,0.5819,-0.1371,-0.016,0.0,,,,,d88f1cfd27d30207,dbaa3b1a4ebce677,,,,,
2026-08-11T09:26:04Z,2026-08-15,La Liga 2,Oviedo vs Granada CF,standard,1.94,1.91,UNDER,AVOID,0.469,-,NO_BET,0.4959,0.4851,-0.1509,-0.0108,0.0,,,,,164713a44d6d691e,1f1c3ab6e79e0043,,,,,
2026-08-11T09:26:04Z,2026-08-17,USA MLS,Seattle Sounders FC vs Vancouver Whitecaps FC,new_format,1.57,2.3,OVER,AVOID,0.617,-,NO_BET,0.6048,0.6102,-0.1197,0.0053,40.82,,,,,ae98893c327bd184,781424bdcf126195,,,,,
2026-08-11T20:29:38Z,2026-08-15,Finland Veikkausliiga,FC Lahti vs KuPS Kuopio,new_format,1.95,1.88,OVER,AVOID,0.505,-,NO_BET,0.4902,0.4968,-0.1236,0.0066,12.81,True,,NO_BET,9.0,9faab61a27ea2a62,51c46d869b5d096c,,,,,
2026-08-11T20:29:38Z,2026-08-15,Finland Veikkausliiga,AC Oulu vs FC Inter Turku,new_format,1.99,1.85,OVER,AVOID,0.499,-,NO_BET,0.4806,0.489,-0.1208,0.0084,12.81,True,,NO_BET,9.0,52de1ea5039972ec,ccde493b607607ff,,,,,
2026-08-11T23:25:22Z,2026-08-12,Argentina Primera Division,Talleres vs Lanus,new_format,2.75,1.44,OVER,VALUABLE,0.421,-,NO_BET,0.3297,0.3617,-0.1257,0.032,-60.71,True,,NO_BET,1.0,cc923ec000b66625,ec5a106acc181b67,,,,,
2026-08-14T09:30:08Z,2026-08-14,Japan J-League,Tokyo Verdy vs Kashiwa Reysol,new_format,2.2,1.6,OVER,VALUABLE,0.506,-,NO_BET,0.4112,0.4445,-0.1236,0.0333,0.0,True,,NO_BET,2.0,afc51152a5dec921,cf323887dc441665,,,,,
2026-08-14T11:33:34Z,2026-08-14,China Super League,Shandong Luneng Taishan FC vs Qingdao Hainiu FC,new_format,1.32,3.1,UNDER,VALUABLE,0.577,-,NO_BET,0.7271,0.6595,-0.1973,-0.0676,-4.58,True,,NO_BET,3.0,81df0ec60f877298,b1bd2404d99ae220,,,,,
2026-08-14T11:33:34Z,2026-08-14,China Super League,Wuhan Three Towns vs Shanghai SIPG FC,new_format,1.52,2.35,OVER,AVOID,0.618,-,NO_BET,0.6213,0.6199,-0.1333,-0.0014,-4.58,True,,NO_BET,3.0,6f2b8b899fbe0b9a,afafd8400937c726,,,,,
2026-08-14T11:33:34Z,2026-08-14,China Super League,Qingdao West Coast FC vs Chongqing Tonglianglong FC,new_format,2.44,1.57,OVER,VALUABLE,0.52,-,NO_BET,0.3838,0.4315,-0.0573,0.0477,-4.58,True,,NO_BET,3.0,8a24f804bb2b2078,53e141eed1c8ca7e,,,,,
2026-08-14T15:11:11Z,2026-08-14,Finland Veikkausliiga,VPS Vaasa vs TPS Turku,new_format,1.68,2.0,UNDER,AVOID,0.534,-,NO_BET,0.5501,0.543,-0.17,-0.007,12.81,True,,NO_BET,9.0,51ca30ed8dd8dd2a,330f84ee53ced0a8,,,,,
2026-08-14T16:09:21Z,2026-08-14,Bundesliga 2,Eintracht Braunschweig vs VfL Bochum,standard,1.65,2.1,OVER,AVOID,0.581,-,NO_BET,0.5677,0.5732,-0.1352,0.0055,1.46,True,,NO_BET,12.0,3013ffffadfd3c8b,9327a1ea2f64cd70,,,,,
2026-08-14T16:09:21Z,2026-08-14,Bundesliga 2,Holstein Kiel vs FC St. Pauli,standard,1.67,2.15,UNDER,AVOID,0.503,-,NO_BET,0.569,0.5425,-0.1759,-0.0265,1.46,True,,NO_BET,12.0,1c7825f2cb71ff8b,a4a1892c13db5051,,,,,
2026-08-14T17:16:35Z,2026-08-14,Austrian Bundesliga,LASK vs Ried,new_format,1.55,2.4,UNDER,VALUABLE,0.528,-,NO_BET,0.6178,0.5773,-0.1824,-0.0405,-1.7,True,,NO_BET,3.0,39065921fdb295db,c9b273d3ed98ccc8,,,,,
2026-08-14T17:16:35Z,2026-08-14,Sweden Allsvenskan,IF Elfsborg vs Västerås SK,new_format,1.64,2.08,UNDER,AVOID,0.488,-,NO_BET,0.5676,0.5316,-0.209,-0.036,10.31,True,,NO_BET,8.0,16301bd28b41b3ea,4c4a1c0ead5f33a1,,,,,
2026-08-14T17:16:35Z,2026-08-14,Denmark Superliga,Viborg FF vs AGF Aarhus,new_format,1.54,2.27,UNDER,AVOID,0.52,-,NO_BET,0.6094,0.5693,-0.2002,-0.0402,78.0,True,,NO_BET,3.0,4e2c03edfe39aaba,c20d14a788e35385,,,,,
2026-08-14T17:16:35Z,2026-08-14,Norway Eliteserien,Rosenborg vs Viking FK,new_format,1.49,2.58,UNDER,AVOID,0.591,-,NO_BET,0.646,0.6215,-0.1486,-0.0246,77.41,True,,NO_BET,2.0,3a8f884acde06100,c712f75f947614e4,,,,,
2026-08-14T18:10:24Z,2026-08-14,La Liga 2,Real Sociedad B vs CD Castellón,standard,1.64,2.31,UNDER,AVOID,0.558,-,NO_BET,0.5903,0.5773,-0.1338,-0.013,0.0,True,,NO_BET,2.0,f34f0998c5cc4902,026e3dc9e0f3d9b7,,,,,
2026-08-14T19:23:50Z,2026-08-14,Championship,Wolverhampton Wanderers vs Blackburn Rovers,standard,1.94,1.95,OVER,AVOID,0.513,-,NO_BET,0.5013,0.5059,-0.1105,0.0046,,True,,NO_BET,,76793fd4e6ac3ea5,8738cbfd98c18096,,,,,
2026-08-14T23:07:54Z,2026-08-14,Argentina Primera Division,Racing Club vs Banfield,new_format,2.18,1.69,UNDER,AVOID,0.395,-,NO_BET,0.4318,0.4189,-0.1873,-0.013,-60.71,True,,NO_BET,1.0,b522d01001e4e3a1,a3e059878d63359a,,,,,
2026-08-15T08:49:46Z,2026-08-15,Japan J-League,Mito HollyHock vs Gamba Osaka,new_format,2.17,1.7,OVER,AVOID,0.457,-,NO_BET,0.4348,0.4424,-0.1403,0.0077,0.0,True,,NO_BET,2.0,79ad202e125fa2db,56922a313f744dbe,,,,,
2026-08-15T08:49:46Z,2026-08-15,Japan J-League,Kashima Antlers vs Nagoya Grampus,new_format,1.82,1.88,UNDER,AVOID,0.478,-,NO_BET,0.5091,0.4952,-0.1863,-0.0139,0.0,True,,NO_BET,2.0,54754330c4bc7819,a57c6e324c35b866,,,,,
2026-08-15T09:12:22Z,2026-08-15,Japan J-League,Shimizu S Pulse vs Yokohama F Marinos,new_format,2.05,1.78,OVER,VALUABLE,0.537,-,NO_BET,0.4621,0.4883,-0.0951,0.0262,0.0,True,,NO_BET,2.0,aa16867efffd0fe1,ae5538787c8943e0,,,,,
2026-08-15T09:45:33Z,2026-08-15,Japan J-League,Urawa Red Diamonds vs Hiroshima Sanfrecce FC,new_format,1.82,2.0,UNDER,AVOID,0.505,-,NO_BET,0.5253,0.5163,-0.1479,-0.0091,0.0,True,,NO_BET,2.0,53d969db0a3c7c7a,b506fb4c2b6def83,,,,,
2026-08-15T09:45:33Z,2026-08-15,Japan J-League,Kawasaki Frontale vs Kyoto Purple Sanga,new_format,1.78,1.92,OVER,AVOID,0.53,-,NO_BET,0.5214,0.5254,-0.1509,0.004,0.0,True,,NO_BET,2.0,77439553304decfc,29e2efa45e83adf6,,,,,
2026-08-15T09:45:33Z,2026-08-15,Japan J-League,Fagiano Okayama vs V-Varen Nagasaki,new_format,1.98,1.72,OVER,AVOID,0.479,-,NO_BET,0.4601,0.4684,-0.166,0.0083,0.0,True,,NO_BET,2.0,210db12837c2ea80,6086538a4b24401e,,,,,
2026-08-15T09:45:33Z,2026-08-15,Japan J-League,JEF United Chiba vs FC Machida Zelvia,new_format,2.15,1.62,UNDER,AVOID,0.417,-,NO_BET,0.4206,0.4192,-0.1981,-0.0014,0.0,True,,NO_BET,2.0,6ed44afd01c3364d,80378ba1b19866e1,,,,,
2026-08-15T09:45:33Z,2026-08-15,Japan J-League,Vissel Kobe vs FC Tokyo,new_format,2.17,1.7,UNDER,AVOID,0.408,-,NO_BET,0.4348,0.4252,-0.1774,-0.0095,0.0,True,,NO_BET,2.0,7711c84844f12dcc,352394d14ef52461,,,,,
2026-08-15T09:45:33Z,2026-08-15,Japan J-League,Avispa Fukuoka vs Cerezo Osaka,new_format,2.05,1.78,OVER,VALUABLE,0.553,-,NO_BET,0.4621,0.4938,-0.0839,0.0317,0.0,True,,NO_BET,2.0,22df12042223282e,4d636953c9da4a0d,,,,,
2026-08-15T11:02:28Z,2026-08-15,Bundesliga 2,Greuther Fürth vs 1. FC Nürnberg,standard,1.69,2.2,UNDER,AVOID,0.547,-,NO_BET,0.5701,0.561,-0.1344,-0.0091,1.46,True,,NO_BET,12.0,5d5f2fc6c97d7bbc,78150f7db137b835,,,,,
2026-08-15T11:02:28Z,2026-08-15,Bundesliga 2,Hertha Berlin vs 1. FC Heidenheim,standard,1.55,2.3,UNDER,VALUABLE,0.512,-,NO_BET,0.6096,0.5707,-0.1927,-0.0389,1.46,True,,NO_BET,12.0,e78de37ecb60570c,22328764c2f914ae,,,,,
2026-08-15T11:02:28Z,2026-08-15,Bundesliga 2,VfL Osnabrück vs 1. FC Magdeburg,standard,1.52,2.32,UNDER,AVOID,0.584,-,NO_BET,0.6188,0.6049,-0.1564,-0.0139,1.46,True,,NO_BET,12.0,e578ef2132d81326,3ad93691a85e9730,,,,,
2026-08-15T11:02:28Z,2026-08-15,China Super League,Liaoning Tieren FC vs Shenzhen Peng City FC,new_format,1.65,2.1,OVER,AVOID,0.642,-,NO_BET,0.5677,0.601,-0.089,0.0333,-4.58,True,,NO_BET,3.0,bbe7f7a1669308ac,8af3810fecc6c8ec,,,,,
2026-08-15T11:39:36Z,2026-08-15,League One,Reading vs Luton,standard,1.89,1.91,UNDER,AVOID,0.452,-,NO_BET,0.5028,0.4825,-0.1783,-0.0204,0.11,True,,NO_BET,4.0,3708a0ae6fc33e3e,7db22d787033c762,,,,,
2026-08-15T11:39:36Z,2026-08-15,Championship,Bolton Wanderers vs Preston North End,standard,2.08,1.8,OVER,AVOID,0.496,-,NO_BET,0.462,0.4739,-0.1114,0.0119,,True,,NO_BET,,bb61704aa8d7dfad,0866ea2f8a7f3ac6,,,,,
2026-08-15T11:39:36Z,2026-08-15,League One,Notts County vs Leicester City,standard,1.97,1.83,OVER,AVOID,0.524,-,NO_BET,0.4801,0.4976,-0.1129,0.0175,0.11,True,,NO_BET,4.0,f24568d422d68ac0,8c5842c7613b9b1e,,,,,
2026-08-15T11:39:36Z,2026-08-15,League One,Oxford United vs Milton Keynes Dons,standard,2.11,1.73,OVER,AVOID,0.457,-,NO_BET,0.4466,0.4502,-0.1482,0.0036,0.11,True,,NO_BET,4.0,59324c6e18d2ca1d,315c5de8c06d8860,,,,,
2026-08-15T11:39:36Z,2026-08-15,League Two,Newport County vs Rochdale,standard,1.93,1.75,OVER,AVOID,0.49,-,NO_BET,0.4721,0.4792,-0.1668,0.0071,,True,,NO_BET,,43aff287bb034dee,8453fdf2745640bb,,,,,
2026-08-15T11:39:36Z,2026-08-15,China Super League,Tianjin Jinmen Tiger FC vs Beijing FC,new_format,1.62,2.2,UNDER,AVOID,0.571,-,NO_BET,0.5844,0.5786,-0.1425,-0.0058,-4.58,True,,NO_BET,3.0,dd4beb31d3bf8a71,79a44b1ac9251296,,,,,
2026-08-15T11:39:36Z,2026-08-15,League Two,Oldham Athletic vs Port Vale,standard,2.08,1.64,OVER,AVOID,0.479,-,NO_BET,0.4324,0.4486,-0.1639,0.0162,,True,,NO_BET,,5929f23f64e34951,755dc5c8b1469311,,,,,
2026-08-15T11:39:36Z,2026-08-15,China Super League,Zhejiang vs Chengdu Rongcheng FC,new_format,1.42,2.68,UNDER,VALUABLE,0.562,-,NO_BET,0.6724,0.6229,-0.1874,-0.0495,-4.58,True,,NO_BET,3.0,6e3922c7f5dfcede,397e8c77d0240d62,,,,,
2026-08-15T12:01:21Z,2026-08-15,China Super League,Shanghai Shenhua FC vs Henan FC,new_format,1.41,2.72,UNDER,VALUABLE,0.576,-,NO_BET,0.6778,0.6319,-0.1804,-0.0459,-4.58,True,,NO_BET,3.0,e02d2fd63b91d2d3,e388f028057f446e,,,,,
2026-08-15T12:01:21Z,2026-08-15,China Super League,Yunnan Yukun vs Dalian Yingbo,new_format,1.34,2.95,UNDER,AVOID,0.648,-,NO_BET,0.7132,0.6838,-0.1518,-0.0294,-4.58,True,,NO_BET,3.0,1ec5fcd0f27a14a4,8e329ba8be00f872,,,,,
2026-08-15T13:03:42Z,2026-08-15,Sweden Allsvenskan,Mjällby AIF vs IK Sirius,new_format,1.64,2.08,UNDER,VALUABLE,0.461,-,NO_BET,0.5676,0.5194,-0.229,-0.0482,10.31,True,,NO_BET,8.0,b3cf7c0d99a4d142,393c4f943df8a038,,,,,
2026-08-15T15:02:10Z,2026-08-15,League Two,Barnet vs Salford City,standard,1.92,1.76,OVER,AVOID,0.517,-,NO_BET,0.4752,0.4919,-0.1467,0.0167,,True,,NO_BET,,aec223d5686cecea,3da6224e0a6e63d7,,,,,
2026-08-15T15:02:10Z,2026-08-15,League One,Plymouth Argyle vs Stockport County FC,standard,1.76,2.03,UNDER,AVOID,0.478,-,NO_BET,0.5389,0.5145,-0.1799,-0.0245,0.11,True,,NO_BET,4.0,a9b41ae9286b50ee,d72725570da72a7d,,,,,
2026-08-15T15:02:10Z,2026-08-15,La Liga 2,Andorra CF vs AD Ceuta FC,standard,1.72,1.97,UNDER,AVOID,0.471,-,NO_BET,0.5386,0.5117,-0.2037,-0.0269,0.0,True,,NO_BET,2.0,88e58a6f9d6fbf88,6497d3d93c65a003,,,,,
2026-08-15T15:02:10Z,2026-08-15,Championship,Portsmouth vs Queens Park Rangers,standard,2.19,1.65,OVER,AVOID,0.459,-,NO_BET,0.4229,0.4354,-0.1474,0.0125,,True,,NO_BET,,0af05f956092948b,c4d704cbfe3d101d,,,,,
2026-08-15T15:02:10Z,2026-08-15,Championship,Charlton Athletic vs Derby County,standard,2.21,1.64,OVER,AVOID,0.469,-,NO_BET,0.4189,0.4364,-0.1372,0.0175,,True,,NO_BET,,d5b669f5c3cb814e,59a611e489170f0d,,,,,
2026-08-15T15:02:10Z,2026-08-15,League One,Burton Albion vs Stevenage,standard,2.31,1.59,OVER,VALUABLE,0.473,-,NO_BET,0.3989,0.4249,-0.1239,0.026,0.11,True,,NO_BET,4.0,d8d35cf3ddce32a9,4fbd9917c537e418,,,,,
2026-08-15T15:02:10Z,2026-08-15,League Two,York City vs Bristol Rovers,standard,2.04,1.74,OVER,AVOID,0.526,-,NO_BET,0.4564,0.4806,-0.1154,0.0242,,True,,NO_BET,,d5957ccf87c6049e,81d6751e8cd33e1d,,,,,
2026-08-15T15:02:10Z,2026-08-15,League Two,Gillingham vs Walsall,standard,2.02,1.75,OVER,AVOID,0.482,-,NO_BET,0.4605,0.4679,-0.1497,0.0074,,True,,NO_BET,,e6f5b7d16d83114a,73ce394c14e52f74,,,,,
2026-08-15T15:02:10Z,2026-08-15,League Two,Northampton Town vs Swindon Town,standard,1.89,1.86,UNDER,AVOID,0.495,-,NO_BET,0.4956,0.4954,-0.1538,-0.0001,,True,,NO_BET,,ece7fc6c790ac6bd,afa5887d53ca584d,,,,,
2026-08-15T15:02:10Z,2026-08-15,Championship,Middlesbrough vs Lincoln City,standard,1.77,2.01,UNDER,AVOID,0.474,-,NO_BET,0.5348,0.5104,-0.1824,-0.0244,,True,,NO_BET,,3276b96b906d5673,fd4535993e048aef,,,,,
2026-08-15T15:02:10Z,2026-08-15,League One,Barnsley vs Bromley FC,standard,1.79,1.99,UNDER,AVOID,0.473,-,NO_BET,0.5289,0.5064,-0.18,-0.0226,0.11,True,,NO_BET,4.0,e8562d9a54df9ed6,222063c05b48cb82,,,,,
2026-08-15T15:02:10Z,2026-08-15,League One,Leyton Orient vs Sheffield Wednesday,standard,1.88,1.89,OVER,AVOID,0.513,-,NO_BET,0.5015,0.5062,-0.1382,0.0047,0.11,True,,NO_BET,4.0,bd0e89bfce9378b2,b46a7ae95474f6e7,,,,,
2026-08-15T15:02:10Z,2026-08-15,League Two,Accrington Stanley vs Colchester United,standard,2.06,1.72,OVER,AVOID,0.483,-,NO_BET,0.4504,0.462,-0.1447,0.0116,,True,,NO_BET,,6b76c8620c8ae562,7f0f2bc2de66cdad,,,,,
2026-08-15T15:02:10Z,2026-08-15,League One,Huddersfield Town vs Wimbledon,standard,1.69,2.01,UNDER,AVOID,0.538,-,NO_BET,0.5493,0.5447,-0.1621,-0.0046,0.11,True,,NO_BET,4.0,a7ce408e8342efe8,15d99791aafd734f,,,,,
2026-08-15T15:02:10Z,2026-08-15,Norway Eliteserien,KFUM vs Lillestrom,new_format,1.57,1.97,OVER,AVOID,0.571,-,NO_BET,0.5702,0.5706,-0.1822,0.0004,64.4,True,,NO_BET,18.0,ba196510a126566c,52725da12bdab030,,,,,
2026-08-15T15:02:10Z,2026-08-15,League One,Bradford City vs Peterborough United,standard,1.67,2.17,UNDER,AVOID,0.534,-,NO_BET,0.5711,0.5562,-0.1529,-0.0148,0.11,True,,NO_BET,4.0,1da34268ee7d4801,7add65666752e8d0,,,,,
2026-08-15T15:02:10Z,2026-08-15,League Two,Crawley Town vs Crewe Alexandra,standard,1.9,1.77,OVER,AVOID,0.514,-,NO_BET,0.4797,0.4935,-0.1529,0.0137,,True,,NO_BET,,30b6fd79a321798a,967d656144caac98,,,,,
2026-08-15T15:02:10Z,2026-08-15,Championship,Norwich City vs West Bromwich Albion,standard,1.94,1.83,OVER,AVOID,0.512,-,NO_BET,0.484,0.4952,-0.1314,0.0112,,True,,NO_BET,,5fff19fb6a9c268a,530e3fefc9c6a798,,,,,
2026-08-15T15:02:10Z,2026-08-15,League One,Cambridge United vs Wigan Athletic,standard,2.13,1.69,OVER,AVOID,0.484,-,NO_BET,0.437,0.4533,-0.1334,0.0163,0.11,True,,NO_BET,4.0,53a00cd8c0b761ab,f398aa291c9e121b,,,,,
2026-08-15T15:02:10Z,2026-08-15,League One,Blackpool vs Wycombe Wanderers,standard,1.9,1.87,OVER,AVOID,0.501,-,NO_BET,0.4956,0.4977,-0.1448,0.0021,0.11,True,,NO_BET,4.0,5b63c5fb7710f1a8,2db86fdeeb4800f4,,,,,
2026-08-15T15:02:10Z,2026-08-15,Austrian Bundesliga,Austria Lustenau vs Wolfsberger AC,new_format,1.78,2.0,OVER,AVOID,0.58,-,NO_BET,0.5319,0.5536,-0.1005,0.0218,15.01,True,,NO_BET,8.0,0240c0680a727270,3d80cd355890199f,,,,,
2026-08-15T15:02:10Z,2026-08-15,League One,Mansfield Town vs Doncaster Rovers,standard,1.83,1.94,UNDER,AVOID,0.502,-,NO_BET,0.516,0.5105,-0.1537,-0.0055,0.11,True,,NO_BET,4.0,46e1f6fdaa2868a5,16f8cbde1d0a24e4,,,,,
2026-08-15T15:02:10Z,2026-08-15,League Two,Chesterfield FC vs Fleetwood Town,standard,2.01,1.76,OVER,AVOID,0.49,-,NO_BET,0.4635,0.4727,-0.1444,0.0092,,True,,NO_BET,,d23a7610a2f614d0,c07f584d56a2d8e0,,,,,
2026-08-15T15:02:10Z,2026-08-15,League Two,Cheltenham Town vs Rotherham United,standard,1.97,1.79,UNDER,AVOID,0.472,-,NO_BET,0.4736,0.4729,-0.1615,-0.0007,,True,,NO_BET,,8a682a1b36a525d9,23a510348f0df9b3,,,,,
2026-08-15T15:02:10Z,2026-08-15,Championship,Stoke City vs Swansea City,standard,1.94,1.83,OVER,AVOID,0.487,-,NO_BET,0.484,0.4851,-0.1509,0.0011,,True,,NO_BET,,a4360ad8764aaae5,bf7fec1cb389c6d7,,,,,
2026-08-15T15:02:10Z,2026-08-15,League Two,Tranmere Rovers vs Shrewsbury Town,standard,2.08,1.71,OVER,AVOID,0.506,-,NO_BET,0.4463,0.4672,-0.1254,0.0209,,True,,NO_BET,,57e38a49dd5a891b,e4bb9a8132355b95,,,,,
2026-08-15T15:02:10Z,2026-08-15,Championship,Bristol City vs Millwall,standard,1.91,1.86,OVER,AVOID,0.503,-,NO_BET,0.4927,0.4968,-0.1421,0.004,,True,,NO_BET,,8d14d86f3816ac26,5fc2baf47e132278,,,,,
2026-08-15T15:02:10Z,2026-08-15,League Two,Grimsby Town vs Exeter City,standard,1.84,1.83,UNDER,AVOID,0.484,-,NO_BET,0.4984,0.4928,-0.1816,-0.0056,,True,,NO_BET,,515d4d90923f3655,e91383777b703ab6,,,,,
2026-08-15T16:01:42Z,2026-08-15,Finland Veikkausliiga,IFK Mariehamn vs SJK Seinäjoki,new_format,1.43,2.5,UNDER,VALUABLE,0.515,-,NO_BET,0.6579,0.5935,-0.224,-0.0644,26.98,True,,NO_BET,22.0,85bc83fa7425f548,2d03d0514be0e868,,,,,
2026-08-15T16:45:48Z,2026-08-15,Championship,Sheffield United vs Birmingham City,standard,2.19,1.73,OVER,AVOID,0.473,-,NO_BET,0.4383,0.4503,-0.1149,0.012,,True,,NO_BET,,789b92abe26dc309,f4488d82f6343fa6,,,,,
2026-08-15T17:08:36Z,2026-08-15,La Liga 2,Oviedo vs Granada CF,standard,2.4,1.6,OVER,VALUABLE,0.47,-,NO_BET,0.3937,0.4206,-0.0992,0.0268,0.0,True,,NO_BET,2.0,164713a44d6d691e,44a9d0506ba89313,,,,,
2026-08-15T17:08:36Z,2026-08-15,La Liga 2,Cádiz CF vs Celta Vigo,standard,1.95,1.92,OVER,AVOID,0.508,-,NO_BET,0.4959,0.5007,-0.116,0.0048,0.0,True,,NO_BET,2.0,fa387d71bc873a17,01a0c3cb97d18ed5,,,,,
2026-08-15T17:40:19Z,2026-08-15,Argentina Primera Division,Aldosivi Mar del Plata vs CA Tigre BA,new_format,3.2,1.34,OVER,VALUABLE,0.374,-,NO_BET,0.2764,0.3106,-0.1408,0.0342,-43.51,True,,NO_BET,7.0,a2266a8f88771fd3,bde757473b645f5c,,,,,
2026-08-15T17:40:19Z,2026-08-15,Austrian Bundesliga,Sturm Graz vs Rheindorf Altach,new_format,1.72,2.08,OVER,AVOID,0.558,-,NO_BET,0.5519,0.5548,-0.1295,0.0029,15.01,True,,NO_BET,8.0,e115bc596cd4951a,63197a020fe9f050,,,,,
2026-08-15T17:40:19Z,2026-08-21,Ireland Premier Division,Shamrock Rovers vs Shelbourne Dublin,new_format,1.92,1.89,OVER,AVOID,0.508,-,NO_BET,0.4958,0.5012,-0.129,0.0054,-4.82,True,,NO_BET,19.0,63ff4b19b5e501f8,f5c15566f64a285e,,,,,
2026-08-15T17:40:19Z,2026-08-15,Argentina Primera Division,San Lorenzo vs Union Santa Fe,new_format,2.5,1.53,OVER,AVOID,0.427,-,NO_BET,0.3698,0.3898,-0.1373,0.02,-43.51,True,,NO_BET,7.0,e8ebbcf4beb8a596,884e0fbb20e94946,,,,,
2026-08-15T18:00:40Z,2026-08-15,Bundesliga 2,1. FC Kaiserslautern vs Karlsruher SC,standard,1.52,2.32,UNDER,MARKSMAN,0.526,-,NO_BET,0.6188,0.5817,-0.1918,-0.0371,2.89,True,,NO_BET,15.0,a003b2a0a5bf62be,761827ad19b6d956,,,,,
2026-08-15T19:11:01Z,2026-08-15,La Liga 2,Mallorca vs Real Valladolid CF,standard,1.89,1.96,OVER,AVOID,0.516,-,NO_BET,0.5096,0.5123,-0.1219,0.0027,0.0,True,,NO_BET,2.0,a071345a758041ab,02c7eada81e70df5,,,,,
2026-08-15T19:11:01Z,2026-08-15,Brazil Serie A,Fluminense vs Palmeiras,new_format,2.27,1.66,OVER,MARKSMAN,0.52,-,NO_BET,0.4174,0.4532,-0.0753,0.0359,2.81,True,,NO_BET,34.0,434870a67ec8a879,fd2b89a001ae2a50,,,,,
2026-08-15T19:40:50Z,2026-08-15,Argentina Primera Division,Estudiantes vs Gimnasia La Plata,new_format,2.68,1.46,OVER,AVOID,0.456,-,NO_BET,0.3395,0.3804,-0.0988,0.0409,-43.51,True,,NO_BET,7.0,f15685943c42974d,499493dbb0fdcffb,,,,,
2026-08-15T21:39:55Z,2026-08-15,Brazil Serie A,Atletico Paranaense vs Bragantino-SP,new_format,2.2,1.62,OVER,AVOID,0.458,-,NO_BET,0.4156,0.4303,-0.1547,0.0147,2.81,True,,NO_BET,34.0,7ee6a3bf0c32ae2f,96925110bf776f59,,,,,
2026-08-15T22:00:41Z,2026-08-15,Argentina Primera Division,Newells Old Boys vs Deportivo Riestra,new_format,3.25,1.32,OVER,VALUABLE,0.405,-,NO_BET,0.2672,0.3155,-0.1115,0.0483,-43.51,True,,NO_BET,7.0,6f7d76b30e9f0d78,15b3fa2785674d62,,,,,
2026-08-15T22:00:41Z,2026-08-15,Argentina Primera Division,Belgrano de Cordoba vs Independiente Rivadavia,new_format,2.43,1.47,OVER,AVOID,0.415,-,NO_BET,0.3589,0.3787,-0.1889,0.0197,-43.51,True,,NO_BET,7.0,cc277ad823fabef2,101e202e5a81b5fd,,,,,
2026-08-15T23:02:08Z,2026-08-15,Mexico Liga MX,Atlante FC vs Toluca,new_format,1.62,2.1,OVER,AVOID,0.572,-,NO_BET,0.5741,0.5731,-0.1514,-0.001,13.86,True,,NO_BET,29.0,d25b09e84d30f2c3,e157c6c42457ba8d,,,,,
2026-08-15T23:39:34Z,2026-08-15,USA MLS,Atlanta United FC vs New York Red Bulls,new_format,1.36,2.8,UNDER,AVOID,0.538,-,NO_BET,0.6988,0.6265,-0.2176,-0.0723,78.16,True,,NO_BET,34.0,afdeb2fa75e3d20d,c82b3fd670c1d6eb,,,,,
2026-08-15T23:39:34Z,2026-08-15,USA MLS,CF Montreal vs D.C. United,new_format,1.71,2.15,UNDER,AVOID,0.499,-,NO_BET,0.5613,0.5334,-0.1713,-0.0279,78.16,True,,NO_BET,34.0,e59f08836fd107c6,7eac306afea6c156,,,,,
2026-08-15T23:39:34Z,2026-08-15,USA MLS,Orlando City SC vs FC Cincinnati,new_format,1.3,3.3,UNDER,MARKSMAN,0.651,-,NO_BET,0.7423,0.7012,-0.1549,-0.0411,78.16,True,,NO_BET,34.0,4bfa48035a872fd9,fd632d94a7811797,,,,,
2026-08-15T23:39:34Z,2026-08-15,USA MLS,Charlotte FC vs Columbus Crew SC,new_format,1.69,2.2,OVER,AVOID,0.585,-,NO_BET,0.5701,0.5769,-0.1074,0.0068,78.16,True,,NO_BET,34.0,f9ef01cc71ed9b6b,403d5df42bbf2def,,,,,
2026-08-15T23:39:34Z,2026-08-15,USA MLS,Toronto FC vs New England Revolution,new_format,1.62,2.2,UNDER,AVOID,0.533,-,NO_BET,0.5844,0.5611,-0.171,-0.0233,78.16,True,,NO_BET,34.0,8f417a288fed4928,2f5fd62d4355d7a7,,,,,
2026-08-16T00:01:35Z,2026-08-16,USA MLS,Houston Dynamo vs LA Galaxy,new_format,1.62,2.2,UNDER,AVOID,0.521,-,NO_BET,0.5844,0.5559,-0.1794,-0.0285,78.16,True,,NO_BET,34.0,6d07345906cf6128,094a946f4b8cd241,,,,,
2026-08-16T00:01:35Z,2026-08-16,USA MLS,Real Salt Lake vs Minnesota United FC,new_format,1.57,2.25,UNDER,AVOID,0.592,-,NO_BET,0.6004,0.5966,-0.1412,-0.0038,78.16,True,,NO_BET,34.0,01d41c1a972aaf53,7444519a3f5d6de7,,,,,
2026-08-16T00:01:35Z,2026-08-16,USA MLS,Nashville SC vs Inter Miami CF,new_format,1.44,2.62,UNDER,AVOID,0.602,-,NO_BET,0.6627,0.6356,-0.1573,-0.0271,78.16,True,,NO_BET,34.0,83b9df6e8a10cbca,8c47facd73f4193b,,,,,
2026-08-16T00:01:35Z,2026-08-16,Brazil Serie A,Sao Paulo vs Coritiba,new_format,2.06,1.77,OVER,AVOID,0.483,-,NO_BET,0.4592,0.4674,-0.1336,0.0081,2.81,True,,NO_BET,34.0,01bb552a1cbca3c9,e96a631ef1726d77,,,,,
2026-08-16T00:01:35Z,2026-08-16,Mexico Liga MX,Monterrey vs FC Juárez,new_format,1.5,2.4,UNDER,AVOID,0.612,-,NO_BET,0.6305,0.6222,-0.1416,-0.0083,13.86,True,,NO_BET,29.0,19926ec68647b3e0,6c0772d874f24793,,,,,
2026-08-16T00:01:35Z,2026-08-16,USA MLS,Los Angeles FC vs San Diego FC,new_format,1.44,2.62,UNDER,AVOID,0.591,-,NO_BET,0.6627,0.6303,-0.165,-0.0324,78.16,True,,NO_BET,34.0,b6a269153822af67,344ee872d566de2a,,,,,
2026-08-16T00:01:35Z,2026-08-16,USA MLS,San Jose Earthquakes vs St. Louis City SC,new_format,1.44,2.5,UNDER,AVOID,0.607,-,NO_BET,0.6549,0.6331,-0.1609,-0.0217,78.16,True,,NO_BET,34.0,020b31e92e649e43,6b60ec401ad77934,,,,,
2026-08-16T00:01:35Z,2026-08-16,Mexico Liga MX,Atlas vs Tigres,new_format,2.11,1.69,OVER,VALUABLE,0.52,-,NO_BET,0.4391,0.4675,-0.1118,0.0284,13.86,True,,NO_BET,29.0,54fd93384c720877,9106c1555ef8c62a,,,,,
2026-08-16T00:01:35Z,2026-08-16,USA MLS,Colorado Rapids vs Sporting Kansas City,new_format,1.4,2.7,UNDER,AVOID,0.638,-,NO_BET,0.6799,0.6612,-0.1451,-0.0187,78.16,True,,NO_BET,34.0,de805d03795990e2,84db0d498391d166,,,,,
2026-08-16T00:01:35Z,2026-08-16,Argentina Primera Division,Platense vs Boca Juniors,new_format,2.68,1.46,OVER,AVOID,0.399,-,NO_BET,0.3395,0.3602,-0.1523,0.0207,-43.51,True,,NO_BET,7.0,d2882c0e4babe90b,68b8c5c618e86284,,,,,
2026-08-16T11:04:12Z,2026-08-16,Bundesliga 2,Arminia Bielefeld vs FC Energie Cottbus,standard,1.5,2.4,UNDER,AVOID,0.539,-,NO_BET,0.6305,0.5941,-0.1841,-0.0365,2.57,True,,NO_BET,17.0,b89ee6cbca29c0ed,56298f005ee87383,,,,,
2026-08-16T11:04:12Z,2026-08-16,Bundesliga 2,Dynamo Dresden vs SV Darmstadt 98,standard,1.55,2.24,UNDER,AVOID,0.52,-,NO_BET,0.6043,0.5707,-0.1926,-0.0335,2.57,True,,NO_BET,17.0,2ece797dc7abaaff,4d9942e02df235e4,,,,,
2026-08-16T11:04:12Z,2026-08-16,Bundesliga 2,Hannover 96 vs VfL Wolfsburg,standard,1.5,2.42,UNDER,AVOID,0.543,-,NO_BET,0.6321,0.5966,-0.1803,-0.0355,2.57,True,,NO_BET,17.0,f9b4c64f979b94fb,c49296b8cf6328c2,,,,,
2026-08-16T12:01:10Z,2026-08-16,Denmark Superliga,FC Nordsjaelland vs Silkeborg IF,new_format,1.35,3.15,UNDER,VALUABLE,0.61,-,NO_BET,0.7181,0.6692,-0.1653,-0.0489,37.58,True,,NO_BET,16.0,9a2e918cba56aec1,989e418e158c05f7,,,,,
2026-08-16T12:01:10Z,2026-08-16,Norway Eliteserien,Aalesund vs Vålerenga,new_format,1.39,2.95,UNDER,AVOID,0.638,-,NO_BET,0.696,0.6699,-0.139,-0.0261,60.46,True,,NO_BET,19.0,c86cddc99b29cc49,47a7c09deed0f6c2,,,,,
2026-08-16T12:01:10Z,2026-08-16,Championship,Watford vs Southampton,standard,1.7,2.11,UNDER,AVOID,0.517,-,NO_BET,0.5589,0.542,-0.1616,-0.017,9.95,True,,NO_BET,1.0,faadb77d90d636da,600080a8502e2683,,,,,
2026-08-16T12:01:10Z,2026-08-16,Sweden Allsvenskan,Degerfors IF vs IFK Goteborg,new_format,1.85,1.81,OVER,VALUABLE,0.622,-,NO_BET,0.4937,0.5514,-0.0684,0.0577,37.99,True,,NO_BET,36.0,deeac210ff802376,5921905bbca74703,,,,,
2026-08-16T12:01:10Z,2026-08-16,Sweden Allsvenskan,Djurgardens IF vs AIK,new_format,1.44,2.75,UNDER,VALUABLE,0.562,-,NO_BET,0.6703,0.6215,-0.1778,-0.0488,37.99,True,,NO_BET,36.0,00233355c3165229,d27da3cdd4f35378,,,,,
2026-08-16T12:01:10Z,2026-08-16,Denmark Superliga,OB Odense BK vs AC Horsens,new_format,1.99,1.83,OVER,VALUABLE,0.595,-,NO_BET,0.4775,0.5304,-0.0384,0.0529,37.58,True,,NO_BET,16.0,922281b5ef6ded98,f0cf8265be63621f,,,,,
2026-08-16T12:01:10Z,2026-08-16,Sweden Allsvenskan,IF Brommapojkarna vs Örgryte IS,new_format,1.61,2.12,OVER,AVOID,0.575,-,NO_BET,0.5784,0.577,-0.1505,-0.0014,37.99,True,,NO_BET,36.0,8836feee6548c974,1754e25365c7024d,,,,,
2026-08-16T13:05:28Z,2026-08-16,Finland Veikkausliiga,HJK Helsinki vs Jaro,new_format,1.44,2.68,UNDER,AVOID,0.616,-,NO_BET,0.6663,0.6438,-0.1454,-0.0225,25.42,True,,NO_BET,23.0,3e4a9a50b63873c1,1ff10cbe6998eb5c,,,,,
2026-08-16T14:09:13Z,2026-08-16,Finland Veikkausliiga,FC Lahti vs KuPS Kuopio,new_format,1.79,1.88,OVER,AVOID,0.517,-,NO_BET,0.514,0.5155,-0.1637,0.0015,25.42,True,,NO_BET,23.0,17f1b5b8382b4a58,5b6d090ba3b4592a,,,,,
2026-08-16T14:09:13Z,2026-08-16,Denmark Superliga,Lyngby vs FC Midtjylland,new_format,1.57,2.21,UNDER,AVOID,0.57,-,NO_BET,0.5966,0.5847,-0.16,-0.012,37.58,True,,NO_BET,16.0,4d228c56ab4f3ab8,e96acdfd719bdda6,,,,,
2026-08-16T14:09:13Z,2026-08-16,Brazil Serie A,Chapecoense vs Bahia,new_format,1.89,1.92,UNDER,AVOID,0.467,-,NO_BET,0.5042,0.4876,-0.1686,-0.0166,2.71,True,,NO_BET,35.0,a0bd3229c89e5012,2860b18a6f9433a2,,,,,
2026-08-16T14:09:13Z,2026-08-16,Finland Veikkausliiga,AC Oulu vs FC Inter Turku,new_format,1.89,1.77,OVER,AVOID,0.494,-,NO_BET,0.4812,0.4867,-0.1702,0.0056,25.42,True,,NO_BET,23.0,97a583efaf9db0f5,99030251450ede4b,,,,,
2026-08-16T14:43:32Z,2026-08-16,Sweden Allsvenskan,GAIS vs Malmo FF,new_format,1.6,2.16,UNDER,AVOID,0.514,-,NO_BET,0.5848,0.553,-0.1944,-0.0318,37.99,True,,NO_BET,36.0,871230115b09ceb6,740d130f153adc54,,,,,
2026-08-16T14:43:32Z,2026-08-16,Sweden Allsvenskan,Kalmar FF vs Hammarby IF,new_format,1.6,2.15,UNDER,AVOID,0.51,-,NO_BET,0.5838,0.5505,-0.1985,-0.0333,37.99,True,,NO_BET,36.0,c0641770854786d2,e896369cd31a638b,,,,,
2026-08-16T15:04:08Z,2026-08-16,Norway Eliteserien,SK Brann vs HamKam,new_format,1.54,2.26,UNDER,AVOID,0.597,-,NO_BET,0.6086,0.6035,-0.1472,-0.005,60.46,True,,NO_BET,19.0,151db60a508e69c9,589f08dfcc579730,,,,,
2026-08-16T15:04:08Z,2026-08-16,Austrian Bundesliga,Hartberg vs Austria Wien,new_format,1.94,1.8,UNDER,AVOID,0.478,-,NO_BET,0.4792,0.4788,-0.1631,-0.0004,10.83,True,,NO_BET,10.0,bfd16d2077426830,2b306d6760207093,,,,,
2026-08-16T15:04:08Z,2026-08-16,Norway Eliteserien,Molde vs Tromso,new_format,1.5,2.33,OVER,AVOID,0.677,-,NO_BET,0.6249,0.6482,-0.1023,0.0232,60.46,True,,NO_BET,19.0,1023d09e7d4e3fa8,3417640ba53bdc73,,,,,
2026-08-16T15:04:08Z,2026-08-16,Norway Eliteserien,Sarpsborg FK vs Sandefjord,new_format,1.43,2.82,UNDER,AVOID,0.621,-,NO_BET,0.6771,0.6517,-0.1401,-0.0254,60.46,True,,NO_BET,19.0,aa8d88d6d5953810,f13a9ca442884d55,,,,,
2026-08-16T15:04:08Z,2026-08-16,Austrian Bundesliga,WSG Tirol vs RB Salzburg,new_format,1.44,2.72,UNDER,MARKSMAN,0.506,-,NO_BET,0.6686,0.5955,-0.2155,-0.0732,10.83,True,,NO_BET,10.0,1165d28a3d73e9dd,24fe63e19036085b,,,,,
2026-08-16T15:04:08Z,2026-08-16,La Liga 2,SD Eibar vs Tenerife,standard,2.18,1.71,OVER,AVOID,0.474,-,NO_BET,0.4356,0.4492,-0.1216,0.0135,1.01,True,,NO_BET,4.0,434f77173337583b,8d4d347c58f82d96,,,,,
2026-08-16T15:04:08Z,2026-08-16,Championship,Burnley vs West Ham United,standard,1.75,2.04,UNDER,AVOID,0.513,-,NO_BET,0.5419,0.5305,-0.1566,-0.0114,9.95,True,,NO_BET,1.0,aaa4a57436569754,647a71b0999212ef,,,,,
2026-08-16T16:02:02Z,2026-08-16,Denmark Superliga,Randers FC vs FC Copenhagen,new_format,1.59,2.38,UNDER,VALUABLE,0.519,-,NO_BET,0.6069,0.5672,-0.1769,-0.0397,37.58,True,,NO_BET,16.0,21be22760e6744b1,ce0d4ba1fcadf8a5,,,,,
2026-08-16T17:39:32Z,2026-08-16,La Liga 2,Girona FC vs Leganés,standard,2.03,1.8,OVER,AVOID,0.518,-,NO_BET,0.4678,0.4854,-0.1099,0.0176,1.01,True,,NO_BET,4.0,5602e3c3b2b27fb4,bf6a31139351c1d8,,,,,
2026-08-16T17:39:32Z,2026-08-16,Norway Eliteserien,Fredrikstad FK vs Kristiansund BK,new_format,1.67,2.02,OVER,AVOID,0.578,-,NO_BET,0.5545,0.5651,-0.138,0.0106,60.46,True,,NO_BET,19.0,146372a6b2640500,17be6e3bce5f5bb3,,,,,
2026-08-16T17:39:32Z,2026-08-16,Austrian Bundesliga,Rapid Wien vs Grazer AK,new_format,1.85,2.0,UNDER,AVOID,0.519,-,NO_BET,0.5207,0.5197,-0.1271,-0.0009,10.83,True,,NO_BET,10.0,d4a8d99b3caa3da3,60335ac066ba5118,,,,,
2026-08-16T17:39:32Z,2026-08-16,La Liga 2,Burgos CF vs Córdoba,standard,2.23,1.67,OVER,AVOID,0.455,-,NO_BET,0.4231,0.4342,-0.1341,0.0111,1.01,True,,NO_BET,4.0,623327143882af4a,96b8ee03993f281a,,,,,
2026-08-16T18:00:43Z,2026-08-16,Mexico Liga MX,Pumas vs Querétaro,new_format,1.77,2.1,UNDER,AVOID,0.528,-,NO_BET,0.5453,0.5374,-0.1345,-0.0079,13.56,True,,NO_BET,30.0,59836a137756aada,c476c6c8ba3842c6,,,,,
2026-08-16T18:00:43Z,2026-08-16,Argentina Primera Division,Sarmiento de Junin vs Atlético Huracán,new_format,2.82,1.43,OVER,AVOID,0.359,-,NO_BET,0.3229,0.3355,-0.176,0.0125,-24.55,True,,NO_BET,12.0,44d2a587584bb10d,97f1f4b37377bc4a,,,,,
2026-08-16T19:10:02Z,2026-08-16,Brazil Serie A,Vasco da Gama vs Santos,new_format,2.05,1.78,OVER,VALUABLE,0.533,-,NO_BET,0.4621,0.4871,-0.0976,0.025,2.15,True,,NO_BET,36.0,4f4261c9f89082a7,54e5ec6be05ef1e1,,,,,
2026-08-16T19:10:02Z,2026-08-16,Brazil Serie A,Atletico Mineiro vs Grêmio,new_format,2.0,1.75,UNDER,AVOID,0.442,-,NO_BET,0.463,0.4534,-0.1873,-0.0096,2.15,True,,NO_BET,36.0,d3f4de9671175f7d,537e06fb2421ba6f,,,,,
2026-08-16T19:39:48Z,2026-08-16,La Liga 2,Las Palmas vs Albacete,standard,2.03,1.8,UNDER,AVOID,0.453,-,NO_BET,0.4678,0.4626,-0.1562,-0.0052,1.32,True,,NO_BET,5.0,c9077c0b6242392f,fd62b8548c3955d8,,,,,
2026-08-16T21:01:55Z,2026-08-16,Argentina Primera Division,River Plate vs Argentinos Juniors,new_format,2.55,1.5,OVER,AVOID,0.414,-,NO_BET,0.3586,0.3781,-0.1493,0.0194,-24.55,True,,NO_BET,12.0,cade2431b3ef7a59,bd7b55ee00d826e9,,,,,
2026-08-16T21:39:06Z,2026-08-16,Brazil Serie A,Vitoria vs Botafogo,new_format,2.07,1.76,UNDER,AVOID,0.446,-,NO_BET,0.4564,0.4527,-0.1596,-0.0037,2.15,True,,NO_BET,36.0,3a3f6809336b9925,e8a422d11d542f29,,,,,
2026-08-16T21:39:06Z,2026-08-16,Brazil Serie A,Mirassol vs Flamengo,new_format,1.91,1.8,UNDER,AVOID,0.41,-,NO_BET,0.4833,0.4504,-0.2305,-0.033,2.15,True,,NO_BET,36.0,1d252226f0b996c6,d0c33ec132f1acb1,,,,,
2026-08-16T22:00:46Z,2026-08-16,USA MLS,New York City FC vs Philadelphia Union,new_format,1.62,2.2,OVER,AVOID,0.654,-,NO_BET,0.5844,0.6155,-0.0822,0.0312,69.26,True,,NO_BET,43.0,9f60af73a6680378,08c8ffb373633364,,,,,
2026-08-16T22:00:46Z,2026-08-16,Brazil Serie A,Corinthians vs Cruzeiro,new_format,2.45,1.5,OVER,AVOID,0.439,-,NO_BET,0.3657,0.3915,-0.1508,0.0258,2.15,True,,NO_BET,36.0,d952000edf4b2c56,702fc86aa59a7a57,,,,,
2026-08-16T22:00:46Z,2026-08-16,USA MLS,Chicago Fire vs Portland Timbers,new_format,1.36,3.0,UNDER,MARKSMAN,0.601,-,NO_BET,0.7083,0.6601,-0.1715,-0.0482,69.26,True,,NO_BET,43.0,27ae8b8cdd755c61,171dd0f22323217d,,,,,
2026-08-16T23:01:33Z,2026-08-16,Argentina Primera Division,Central Córdoba vs Instituto de Córdoba,new_format,2.62,1.47,OVER,AVOID,0.361,-,NO_BET,0.346,0.3512,-0.1952,0.0052,-24.55,True,,NO_BET,12.0,a4ea4fcadaa3bbae,a412bbe96ebc6f29,,,,,
2026-08-16T23:01:33Z,2026-08-16,Mexico Liga MX,América vs Atlético San Luis,new_format,1.8,2.03,OVER,AVOID,0.533,-,NO_BET,0.5322,0.5327,-0.1278,0.0005,13.56,True,,NO_BET,30.0,c5a2800a4449a68c,4c7c861a1795f155,,,,,
2026-08-16T23:01:33Z,2026-08-16,Argentina Primera Division,Barracas Central vs Rosario Central,new_format,3.05,1.37,OVER,VALUABLE,0.386,-,NO_BET,0.2929,0.3255,-0.1373,0.0325,-24.55,True,,NO_BET,12.0,0c4eb1659e7cb8f0,67d8701aab4496e9,,,,,
2026-08-17T00:00:34Z,2026-08-22,Finland Veikkausliiga,TPS Turku vs FC Inter Turku,new_format,1.88,1.96,UNDER,AVOID,0.472,-,NO_BET,0.5111,0.4934,-0.1622,-0.0177,21.9,True,,NO_BET,26.0,dbe9c2ac282269f3,6494c9fbb5c156f4,,,,,
2026-08-17T00:00:34Z,2026-08-23,Mexico Liga MX,León vs Monterrey,new_format,1.54,2.32,UNDER,VALUABLE,0.503,-,NO_BET,0.6138,0.564,-0.2083,-0.0497,13.56,True,,NO_BET,30.0,dec65109885e5c3b,8cfa57f526962003,,,,,
2026-08-17T00:00:34Z,2026-08-17,Mexico Liga MX,Tijuana vs Cruz Azul,new_format,1.87,1.88,OVER,AVOID,0.547,-,NO_BET,0.5015,0.5221,-0.113,0.0207,13.56,True,,NO_BET,30.0,b89d606d19bcdf11,c69e040ab78b7a7b,,,,,
2026-08-17T00:00:34Z,2026-08-17,Mexico Liga MX,Santos Laguna vs Guadalajara,new_format,1.51,2.26,UNDER,AVOID,0.52,-,NO_BET,0.6163,0.5727,-0.211,-0.0435,13.56,True,,NO_BET,30.0,f8e95d89be7c5f19,073340cb901d38ae,,,,,
2026-08-17T00:00:34Z,2026-08-17,USA MLS,Austin FC vs FC Dallas,new_format,1.62,2.15,UNDER,AVOID,0.522,-,NO_BET,0.5794,0.5536,-0.1831,-0.0258,69.26,True,,NO_BET,43.0,8cd315bb836bb2de,ef766ee808c3075e,,,,,
2026-08-17T00:00:34Z,2026-08-17,USA MLS,Seattle Sounders FC vs Vancouver Whitecaps FC,new_format,1.57,2.3,UNDER,AVOID,0.59,-,NO_BET,0.6048,0.5984,-0.1383,-0.0065,69.26,True,,NO_BET,43.0,ae98893c327bd184,7d6b7896977244db,,,,,
2026-08-17T13:10:57Z,2026-08-22,USA MLS,Orlando City SC vs Real Salt Lake,new_format,1.4,2.75,UNDER,AVOID,0.607,-,NO_BET,0.6827,0.6487,-0.1627,-0.0339,59.7,True,,NO_BET,50.0,b2e923f37774b49d,28e0a2a4ad1670cc,,,,,
2026-08-17T13:56:12Z,2026-08-22,Japan J-League,Cerezo Osaka vs Shimizu S Pulse,new_format,1.82,2.0,UNDER,AVOID,0.486,-,NO_BET,0.5253,0.5075,-0.1639,-0.0178,0.0,True,,NO_BET,2.0,3d3d4a2a2618791e,25f65a83b5acde28,,,,,
2026-08-17T13:56:12Z,2026-08-23,Brazil Serie A,Coritiba vs Corinthians,new_format,2.5,1.56,OVER,VALUABLE,0.472,-,NO_BET,0.3771,0.4105,-0.086,0.0334,2.01,True,,NO_BET,39.0,be1e0d4b1a5aa493,5d4f7df3f6ee88e0,,,,,
2026-08-17T13:56:12Z,2026-08-21,Japan J-League,Kashiwa Reysol vs V-Varen Nagasaki,new_format,1.85,1.96,UNDER,AVOID,0.514,-,NO_BET,0.5155,0.5149,-0.1361,-0.0006,0.0,True,,NO_BET,2.0,cdeceee163c87ed7,32d80a0a0c3d7d93,,,,,
2026-08-17T13:56:12Z,2026-08-21,Japan J-League,FC Tokyo vs JEF United Chiba,new_format,1.89,1.92,OVER,AVOID,0.542,-,NO_BET,0.5042,0.521,-0.1054,0.0168,0.0,True,,NO_BET,2.0,fb68adcb652ee823,ac3337b0f97951e1,,,,,
2026-08-17T13:56:12Z,2026-08-22,Japan J-League,Kashima Antlers vs Avispa Fukuoka,new_format,2.32,1.52,OVER,VALUABLE,0.485,-,NO_BET,0.3812,0.4174,-0.1371,0.0363,0.0,True,,NO_BET,2.0,2b3b1ff887892f84,e0aba6ef088f555d,,,,,
2026-08-17T13:56:12Z,2026-08-22,Japan J-League,Fagiano Okayama vs Tokyo Verdy,new_format,2.48,1.48,OVER,AVOID,0.463,-,NO_BET,0.3581,0.3949,-0.1318,0.0368,0.0,True,,NO_BET,2.0,3cd552055d21f87e,7935f85c1cfefef4,,,,,
2026-08-17T13:56:12Z,2026-08-22,Japan J-League,Nagoya Grampus vs Gamba Osaka,new_format,1.87,1.95,UNDER,AVOID,0.47,-,NO_BET,0.5112,0.4927,-0.1681,-0.0185,0.0,True,,NO_BET,2.0,09d82fd8d0e35bb7,4e855c2ea44099e3,,,,,
2026-08-17T13:56:12Z,2026-08-22,Mexico Liga MX,FC Juárez vs América,new_format,1.75,1.95,UNDER,AVOID,0.493,-,NO_BET,0.5306,0.5137,-0.186,-0.0169,12.09,True,,NO_BET,34.0,3b6651c5476f7763,b9e25e26a95df852,,,,,
2026-08-17T13:56:12Z,2026-08-22,Japan J-League,Hiroshima Sanfrecce FC vs Kawasaki Frontale,new_format,1.6,2.2,UNDER,VALUABLE,0.497,-,NO_BET,0.5888,0.5473,-0.2035,-0.0414,0.0,True,,NO_BET,2.0,848fad7d3bfda45f,1edef0188b2c5a72,,,,,
2026-08-17T13:56:12Z,2026-08-22,Japan J-League,Yokohama F Marinos vs Vissel Kobe,new_format,2.1,1.75,OVER,AVOID,0.491,-,NO_BET,0.4513,0.4651,-0.1212,0.0138,0.0,True,,NO_BET,2.0,1221956156b55702,a4510d9cfbab7b52,,,,,
2026-08-17T13:56:12Z,2026-08-23,Japan J-League,FC Machida Zelvia vs Urawa Red Diamonds,new_format,2.08,1.65,OVER,AVOID,0.498,-,NO_BET,0.4345,0.4567,-0.1472,0.0222,0.0,True,,NO_BET,2.0,7d15de865cfd995c,7f2a8d4710d49752,,,,,
2026-08-17T13:56:12Z,2026-08-18,Mexico Liga MX,Necaxa vs León,new_format,1.75,2.02,OVER,AVOID,0.547,-,NO_BET,0.5395,0.5427,-0.1351,0.0032,12.09,True,,NO_BET,34.0,67909a9ec5171068,d5f2d850162dec54,,,,,
2026-08-17T13:56:12Z,2026-08-18,Mexico Liga MX,Pachuca vs Puebla,new_format,1.67,2.0,OVER,AVOID,0.553,-,NO_BET,0.552,0.5526,-0.1589,0.0006,12.09,True,,NO_BET,34.0,12e6bbd602b8cac8,eef89389aa88ae51,,,,,
2026-08-17T13:56:12Z,2026-08-22,Mexico Liga MX,Tigres vs Atlante FC,new_format,1.55,2.2,UNDER,VALUABLE,0.504,-,NO_BET,0.6005,0.5569,-0.2142,-0.0436,12.09,True,,NO_BET,34.0,e59d5aa1c96682dd,40c2a421f101310a,,,,,
2026-08-17T13:56:12Z,2026-08-22,Mexico Liga MX,León vs Monterrey,new_format,1.54,2.32,UNDER,VALUABLE,0.506,-,NO_BET,0.6138,0.5654,-0.2062,-0.0483,12.09,True,,NO_BET,34.0,190f613f58006d77,d1d9a33eb4700a9a,,,,,
2026-08-17T13:56:12Z,2026-08-23,Brazil Serie A,Santos vs Mirassol,new_format,1.96,1.82,OVER,AVOID,0.488,-,NO_BET,0.4798,0.4834,-0.1453,0.0036,2.01,True,,NO_BET,39.0,21dbe5a9dc036de7,5c73cb379b9b5bd4,,,,,
2026-08-17T13:56:12Z,2026-08-22,Japan J-League,Kyoto Purple Sanga vs Mito HollyHock,new_format,2.12,1.65,OVER,AVOID,0.499,-,NO_BET,0.4301,0.4542,-0.1357,0.0241,0.0,True,,NO_BET,2.0,d69ab48d0f6cbf00,d2902cf8f6e32619,,,,,
2026-08-17T13:56:12Z,2026-08-23,Brazil Serie A,Chapecoense vs Sao Paulo,new_format,2.06,1.74,UNDER,AVOID,0.447,-,NO_BET,0.454,0.4515,-0.1662,-0.0025,2.01,True,,NO_BET,39.0,445c7e8cd70383fb,9be863e6840ca99f,,,,,
2026-08-17T13:56:12Z,2026-08-21,Argentina Primera Division,Aldosivi Mar del Plata vs Union Santa Fe,new_format,2.5,1.5,OVER,AVOID,0.41,-,NO_BET,0.3621,0.379,-0.1641,0.0169,-15.62,True,,NO_BET,17.0,20d847af14fb12cd,b22a81732957dba1,,,,,
2026-08-17T13:56:12Z,2026-08-23,Brazil Serie A,Bragantino-SP vs Grêmio,new_format,1.9,1.95,UNDER,VALUABLE,0.433,-,NO_BET,0.5069,0.4736,-0.1907,-0.0333,2.01,True,,NO_BET,39.0,7d8ae413a7e4d024,8b01f20c8151e0b1,,,,,
2026-08-17T13:56:12Z,2026-08-18,Argentina Primera Division,Gimnasia Mendoza vs Talleres,new_format,2.82,1.43,OVER,AVOID,0.372,-,NO_BET,0.3229,0.34,-0.1635,0.017,-15.62,True,,NO_BET,17.0,c8aaa341fc9efeca,2d6cec72757d6789,,,,,
2026-08-17T13:56:12Z,2026-08-22,Mexico Liga MX,Querétaro vs Toluca,new_format,1.56,2.28,UNDER,AVOID,0.537,-,NO_BET,0.6054,0.5745,-0.1814,-0.031,12.09,True,,NO_BET,34.0,8e7e26ed97afe190,88f49cf301a0ba68,,,,,
2026-08-17T13:56:12Z,2026-08-21,Argentina Primera Division,Estudiantes de Río Cuarto vs San Lorenzo,new_format,2.95,1.39,OVER,VALUABLE,0.407,-,NO_BET,0.304,0.3402,-0.1232,0.0362,-15.62,True,,NO_BET,17.0,5cbcc2b632710e46,05a77872a951fd80,,,,,
2026-08-17T13:56:12Z,2026-08-22,Argentina Primera Division,Atlético Tucuman vs Instituto de Córdoba,new_format,2.25,1.56,OVER,AVOID,0.412,-,NO_BET,0.3972,0.4026,-0.1971,0.0053,-15.62,True,,NO_BET,17.0,29652f1d117edf26,752f49b74a6c4466,,,,,
2026-08-17T13:56:12Z,2026-08-22,Argentina Primera Division,Gimnasia La Plata vs Gimnasia Mendoza,new_format,2.32,1.52,OVER,AVOID,0.447,-,NO_BET,0.3812,0.4042,-0.1677,0.023,-15.62,True,,NO_BET,17.0,09ede06d62151824,c17aa8e84bae8786,,,,,
2026-08-17T13:56:12Z,2026-08-22,Argentina Primera Division,Independiente vs Independiente Rivadavia,new_format,2.13,1.61,UNDER,AVOID,0.378,-,NO_BET,0.4205,0.4057,-0.2342,-0.0148,-15.62,True,,NO_BET,17.0,001142c12709356d,79fa6075df237185,,,,,
2026-08-17T13:56:12Z,2026-08-23,Argentina Primera Division,Atlético Huracán vs Deportivo Riestra,new_format,2.95,1.39,OVER,VALUABLE,0.394,-,NO_BET,0.304,0.3356,-0.1367,0.0316,-15.62,True,,NO_BET,17.0,cde8fb5682d0d1c7,8c9a6dd022568500,,,,,
2026-08-17T13:56:12Z,2026-08-23,Argentina Primera Division,Newells Old Boys vs Banfield,new_format,2.4,1.49,OVER,AVOID,0.392,-,NO_BET,0.3668,0.3755,-0.2067,0.0087,-15.62,True,,NO_BET,17.0,251f8abbf62c3b90,4b3537f17c9ab612,,,,,
2026-08-17T13:56:12Z,2026-08-23,Brazil Serie A,Palmeiras vs Vasco da Gama,new_format,1.88,1.97,UNDER,AVOID,0.481,-,NO_BET,0.5124,0.4985,-0.1527,-0.0139,2.01,True,,NO_BET,39.0,217ab452b96818c4,649d2d0f2a680b93,,,,,
2026-08-17T13:56:12Z,2026-08-23,Argentina Primera Division,Barracas Central vs Platense,new_format,2.95,1.39,OVER,AVOID,0.369,-,NO_BET,0.304,0.3266,-0.1628,0.0226,-15.62,True,,NO_BET,17.0,1533559b31b013c9,d353c3e4f64c87c4,,,,,
2026-08-17T13:56:12Z,2026-08-23,Argentina Primera Division,Belgrano de Cordoba vs Defensa y Justicia,new_format,2.38,1.49,OVER,AVOID,0.447,-,NO_BET,0.3683,0.396,-0.165,0.0277,-15.62,True,,NO_BET,17.0,25f07189aa0c7c54,73eb9f4764062086,,,,,
2026-08-17T13:56:12Z,2026-08-23,Argentina Primera Division,River Plate vs Velez Sarsfield BA,new_format,2.35,1.51,OVER,AVOID,0.412,-,NO_BET,0.3761,0.3888,-0.1926,0.0127,-15.62,True,,NO_BET,17.0,1d5c127849f53d57,ae89e2c6e031cb4b,,,,,
2026-08-17T13:56:12Z,2026-08-24,Argentina Primera Division,Racing Club vs Boca Juniors,new_format,2.62,1.47,OVER,AVOID,0.409,-,NO_BET,0.346,0.368,-0.1515,0.0221,-15.62,True,,NO_BET,17.0,48f07dd026e48573,411817872d224a59,,,,,
2026-08-17T13:56:12Z,2026-08-17,Brazil Serie A,Internacional vs Remo,new_format,1.83,1.91,UNDER,VALUABLE,0.432,-,NO_BET,0.5119,0.476,-0.2169,-0.0359,2.01,True,,NO_BET,39.0,b29c4ad1a6cd4d75,bc5663c431254ee6,,,,,
2026-08-17T13:56:12Z,2026-08-22,Brazil Serie A,Fluminense vs Remo,new_format,1.81,2.04,UNDER,AVOID,0.523,-,NO_BET,0.5318,0.5277,-0.1319,-0.0041,2.01,True,,NO_BET,39.0,2552f7fb97ddafaa,1dcbcce84ae3cf27,,,,,
2026-08-17T13:56:12Z,2026-08-22,Brazil Serie A,Internacional vs Atletico Mineiro,new_format,2.09,1.77,UNDER,AVOID,0.423,-,NO_BET,0.4558,0.4442,-0.169,-0.0116,2.01,True,,NO_BET,39.0,a7e94b77cffba431,5c8a76f11506f7e2,,,,,
2026-08-17T13:56:12Z,2026-08-22,Brazil Serie A,Cruzeiro vs Flamengo,new_format,2.02,1.83,UNDER,AVOID,0.462,-,NO_BET,0.4738,0.4697,-0.1461,-0.0041,2.01,True,,NO_BET,39.0,7b4c886908754bff,d4562c566d94f660,,,,,
2026-08-17T13:56:12Z,2026-08-23,Brazil Serie A,Vitoria vs Bahia,new_format,2.0,1.84,UNDER,AVOID,0.434,-,NO_BET,0.4778,0.4582,-0.1778,-0.0196,2.01,True,,NO_BET,39.0,6f75781f8e4d1d01,755380653ddd9731,,,,,
2026-08-17T13:56:12Z,2026-08-23,Argentina Primera Division,Sarmiento de Junin vs Estudiantes,new_format,2.58,1.49,OVER,AVOID,0.378,-,NO_BET,0.354,0.3625,-0.1788,0.0085,-15.62,True,,NO_BET,17.0,0c98b3893390b6b3,18df9a4b1812affb,,,,,
2026-08-17T13:56:12Z,2026-08-22,Mexico Liga MX,Guadalajara vs Tijuana,new_format,1.6,2.22,UNDER,MARKSMAN,0.486,-,NO_BET,0.5907,0.5434,-0.2098,-0.0473,12.09,True,,NO_BET,34.0,41e5f9c3d34d2350,b14a53aa9c7ad118,,,,,
2026-08-17T13:56:12Z,2026-08-19,USA MLS,FC Cincinnati vs New York City FC,new_format,1.44,2.62,UNDER,AVOID,0.643,-,NO_BET,0.6627,0.6538,-0.1308,-0.0089,59.7,True,,NO_BET,50.0,80e77c09080b047f,41bbf55c2401b705,,,,,
2026-08-17T13:56:12Z,2026-08-23,Mexico Liga MX,Cruz Azul vs Atlas,new_format,1.65,2.02,UNDER,AVOID,0.495,-,NO_BET,0.5586,0.5301,-0.2066,-0.0285,12.09,True,,NO_BET,34.0,a56bd6a1aee9c3f3,2410c0eed92f10c6,,,,,
2026-08-17T13:56:12Z,2026-08-20,USA MLS,Real Salt Lake vs FC Dallas,new_format,1.5,2.45,UNDER,AVOID,0.57,-,NO_BET,0.6343,0.6052,-0.1674,-0.0292,59.7,True,,NO_BET,50.0,8d55160c46da04e3,cc72b3f2093e5f65,,,,,
2026-08-17T13:56:12Z,2026-08-20,USA MLS,Vancouver Whitecaps FC vs Houston Dynamo,new_format,1.44,2.5,UNDER,AVOID,0.563,-,NO_BET,0.6549,0.6137,-0.1891,-0.0412,59.7,True,,NO_BET,50.0,dd3a5563d050068f,11bfff5de9dc1613,,,,,
2026-08-17T13:56:12Z,2026-08-20,USA MLS,LA Galaxy vs San Jose Earthquakes,new_format,1.44,2.6,UNDER,AVOID,0.567,-,NO_BET,0.6614,0.6188,-0.1817,-0.0427,59.7,True,,NO_BET,50.0,d3069b818bad46e2,2f98d561486bc563,,,,,
2026-08-17T13:56:12Z,2026-08-20,USA MLS,Portland Timbers vs San Diego FC,new_format,1.35,3.0,UNDER,VALUABLE,0.606,-,NO_BET,0.7118,0.664,-0.1724,-0.0479,59.7,True,,NO_BET,50.0,9437f3004254e327,5ddc392a4433002b,,,,,
2026-08-17T13:56:12Z,2026-08-22,USA MLS,CF Montreal vs LA Galaxy,new_format,1.54,2.43,UNDER,AVOID,0.488,-,NO_BET,0.6226,0.5621,-0.2113,-0.0605,59.7,True,,NO_BET,50.0,d14d5f89fd607777,1848520574e87022,,,,,
2026-08-17T13:56:12Z,2026-08-22,USA MLS,Charlotte FC vs D.C. United,new_format,1.65,2.18,UNDER,AVOID,0.486,-,NO_BET,0.5761,0.5356,-0.1975,-0.0405,59.7,True,,NO_BET,50.0,587aa7641a77dac4,ce5445d53c0e4c7f,,,,,
2026-08-17T13:56:12Z,2026-08-22,USA MLS,New York Red Bulls vs Chicago Fire,new_format,1.36,2.88,UNDER,AVOID,0.655,-,NO_BET,0.7028,0.6815,-0.1421,-0.0213,59.7,True,,NO_BET,50.0,d57d73d38d2af493,d6dc3b1ea56cddc2,,,,,
2026-08-17T13:56:12Z,2026-08-22,USA MLS,FC Cincinnati vs Seattle Sounders FC,new_format,1.4,2.8,UNDER,AVOID,0.627,-,NO_BET,0.6853,0.6591,-0.1479,-0.0262,59.7,True,,NO_BET,50.0,87fcb6987aad097d,6070c1bed633a1c8,,,,,
2026-08-17T13:56:12Z,2026-08-22,USA MLS,Inter Miami CF vs Toronto FC,new_format,1.33,3.1,UNDER,VALUABLE,0.565,-,NO_BET,0.7233,0.652,-0.2011,-0.0713,59.7,True,,NO_BET,50.0,71000a04f4456cb2,40f44ea46ad58468,,,,,
2026-08-17T13:56:12Z,2026-08-23,USA MLS,Austin FC vs Philadelphia Union,new_format,1.6,2.28,OVER,AVOID,0.6,-,NO_BET,0.5962,0.598,-0.1221,0.0017,59.7,True,,NO_BET,50.0,e0751cfa60755e2f,a985c1240b7d6159,,,,,
2026-08-17T13:56:12Z,2026-08-23,USA MLS,Nashville SC vs Columbus Crew SC,new_format,1.67,2.15,OVER,AVOID,0.616,-,NO_BET,0.569,0.59,-0.0962,0.021,59.7,True,,NO_BET,50.0,d1d911093da5da22,04a64287b9af066e,,,,,
2026-08-17T13:56:12Z,2026-08-23,USA MLS,St. Louis City SC vs Houston Dynamo,new_format,1.57,2.33,UNDER,AVOID,0.569,-,NO_BET,0.6074,0.59,-0.1516,-0.0174,59.7,True,,NO_BET,50.0,03500b23740a6345,91883044897baef1,,,,,
2026-08-17T13:56:12Z,2026-08-23,USA MLS,Vancouver Whitecaps FC vs FC Dallas,new_format,1.44,2.5,UNDER,AVOID,0.566,-,NO_BET,0.6549,0.6146,-0.1877,-0.0402,59.7,True,,NO_BET,50.0,3e8aaabb21adb04f,b1a6122a8bac0831,,,,,
2026-08-17T13:56:12Z,2026-08-23,USA MLS,San Diego FC vs Colorado Rapids,new_format,1.55,2.3,UNDER,AVOID,0.571,-,NO_BET,0.6096,0.5924,-0.1589,-0.0172,59.7,True,,NO_BET,50.0,eaeed9b244899724,8120bf99e8dea54d,,,,,
2026-08-17T13:56:12Z,2026-08-23,USA MLS,Los Angeles FC vs Portland Timbers,new_format,1.4,2.8,UNDER,VALUABLE,0.593,-,NO_BET,0.6853,0.6436,-0.1699,-0.0417,59.7,True,,NO_BET,50.0,49cfce1d9042c3e4,dd41a6e4f541b37c,,,,,
2026-08-17T13:56:12Z,2026-08-17,Argentina Primera Division,Velez Sarsfield BA vs Defensa y Justicia,new_format,2.25,1.64,OVER,AVOID,0.465,-,NO_BET,0.4151,0.4327,-0.1296,0.0176,-15.62,True,,NO_BET,17.0,bba6522238550d38,41688ac33a4068d6,,,,,
2026-08-17T13:56:12Z,2026-08-23,USA MLS,San Jose Earthquakes vs Minnesota United FC,new_format,1.5,2.45,UNDER,AVOID,0.615,-,NO_BET,0.6343,0.6255,-0.1366,-0.0088,59.7,True,,NO_BET,50.0,ae27033157e74b77,e767a1c5f59f02fa,,,,,
2026-08-17T13:56:12Z,2026-08-20,USA MLS,Colorado Rapids vs Los Angeles FC,new_format,1.72,2.23,OVER,AVOID,0.569,-,NO_BET,0.5674,0.5682,-0.1062,0.0008,59.7,True,,NO_BET,50.0,7c6833c9c48d8c24,9a214231e96fa383,,,,,
2026-08-17T13:56:12Z,2026-08-20,USA MLS,Seattle Sounders FC vs Austin FC,new_format,1.44,2.5,UNDER,VALUABLE,0.547,-,NO_BET,0.6549,0.6062,-0.2,-0.0487,59.7,True,,NO_BET,50.0,b61d8405f5529d63,903b827d1f43afb3,,,,,
2026-08-17T13:56:12Z,2026-08-20,USA MLS,Minnesota United FC vs Atlanta United FC,new_format,1.74,2.2,UNDER,AVOID,0.522,-,NO_BET,0.5609,0.5434,-0.139,-0.0176,59.7,True,,NO_BET,50.0,5efb665c28ba2522,81096c2f611ab323,,,,,
2026-08-17T13:56:12Z,2026-08-20,USA MLS,Sporting Kansas City vs St. Louis City SC,new_format,1.44,2.5,UNDER,VALUABLE,0.512,-,NO_BET,0.6549,0.5904,-0.2228,-0.0644,59.7,True,,NO_BET,50.0,0f54c1fa5c6586cc,69bdde9ae50b06e3,,,,,
2026-08-17T13:56:12Z,2026-08-23,Mexico Liga MX,Atlético San Luis vs Pachuca,new_format,1.6,1.94,UNDER,AVOID,0.517,-,NO_BET,0.5593,0.5403,-0.2149,-0.019,12.09,True,,NO_BET,34.0,db228ac4fcebe275,4616ffe67be2c9b7,,,,,
2026-08-17T13:56:12Z,2026-08-24,Mexico Liga MX,Pumas vs Necaxa,new_format,1.54,2.32,UNDER,AVOID,0.579,-,NO_BET,0.6138,0.5982,-0.1554,-0.0156,12.09,True,,NO_BET,34.0,010e651f92547fb5,43de734a470c8829,,,,,
2026-08-17T13:56:12Z,2026-08-18,China Super League,Shanghai Shenhua FC vs Beijing FC,new_format,1.36,2.9,UNDER,VALUABLE,0.578,-,NO_BET,0.7037,0.647,-0.1895,-0.0567,50.01,True,,NO_BET,28.0,d8fd0162c6318d5e,8b816abe7e26e090,,,,,
2026-08-17T13:56:12Z,2026-08-19,China Super League,Shanghai SIPG FC vs Dalian Yingbo,new_format,1.47,2.52,UNDER,AVOID,0.523,-,NO_BET,0.6475,0.5913,-0.2049,-0.0562,50.01,True,,NO_BET,28.0,f7a089367cd2c7b8,6d0a59fcab6183f0,,,,,
2026-08-17T13:56:12Z,2026-08-22,China Super League,Wuhan Three Towns vs Tianjin Jinmen Tiger FC,new_format,1.76,2.03,UNDER,AVOID,0.513,-,NO_BET,0.5389,0.527,-0.1577,-0.0119,50.01,True,,NO_BET,28.0,5eee32900885bf72,7f430aff987a7b95,,,,,
2026-08-17T13:56:12Z,2026-08-22,China Super League,Chengdu Rongcheng FC vs Shanghai Shenhua FC,new_format,1.37,2.85,UNDER,SNIPER,0.519,-,NO_BET,0.6978,0.6172,-0.2247,-0.0807,50.01,True,,NO_BET,28.0,3654c3838a414c79,170792e5d9eac17e,,,,,
2026-08-17T13:56:12Z,2026-08-22,China Super League,Shenzhen Peng City FC vs Zhejiang,new_format,1.48,2.48,UNDER,VALUABLE,0.506,-,NO_BET,0.6419,0.5808,-0.215,-0.0611,50.01,True,,NO_BET,28.0,5b16cf4af762d8ae,cce6855c17cea162,,,,,
2026-08-17T13:56:12Z,2026-08-22,China Super League,Beijing FC vs Yunnan Yukun,new_format,1.26,3.55,UNDER,SNIPER,0.584,-,NO_BET,0.7668,0.6844,-0.2029,-0.0824,50.01,True,,NO_BET,28.0,a946a6db8d17cb3c,d0cabeac60f64c17,,,,,
2026-08-17T13:56:12Z,2026-08-23,Mexico Liga MX,Puebla vs Santos Laguna,new_format,1.55,2.2,UNDER,AVOID,0.55,-,NO_BET,0.6005,0.5779,-0.1815,-0.0226,12.09,True,,NO_BET,34.0,6135f44835eada90,0793b9a44f279c7b,,,,,
2026-08-17T13:56:12Z,2026-08-22,China Super League,Qingdao West Coast FC vs Shandong Luneng Taishan FC,new_format,1.49,2.42,UNDER,VALUABLE,0.509,-,NO_BET,0.6348,0.5783,-0.2134,-0.0565,50.01,True,,NO_BET,28.0,f3d160e65d3d8d6d,02f7594b2f1ed43b,,,,,
2026-08-17T13:56:12Z,2026-08-23,China Super League,Shanghai SIPG FC vs Qingdao Hainiu FC,new_format,1.38,2.82,UNDER,AVOID,0.532,-,NO_BET,0.6929,0.6207,-0.214,-0.0722,50.01,True,,NO_BET,28.0,09cdda76f8c83480,a35ca5fac4d4fdaa,,,,,
2026-08-17T13:56:12Z,2026-08-23,China Super League,Chongqing Tonglianglong FC vs Dalian Yingbo,new_format,1.82,1.88,OVER,AVOID,0.546,-,NO_BET,0.5091,0.5258,-0.1306,0.0166,50.01,True,,NO_BET,28.0,d261bf1f72d920e1,54bdaeb1c1c8b506,,,,,
2026-08-17T13:56:12Z,2026-08-19,USA MLS,Columbus Crew SC vs CF Montreal,new_format,1.5,2.45,UNDER,AVOID,0.607,-,NO_BET,0.6343,0.6219,-0.1421,-0.0125,59.7,True,,NO_BET,50.0,b06579785b1c9425,97048ada35ff12ea,,,,,
2026-08-17T13:56:12Z,2026-08-19,USA MLS,Toronto FC vs Charlotte FC,new_format,1.72,2.23,UNDER,AVOID,0.564,-,NO_BET,0.5674,0.566,-0.11,-0.0014,59.7,True,,NO_BET,50.0,f2c0aefdfb6fad14,eade15dae511f489,,,,,
2026-08-17T13:56:12Z,2026-08-19,USA MLS,Orlando City SC vs Chicago Fire,new_format,1.35,3.0,UNDER,AVOID,0.657,-,NO_BET,0.7118,0.6871,-0.1409,-0.0248,59.7,True,,NO_BET,50.0,94033c7f087c4e63,f2d23e5e2be6c89f,,,,,
2026-08-17T13:56:12Z,2026-08-19,USA MLS,D.C. United vs New England Revolution,new_format,1.76,2.03,UNDER,AVOID,0.479,-,NO_BET,0.5389,0.5118,-0.1846,-0.0271,59.7,True,,NO_BET,50.0,9ea89f9585756d24,ba92487c9c7ec4bb,,,,,
2026-08-17T13:56:12Z,2026-08-19,USA MLS,Philadelphia Union vs Inter Miami CF,new_format,1.4,2.75,UNDER,AVOID,0.598,-,NO_BET,0.6827,0.6447,-0.1683,-0.0379,59.7,True,,NO_BET,50.0,48f17c7a50410c65,7c33719bbb2a0c4a,,,,,
2026-08-17T13:56:12Z,2026-08-19,USA MLS,New York Red Bulls vs Nashville SC,new_format,1.5,2.45,UNDER,AVOID,0.557,-,NO_BET,0.6343,0.5993,-0.1762,-0.035,59.7,True,,NO_BET,50.0,3cd381df2852998b,e49272f1b8cf685e,,,,,
2026-08-17T13:56:12Z,2026-08-23,China Super League,Liaoning Tieren FC vs Henan FC,new_format,1.62,2.18,UNDER,AVOID,0.553,-,NO_BET,0.5824,0.5693,-0.1576,-0.0131,50.01,True,,NO_BET,28.0,b1449f56392fb2b1,edaf3fdd60fab87d,,,,,
2026-08-17T13:56:12Z,2026-08-17,Argentina Primera Division,Lanus vs Independiente,new_format,2.75,1.44,OVER,AVOID,0.375,-,NO_BET,0.3297,0.3455,-0.1698,0.0158,-15.62,True,,NO_BET,17.0,d41961f9e28bf2a6,196fda056c875696,,,,,
2026-08-17T13:56:12Z,2026-08-23,La Liga 2,SD Eibar vs Real Valladolid CF,standard,2.22,1.58,OVER,VALUABLE,0.491,-,NO_BET,0.4048,0.4351,-0.1362,0.0304,1.85,True,,NO_BET,9.0,45473472c3a80838,8adba7a0be637851,,,,,
2026-08-17T13:56:12Z,2026-08-21,Ireland Premier Division,Sligo Rovers vs Waterford FC,new_format,1.62,2.15,UNDER,SNIPER,0.405,-,NO_BET,0.5794,0.5008,-0.2688,-0.0785,-4.82,True,,NO_BET,19.0,e472ee9472e98272,0dc7d7cbc64261cb,,,,,
2026-08-17T13:56:12Z,2026-08-22,League One,Peterborough United vs Mansfield Town,standard,1.58,2.13,UNDER,AVOID,0.509,-,NO_BET,0.5863,0.5553,-0.201,-0.0309,1.3,True,,NO_BET,6.0,cb82d5707ca72331,1c6d6f754fe94e50,,,,,
2026-08-17T13:56:12Z,2026-08-22,League One,Stevenage vs Oxford United,standard,2.1,1.71,OVER,AVOID,0.489,-,NO_BET,0.444,0.4597,-0.1326,0.0156,1.3,True,,NO_BET,6.0,4d764238c0b9c927,2252e94aea6c4f30,,,,,
2026-08-17T13:56:12Z,2026-08-22,League One,Wycombe Wanderers vs Plymouth Argyle,standard,1.73,1.91,UNDER,AVOID,0.51,-,NO_BET,0.5287,0.5214,-0.1822,-0.0074,1.3,True,,NO_BET,6.0,e94e43ad74779010,fa06daae23c72c7c,,,,,
2026-08-17T13:56:12Z,2026-08-22,League One,Wimbledon vs Reading,standard,2.01,1.77,OVER,AVOID,0.487,-,NO_BET,0.4652,0.4727,-0.1445,0.0075,1.3,True,,NO_BET,6.0,f38d8641ed03da92,13325a62fff3e28a,,,,,
2026-08-17T13:56:12Z,2026-08-22,League Two,Bristol Rovers vs Newport County,standard,1.77,2.0,UNDER,AVOID,0.504,-,NO_BET,0.5336,0.5218,-0.1621,-0.0118,,True,,NO_BET,,17bafb23a4b3fd5d,d2e4f57c308631e1,,,,,
2026-08-17T13:56:12Z,2026-08-22,League Two,Salford City vs Chesterfield FC,standard,2.08,1.71,OVER,AVOID,0.484,-,NO_BET,0.4463,0.4594,-0.1415,0.0132,,True,,NO_BET,,3e774a9edc734f86,cec7c426a157cb43,,,,,
2026-08-17T13:56:12Z,2026-08-22,League Two,Walsall vs Grimsby Town,standard,2.05,1.73,OVER,AVOID,0.475,-,NO_BET,0.4534,0.461,-0.1509,0.0076,,True,,NO_BET,,b9072f867463e8a1,79020da2a451398a,,,,,
2026-08-17T13:56:12Z,2026-08-22,League Two,Exeter City vs Accrington Stanley,standard,1.92,1.84,OVER,AVOID,0.511,-,NO_BET,0.4883,0.4973,-0.1366,0.0089,,True,,NO_BET,,5a531aaf6425f28a,4f2ebbbcda5f9545,,,,,
2026-08-17T13:56:12Z,2026-08-22,League Two,Shrewsbury Town vs Barnet,standard,1.93,1.85,UNDER,AVOID,0.482,-,NO_BET,0.4885,0.4861,-0.1535,-0.0024,,True,,NO_BET,,0c8e7ed64b7e73a8,9e3e6221251d22ab,,,,,
2026-08-17T13:56:12Z,2026-08-22,League Two,Swindon Town vs Cheltenham Town,standard,1.85,1.93,UNDER,AVOID,0.497,-,NO_BET,0.5115,0.5056,-0.1533,-0.0059,,True,,NO_BET,,05655077666479d6,9b454799c4dd32bd,,,,,
2026-08-17T13:56:12Z,2026-08-22,League Two,Colchester United vs Oldham Athletic,standard,1.9,1.88,UNDER,AVOID,0.464,-,NO_BET,0.4971,0.4839,-0.171,-0.0132,,True,,NO_BET,,6cd9357b1ce19aca,746c83d6cc2c0ec2,,,,,
2026-08-17T13:56:12Z,2026-08-22,League Two,Rochdale vs Crawley Town,standard,1.84,1.92,UNDER,AVOID,0.473,-,NO_BET,0.5117,0.4963,-0.1751,-0.0154,,True,,NO_BET,,f1015c441b4c1bf2,b8a562606db0b46a,,,,,
2026-08-17T13:56:12Z,2026-08-22,League Two,Crewe Alexandra vs Northampton Town,standard,1.96,1.8,OVER,AVOID,0.484,-,NO_BET,0.4766,0.4797,-0.1526,0.0031,,True,,NO_BET,,1a3d69f4ae45916c,de6c7082243103d2,,,,,
2026-08-17T13:56:12Z,2026-08-22,League Two,Fleetwood Town vs Gillingham,standard,1.95,1.84,UNDER,AVOID,0.472,-,NO_BET,0.4842,0.4793,-0.1577,-0.0049,,True,,NO_BET,,c8126df620692995,f29ec5c0fe033426,,,,,
2026-08-17T13:56:12Z,2026-08-22,League Two,Port Vale vs Tranmere Rovers,standard,2.08,1.71,OVER,AVOID,0.499,-,NO_BET,0.4463,0.4647,-0.1306,0.0184,,True,,NO_BET,,01c5d023f21e7ce1,24e5bd13101b7852,,,,,
2026-08-17T13:56:12Z,2026-08-22,League Two,Rotherham United vs York City,standard,1.87,1.87,OVER,AVOID,0.557,-,NO_BET,0.5,0.5229,-0.1115,0.0229,,True,,NO_BET,,60a9d55220628fec,e2713b713c2e809f,,,,,
2026-08-17T13:56:12Z,2026-08-17,La Liga 2,Sporting Gijón vs Sabadell FC,standard,2.14,1.74,OVER,AVOID,0.485,-,NO_BET,0.4452,0.4592,-0.1166,0.014,1.85,True,,NO_BET,9.0,81c78f86c9a66229,063d4cfb75ed5a30,,,,,
2026-08-17T13:56:12Z,2026-08-22,League One,Wigan Athletic vs Leyton Orient,standard,2.03,1.65,OVER,AVOID,0.518,-,NO_BET,0.4402,0.4673,-0.1466,0.0271,1.3,True,,NO_BET,6.0,352dc6f5880006c8,a74e6ae15f9b4fad,,,,,
2026-08-17T13:56:12Z,2026-08-22,League One,Milton Keynes Dons vs Huddersfield Town,standard,1.85,1.92,UNDER,AVOID,0.477,-,NO_BET,0.5102,0.497,-0.1693,-0.0132,1.3,True,,NO_BET,6.0,34aef29ca9489a97,240518884489fc4e,,,,,
2026-08-17T13:56:12Z,2026-08-22,League One,Leicester City vs Burton Albion,standard,1.65,2.19,UNDER,AVOID,0.505,-,NO_BET,0.5771,0.5483,-0.1765,-0.0288,1.3,True,,NO_BET,6.0,6189b0cc5ee11444,ff641f394366bad1,,,,,
2026-08-17T13:56:12Z,2026-08-22,League One,Bromley FC vs Cambridge United,standard,1.99,1.76,OVER,AVOID,0.525,-,NO_BET,0.466,0.4896,-0.1196,0.0236,1.3,True,,NO_BET,6.0,ea7bc14293a54442,f7df24d977e3db5d,,,,,
2026-08-17T13:56:12Z,2026-08-23,USA MLS,New England Revolution vs New York City FC,new_format,1.6,1.95,UNDER,AVOID,0.547,-,NO_BET,0.5606,0.5545,-0.1921,-0.0061,59.7,True,,NO_BET,50.0,dc9fb57bfdf3b0e7,f4294ae8a9ae43b0,,,,,
2026-08-17T13:56:12Z,2026-08-17,Championship,Cardiff City vs Wrexham AFC,standard,1.75,2.04,UNDER,AVOID,0.491,-,NO_BET,0.5419,0.5217,-0.1719,-0.0202,9.95,True,,NO_BET,1.0,5d26b3d5d81cb37c,e6e94a445d70a772,,,,,
2026-08-17T13:56:12Z,2026-08-22,Championship,Birmingham City vs Bristol City,standard,1.75,1.93,UNDER,AVOID,0.507,-,NO_BET,0.5279,0.5196,-0.1756,-0.0083,9.95,True,,NO_BET,1.0,c088a9969ad8cc5c,0ad0d37cc4bfed61,,,,,
2026-08-17T13:56:12Z,2026-08-22,Championship,Lincoln City vs Portsmouth,standard,1.88,1.79,OVER,AVOID,0.534,-,NO_BET,0.486,0.5053,-0.1398,0.0194,9.95,True,,NO_BET,1.0,e4379f5d784193cf,3c8a1fd05a1fffe8,,,,,
2026-08-17T13:56:12Z,2026-08-22,Championship,Millwall vs Norwich City,standard,1.87,1.8,OVER,AVOID,0.536,-,NO_BET,0.4891,0.5078,-0.1398,0.0187,9.95,True,,NO_BET,1.0,9e2d3922a137c442,8b91d6d6e328f532,,,,,
2026-08-17T13:56:12Z,2026-08-22,Championship,Blackburn Rovers vs Middlesbrough,standard,1.93,1.75,OVER,AVOID,0.515,-,NO_BET,0.4721,0.4891,-0.1476,0.0171,9.95,True,,NO_BET,1.0,585c2c9970102457,c5c7658f600ef76d,,,,,
2026-08-17T13:56:12Z,2026-08-22,Championship,Queens Park Rangers vs Bolton Wanderers,standard,1.89,1.88,UNDER,AVOID,0.487,-,NO_BET,0.4985,0.4939,-0.1566,-0.0046,9.95,True,,NO_BET,1.0,c03eda20eec29e1a,ed8b525911bc330b,,,,,
2026-08-17T13:56:12Z,2026-08-22,Championship,Derby County vs Cardiff City,standard,1.95,1.82,UNDER,AVOID,0.472,-,NO_BET,0.4811,0.4774,-0.1614,-0.0037,9.95,True,,NO_BET,1.0,99beb7f755670a49,eaa24906bd2ac6f8,,,,,
2026-08-17T13:56:12Z,2026-08-17,La Liga 2,Almería vs CD Eldense,standard,1.62,2.36,UNDER,VALUABLE,0.442,-,NO_BET,0.5987,0.5361,-0.2116,-0.0626,1.85,True,,NO_BET,9.0,d88f1cfd27d30207,ff1b2b64eb8e1af8,,,,,
2026-08-17T13:56:12Z,2026-08-22,Championship,West Ham United vs Charlton Athletic,standard,1.6,2.14,UNDER,AVOID,0.535,-,NO_BET,0.5828,0.5636,-0.1775,-0.0192,9.95,True,,NO_BET,1.0,e95e1303db81a304,07ea9690aa71819d,,,,,
2026-08-17T13:56:12Z,2026-08-22,Championship,Swansea City vs Sheffield United,standard,1.82,1.85,UNDER,AVOID,0.499,-,NO_BET,0.5047,0.5023,-0.1733,-0.0023,9.95,True,,NO_BET,1.0,c759db8fc8c0f39a,ad19938b8157fdb8,,,,,
2026-08-17T13:56:12Z,2026-08-22,Championship,Southampton vs Stoke City,standard,1.6,2.16,UNDER,AVOID,0.532,-,NO_BET,0.5848,0.5635,-0.1775,-0.0213,9.95,True,,NO_BET,1.0,d9bc916a9932894b,9f4b9ef0d398aa60,,,,,
2026-08-17T13:56:12Z,2026-08-22,Championship,Wrexham AFC vs Watford,standard,1.75,1.93,UNDER,AVOID,0.506,-,NO_BET,0.5279,0.5193,-0.1761,-0.0086,9.95,True,,NO_BET,1.0,1726a8cedfdedbb1,45a95206a9b45fea,,,,,
2026-08-17T13:56:12Z,2026-08-23,Championship,West Bromwich Albion vs Burnley,standard,2.07,1.73,UNDER,AVOID,0.448,-,NO_BET,0.4511,0.4501,-0.1649,-0.001,9.95,True,,NO_BET,1.0,312f43d553da2391,84093aab510655c4,,,,,
2026-08-17T13:56:12Z,2026-08-20,League One,Sheffield Wednesday vs Bradford City,standard,1.92,1.85,OVER,AVOID,0.503,-,NO_BET,0.4898,0.495,-0.1409,0.0051,1.3,True,,NO_BET,6.0,7c54c7306abfc60a,758ce478eef4669d,,,,,
2026-08-17T13:56:12Z,2026-08-22,League One,Doncaster Rovers vs Barnsley,standard,1.67,2.0,UNDER,AVOID,0.521,-,NO_BET,0.552,0.5395,-0.1809,-0.0125,1.3,True,,NO_BET,6.0,b5e9d02d86e2c349,92ee73617f30be7f,,,,,
2026-08-17T13:56:12Z,2026-08-22,League One,Luton vs Notts County,standard,1.73,2.07,UNDER,AVOID,0.469,-,NO_BET,0.5489,0.5169,-0.1899,-0.032,1.3,True,,NO_BET,6.0,927eb44f9febae39,d574d42cd2cfb379,,,,,
2026-08-17T13:56:12Z,2026-08-22,League One,Stockport County FC vs Blackpool,standard,1.79,1.99,UNDER,AVOID,0.492,-,NO_BET,0.5289,0.5141,-0.1662,-0.0148,1.3,True,,NO_BET,6.0,53cb1e404c642515,49c20dc2d286aff9,,,,,
2026-08-17T13:56:12Z,2026-08-22,Championship,Preston North End vs Wolverhampton Wanderers,standard,1.75,2.0,UNDER,AVOID,0.507,-,NO_BET,0.537,0.5249,-0.1664,-0.0121,9.95,True,,NO_BET,1.0,a0c0c54fc0b42e40,2bd1e018301e6724,,,,,
2026-08-17T13:56:12Z,2026-08-17,Argentina Primera Division,Estudiantes de Río Cuarto vs Atlético Tucuman,new_format,2.95,1.39,OVER,VALUABLE,0.429,-,NO_BET,0.304,0.3479,-0.1009,0.0439,-15.62,True,,NO_BET,17.0,2bddb3c17ce35ca2,36ee5b6fca8709b5,,,,,
2026-08-17T13:56:12Z,2026-08-21,La Liga 2,Córdoba vs Girona FC,standard,2.05,1.68,OVER,AVOID,0.548,-,NO_BET,0.4439,0.4805,-0.111,0.0366,1.85,True,,NO_BET,9.0,65c65cdd5624a45f,1a5f1b857522a549,,,,,
2026-08-17T13:56:12Z,2026-08-22,La Liga 2,Albacete vs Real Sociedad B,standard,1.8,1.9,UNDER,AVOID,0.483,-,NO_BET,0.5152,0.5022,-0.1829,-0.013,1.85,True,,NO_BET,9.0,a2f2b6458bdd92d0,1ae1b39afffb0b97,,,,,
2026-08-17T13:56:12Z,2026-08-17,Sweden Allsvenskan,BK Hacken vs Halmstads BK,new_format,1.41,2.85,UNDER,VALUABLE,0.574,-,NO_BET,0.6847,0.6347,-0.1765,-0.05,35.19,True,,NO_BET,39.0,03027765cb24e221,1de9275bbe41e1e2,,,,,
2026-08-17T13:56:12Z,2026-08-21,Sweden Allsvenskan,IK Sirius vs BK Hacken,new_format,1.35,3.15,UNDER,VALUABLE,0.577,-,NO_BET,0.7181,0.6544,-0.1855,-0.0636,35.19,True,,NO_BET,39.0,7af56695c089648c,1212f48870991bca,,,,,
2026-08-17T13:56:12Z,2026-08-22,Sweden Allsvenskan,Örgryte IS vs Halmstads BK,new_format,1.74,1.93,OVER,AVOID,0.537,-,NO_BET,0.5297,0.5332,-0.1568,0.0035,35.19,True,,NO_BET,39.0,845a9edd535fcc09,d09062a274d6ca23,,,,,
2026-08-17T13:56:12Z,2026-08-23,Sweden Allsvenskan,IFK Goteborg vs IF Elfsborg,new_format,1.72,2.08,UNDER,AVOID,0.487,-,NO_BET,0.5519,0.5229,-0.1845,-0.029,35.19,True,,NO_BET,39.0,2d70ca460fed9805,0f84ffb16c61d5c3,,,,,
2026-08-17T13:56:12Z,2026-08-23,Sweden Allsvenskan,Västerås SK vs Kalmar FF,new_format,1.72,1.96,OVER,AVOID,0.552,-,NO_BET,0.5373,0.544,-0.148,0.0067,35.19,True,,NO_BET,39.0,0096b84d831f59ac,7fdd324e83dcb673,,,,,
2026-08-17T13:56:12Z,2026-08-23,Sweden Allsvenskan,IF Brommapojkarna vs Degerfors IF,new_format,1.85,1.82,OVER,VALUABLE,0.588,-,NO_BET,0.4953,0.5369,-0.0953,0.0416,35.19,True,,NO_BET,39.0,e534fb973ebd8b14,e19177226b8ec597,,,,,
2026-08-17T13:56:12Z,2026-08-23,Sweden Allsvenskan,Hammarby IF vs GAIS,new_format,1.58,2.33,UNDER,VALUABLE,0.489,-,NO_BET,0.6051,0.5527,-0.2053,-0.0524,35.19,True,,NO_BET,39.0,c44070f386265ac6,17cb65f20a2eced7,,,,,
2026-08-17T13:56:12Z,2026-08-17,Finland Veikkausliiga,IF Gnistan vs Ilves Tampere,new_format,1.57,2.35,UNDER,AVOID,0.582,-,NO_BET,0.6091,0.597,-0.1405,-0.012,21.9,True,,NO_BET,26.0,cce5af9a6680980c,eb6651fd19101c44,,,,,
2026-08-17T13:56:12Z,2026-08-21,Finland Veikkausliiga,SJK Seinäjoki vs FC Lahti,new_format,1.65,2.06,UNDER,AVOID,0.533,-,NO_BET,0.5633,0.5495,-0.1745,-0.0138,21.9,True,,NO_BET,26.0,bd618459037c5e2c,a72c731faee41b44,,,,,
2026-08-17T13:56:12Z,2026-08-22,Finland Veikkausliiga,Jaro vs AC Oulu,new_format,1.62,2.1,UNDER,AVOID,0.533,-,NO_BET,0.5741,0.5557,-0.1797,-0.0184,21.9,True,,NO_BET,26.0,ca252bb9115dfdaa,af6f44482fd01fd4,,,,,
2026-08-17T13:56:12Z,2026-08-22,Finland Veikkausliiga,Ilves Tampere vs VPS Vaasa,new_format,1.65,2.06,UNDER,AVOID,0.505,-,NO_BET,0.5633,0.5372,-0.1947,-0.026,21.9,True,,NO_BET,26.0,e40b66bca3e1c137,524a9f4df465a1ae,,,,,
2026-08-17T13:56:12Z,2026-08-23,Finland Veikkausliiga,HJK Helsinki vs IF Gnistan,new_format,1.52,2.42,UNDER,VALUABLE,0.528,-,NO_BET,0.6269,0.5825,-0.1906,-0.0443,21.9,True,,NO_BET,26.0,c24162f6d195d9be,922092de05235239,,,,,
2026-08-17T13:56:12Z,2026-08-23,Finland Veikkausliiga,KuPS Kuopio vs IFK Mariehamn,new_format,1.41,2.75,UNDER,VALUABLE,0.584,-,NO_BET,0.6795,0.6363,-0.1742,-0.0431,21.9,True,,NO_BET,26.0,6112c05b485e51fa,c1630e7b6dc765b0,,,,,
2026-08-17T13:56:12Z,2026-08-23,Finland Veikkausliiga,TPS Turku vs FC Inter Turku,new_format,1.82,1.92,UNDER,AVOID,0.478,-,NO_BET,0.5148,0.498,-0.1811,-0.0168,21.9,True,,NO_BET,26.0,83bbb68d33b4afe6,6152520c1be82140,,,,,
2026-08-17T13:56:12Z,2026-08-21,Ireland Premier Division,Bohemians vs Derry City,new_format,1.95,1.75,OVER,AVOID,0.493,-,NO_BET,0.4694,0.48,-0.1564,0.0106,-4.82,True,,NO_BET,19.0,2f851ae06b80d286,674cc225a2345e41,,,,,
2026-08-17T13:56:12Z,2026-08-21,Ireland Premier Division,Drogheda United vs St Patricks Athletic,new_format,1.85,1.85,UNDER,AVOID,0.447,-,NO_BET,0.5,0.4761,-0.2079,-0.0239,-4.82,True,,NO_BET,19.0,21947e11f94821bd,8aac13be262fd09f,,,,,
2026-08-17T13:56:12Z,2026-08-21,Ireland Premier Division,Dundalk vs Galway United,new_format,1.55,2.28,UNDER,VALUABLE,0.506,-,NO_BET,0.6079,0.562,-0.2063,-0.0459,-4.82,True,,NO_BET,19.0,7ba79f91b370cf63,acc02f7cf43fc038,,,,,
2026-08-17T13:56:12Z,2026-08-22,Austrian Bundesliga,Sturm Graz vs Austria Lustenau,new_format,1.51,2.27,UNDER,AVOID,0.47,-,NO_BET,0.6171,0.5508,-0.2442,-0.0663,7.32,True,,NO_BET,12.0,058b78005de8d2fe,321fcae89cca654f,,,,,
2026-08-17T13:56:12Z,2026-08-22,Austrian Bundesliga,Rheindorf Altach vs Hartberg,new_format,1.85,1.79,UNDER,AVOID,0.468,-,NO_BET,0.4905,0.4802,-0.2003,-0.0103,7.32,True,,NO_BET,12.0,948fa78de9ea9e66,70b5e55c29afd178,,,,,
2026-08-17T13:56:12Z,2026-08-21,Austrian Bundesliga,Ried vs Grazer AK,new_format,1.94,1.8,UNDER,AVOID,0.468,-,NO_BET,0.4792,0.4743,-0.1719,-0.005,7.32,True,,NO_BET,12.0,222c65a1f42a024e,87c0d92c5e22cb79,,,,,
2026-08-17T13:56:12Z,2026-08-23,Denmark Superliga,Viborg FF vs FC Copenhagen,new_format,1.53,2.29,UNDER,AVOID,0.547,-,NO_BET,0.6137,0.5835,-0.1836,-0.0302,30.64,True,,NO_BET,20.0,2edd173023dd9492,1a1bdf4df6fb5a21,,,,,
2026-08-17T13:56:12Z,2026-08-23,La Liga 2,Sporting Gijón vs Burgos CF,standard,2.32,1.55,OVER,AVOID,0.446,-,NO_BET,0.3887,0.4086,-0.1576,0.0199,1.85,True,,NO_BET,9.0,378e475f04df36ea,7ae20c8c12ff359c,,,,,
2026-08-17T13:56:12Z,2026-08-23,La Liga 2,CD Castellón vs Sabadell FC,standard,1.75,1.95,OVER,AVOID,0.531,-,NO_BET,0.5306,0.5308,-0.1561,0.0002,1.85,True,,NO_BET,9.0,6e00535f08d24c9d,c09b8168bb83fb7a,,,,,
2026-08-17T13:56:12Z,2026-08-23,La Liga 2,Tenerife vs Almería,standard,2.0,1.72,OVER,AVOID,0.484,-,NO_BET,0.4576,0.4681,-0.158,0.0105,1.85,True,,NO_BET,9.0,fd4f92a95702e93a,c7481d5ce8b16d9f,,,,,
2026-08-17T13:56:12Z,2026-08-22,Serie B,Avellino vs Arezzo,standard,2.18,1.62,OVER,AVOID,0.511,-,NO_BET,0.4176,0.4502,-0.1193,0.0326,,True,,NO_BET,,9d385cbbcbcb7415,7a46f115bb870366,,,,,
2026-08-17T13:56:12Z,2026-08-22,Serie B,Benevento vs Modena,standard,1.89,1.88,UNDER,AVOID,0.439,-,NO_BET,0.4985,0.4746,-0.1931,-0.024,,True,,NO_BET,,d84f51112e02181d,0f1dd72c2fd3f6e9,,,,,
2026-08-17T13:56:12Z,2026-08-22,Serie B,Carrarese vs Mantova,standard,1.92,1.78,OVER,AVOID,0.503,-,NO_BET,0.4786,0.4883,-0.1537,0.0097,,True,,NO_BET,,c58bd29f749d8e33,fa05ee56ed0940c8,,,,,
2026-08-17T13:56:12Z,2026-08-22,Serie B,Empoli vs Cremonese,standard,2.0,1.72,OVER,AVOID,0.48,-,NO_BET,0.4576,0.4666,-0.161,0.009,,True,,NO_BET,,13b1ef6e2f64d8b7,78b400c55f9fe40a,,,,,
2026-08-17T13:56:12Z,2026-08-22,Serie B,Südtirol vs Virtus Entella,standard,2.48,1.48,OVER,VALUABLE,0.471,-,NO_BET,0.3581,0.3977,-0.125,0.0396,,True,,NO_BET,,0b343f2ad6bb1903,8c2d6dd4c33cd225,,,,,
2026-08-17T13:56:12Z,2026-08-22,La Liga 2,AD Ceuta FC vs Las Palmas,standard,1.95,1.75,UNDER,AVOID,0.47,-,NO_BET,0.4694,0.4696,-0.1766,0.0002,1.85,True,,NO_BET,9.0,577f76171a29f519,23b357a20ced1669,,,,,
2026-08-17T13:56:12Z,2026-08-22,Serie B,Vicenza vs US Catanzaro 1929,standard,2.07,1.73,OVER,AVOID,0.5,-,NO_BET,0.4511,0.4681,-0.1278,0.017,,True,,NO_BET,,ea6d4a703eeef71f,559e22a01d22950f,,,,,
2026-08-17T13:56:12Z,2026-08-23,Serie B,Pisa vs Padova,standard,2.06,1.68,OVER,AVOID,0.475,-,NO_BET,0.4428,0.454,-0.1611,0.0112,,True,,NO_BET,,39fe5c204e52c031,4235a4540b5c7db5,,,,,
2026-08-17T13:56:12Z,2026-08-23,Serie B,Cesena FC vs Sampdoria,standard,2.0,1.71,OVER,AVOID,0.511,-,NO_BET,0.4557,0.4777,-0.1389,0.0219,,True,,NO_BET,,a07e1d1955a4736f,248d6a8232e7889f,,,,,
2026-08-17T13:56:12Z,2026-08-23,Serie B,Palermo vs Juve Stabia,standard,2.04,1.7,OVER,AVOID,0.505,-,NO_BET,0.449,0.4687,-0.1396,0.0197,,True,,NO_BET,,645a4916d7392ced,0142898a6224b3ee,,,,,
2026-08-17T13:56:12Z,2026-08-17,Denmark Superliga,Brondby IF vs SonderjyskE,new_format,1.56,2.22,UNDER,AVOID,0.581,-,NO_BET,0.6,0.5916,-0.1546,-0.0084,30.64,True,,NO_BET,20.0,344f1a90eda6f34c,65eb8968c2111a93,,,,,
2026-08-17T13:56:12Z,2026-08-23,Denmark Superliga,SonderjyskE vs FC Nordsjaelland,new_format,1.55,2.38,UNDER,VALUABLE,0.522,-,NO_BET,0.6163,0.574,-0.1875,-0.0423,30.64,True,,NO_BET,20.0,f4032f14fb0d9d0d,b1a64c01aa2e8b3a,,,,,
2026-08-17T13:56:12Z,2026-08-23,Denmark Superliga,AGF Aarhus vs OB Odense BK,new_format,1.65,2.22,UNDER,AVOID,0.531,-,NO_BET,0.58,0.558,-0.1604,-0.022,30.64,True,,NO_BET,20.0,3b450d8f7ba2c2dd,f054ec501c81493d,,,,,
2026-08-17T13:56:12Z,2026-08-23,Denmark Superliga,FC Midtjylland vs Randers FC,new_format,1.62,2.28,UNDER,AVOID,0.536,-,NO_BET,0.5918,0.5666,-0.1621,-0.0253,30.64,True,,NO_BET,20.0,82218c5aa9557a68,1ef4e6b5eb790111,,,,,
2026-08-17T13:56:12Z,2026-08-23,Denmark Superliga,AC Horsens vs Lyngby,new_format,1.82,1.98,OVER,VALUABLE,0.59,-,NO_BET,0.5228,0.5529,-0.081,0.0301,30.64,True,,NO_BET,20.0,2131c822e0eebc82,5799441b786b1185,,,,,
2026-08-17T13:56:12Z,2026-08-23,Serie B,Hellas Verona vs Ascoli,standard,1.78,1.92,OVER,AVOID,0.528,-,NO_BET,0.5214,0.5242,-0.153,0.0028,,True,,NO_BET,,d8f8d38e2c39d02a,1704f9153b0f21ec,,,,,
2026-08-17T13:56:12Z,2026-08-23,USA MLS,Atlanta United FC vs Sporting Kansas City,new_format,1.44,2.5,UNDER,AVOID,0.574,-,NO_BET,0.6549,0.6183,-0.1824,-0.0366,59.7,True,,NO_BET,50.0,bb98a7065b65d56f,45da42e1ada2a5fa,,,,,
2026-08-17T14:14:24Z,2026-08-17,Championship,Cardiff City vs Wrexham AFC,standard,1.75,2.04,UNDER,AVOID,0.492,-,NO_BET,0.5419,0.522,-0.1714,-0.0198,9.95,True,,NO_BET,1.0,5d26b3d5d81cb37c,efc0a3476b4d732e,2026-08-17 19:00:00,285.6,,,
2026-08-17T14:14:24Z,2026-08-22,Championship,Birmingham City vs Bristol City,standard,1.75,1.93,UNDER,AVOID,0.508,-,NO_BET,0.5279,0.52,-0.175,-0.008,9.95,True,,NO_BET,1.0,c088a9969ad8cc5c,a47dc4bee8a03da1,2026-08-22 11:30:00,7035.6,,,
2026-08-17T14:14:24Z,2026-08-22,Championship,Lincoln City vs Portsmouth,standard,1.88,1.79,OVER,AVOID,0.533,-,NO_BET,0.486,0.5048,-0.1407,0.0188,9.95,True,,NO_BET,1.0,e4379f5d784193cf,155b0de84c25d55a,2026-08-22 11:30:00,7035.6,,,
2026-08-17T14:14:24Z,2026-08-22,Championship,Millwall vs Norwich City,standard,1.87,1.8,OVER,AVOID,0.536,-,NO_BET,0.4891,0.5078,-0.1398,0.0187,9.95,True,,NO_BET,1.0,9e2d3922a137c442,db3c61c2e072dbdf,2026-08-22 11:30:00,7035.6,,,
2026-08-17T14:14:24Z,2026-08-22,Championship,Blackburn Rovers vs Middlesbrough,standard,1.93,1.75,OVER,AVOID,0.515,-,NO_BET,0.4721,0.4894,-0.147,0.0174,9.95,True,,NO_BET,1.0,585c2c9970102457,02a22a36ced051c8,2026-08-22 14:00:00,7185.6,,,
2026-08-17T14:14:24Z,2026-08-22,Championship,Queens Park Rangers vs Bolton Wanderers,standard,1.89,1.88,UNDER,AVOID,0.487,-,NO_BET,0.4985,0.4941,-0.1563,-0.0044,9.95,True,,NO_BET,1.0,c03eda20eec29e1a,d9b8a296ae143bb1,2026-08-22 14:00:00,7185.6,,,
2026-08-17T14:14:24Z,2026-08-22,Championship,Derby County vs Cardiff City,standard,1.95,1.82,UNDER,AVOID,0.473,-,NO_BET,0.4811,0.4777,-0.1608,-0.0034,9.95,True,,NO_BET,1.0,99beb7f755670a49,e85e76f384c9ac25,2026-08-22 14:00:00,7185.6,,,
2026-08-17T14:14:24Z,2026-08-22,Championship,West Ham United vs Charlton Athletic,standard,1.6,2.14,UNDER,AVOID,0.533,-,NO_BET,0.5828,0.563,-0.1783,-0.0197,9.95,True,,NO_BET,1.0,e95e1303db81a304,fb14a12d4b13b82d,2026-08-22 14:00:00,7185.6,,,
2026-08-17T14:14:24Z,2026-08-22,Championship,Preston North End vs Wolverhampton Wanderers,standard,1.75,2.0,UNDER,AVOID,0.507,-,NO_BET,0.537,0.5251,-0.166,-0.0119,9.95,True,,NO_BET,1.0,a0c0c54fc0b42e40,25190d76278bcbab,2026-08-22 14:00:00,7185.6,,,
2026-08-17T14:14:24Z,2026-08-22,Championship,Swansea City vs Sheffield United,standard,1.82,1.85,UNDER,AVOID,0.5,-,NO_BET,0.5047,0.5026,-0.1728,-0.002,9.95,True,,NO_BET,1.0,c759db8fc8c0f39a,94979167e602b8a5,2026-08-22 14:00:00,7185.6,,,
2026-08-17T14:14:24Z,2026-08-22,Championship,Southampton vs Stoke City,standard,1.6,2.16,UNDER,AVOID,0.532,-,NO_BET,0.5848,0.5635,-0.1775,-0.0213,9.95,True,,NO_BET,1.0,d9bc916a9932894b,87221b8586931d57,2026-08-22 14:00:00,7185.6,,,
2026-08-17T14:14:24Z,2026-08-22,Championship,Wrexham AFC vs Watford,standard,1.75,1.93,UNDER,AVOID,0.507,-,NO_BET,0.5279,0.5196,-0.1756,-0.0083,9.95,True,,NO_BET,1.0,1726a8cedfdedbb1,0221f5d30947ec7a,2026-08-22 14:00:00,7185.6,,,
2026-08-17T14:14:24Z,2026-08-23,Championship,West Bromwich Albion vs Burnley,standard,2.07,1.73,UNDER,AVOID,0.449,-,NO_BET,0.4511,0.4504,-0.1644,-0.0007,9.95,True,,NO_BET,1.0,312f43d553da2391,6f3862f9f1f1f351,2026-08-23 11:00:00,8445.6,,,
2026-08-17T14:14:24Z,2026-08-20,League One,Sheffield Wednesday vs Bradford City,standard,1.92,1.85,OVER,AVOID,0.503,-,NO_BET,0.4898,0.4953,-0.1403,0.0055,1.3,True,,NO_BET,6.0,7c54c7306abfc60a,f82e14f94c8b83ca,2026-08-20 19:00:00,4605.6,,,
2026-08-17T14:14:24Z,2026-08-22,League One,Doncaster Rovers vs Barnsley,standard,1.67,2.0,UNDER,AVOID,0.522,-,NO_BET,0.552,0.5399,-0.1804,-0.0122,1.3,True,,NO_BET,6.0,b5e9d02d86e2c349,998a607adb38c00f,2026-08-22 11:30:00,7035.6,,,
2026-08-17T14:14:24Z,2026-08-22,League One,Luton vs Notts County,standard,1.73,2.07,UNDER,AVOID,0.469,-,NO_BET,0.5489,0.5168,-0.1901,-0.0321,1.3,True,,NO_BET,6.0,927eb44f9febae39,5440cea59527381d,2026-08-22 11:30:00,7035.6,,,
2026-08-17T14:14:24Z,2026-08-22,League One,Stockport County FC vs Blackpool,standard,1.79,1.99,UNDER,AVOID,0.493,-,NO_BET,0.5289,0.5144,-0.1657,-0.0145,1.3,True,,NO_BET,6.0,53cb1e404c642515,0f02ba8427a9435a,2026-08-22 14:00:00,7185.6,,,
2026-08-17T14:14:24Z,2026-08-22,League One,Bromley FC vs Cambridge United,standard,1.99,1.76,OVER,AVOID,0.524,-,NO_BET,0.466,0.4893,-0.1202,0.0233,1.3,True,,NO_BET,6.0,ea7bc14293a54442,113f5c54dbc3a450,2026-08-22 14:00:00,7185.6,,,
2026-08-17T14:14:24Z,2026-08-22,League One,Leicester City vs Burton Albion,standard,1.65,2.19,UNDER,AVOID,0.504,-,NO_BET,0.5771,0.548,-0.1769,-0.0291,1.3,True,,NO_BET,6.0,6189b0cc5ee11444,799a4cfb52e3f493,2026-08-22 14:00:00,7185.6,,,
2026-08-17T14:14:24Z,2026-08-22,League One,Milton Keynes Dons vs Huddersfield Town,standard,1.85,1.92,UNDER,AVOID,0.477,-,NO_BET,0.5102,0.497,-0.1693,-0.0132,1.3,True,,NO_BET,6.0,34aef29ca9489a97,3684834a08520a65,2026-08-22 14:00:00,7185.6,,,
2026-08-17T14:14:24Z,2026-08-22,League One,Wigan Athletic vs Leyton Orient,standard,2.03,1.65,OVER,AVOID,0.518,-,NO_BET,0.4402,0.4676,-0.1461,0.0273,1.3,True,,NO_BET,6.0,352dc6f5880006c8,510feb31f47522cc,2026-08-22 14:00:00,7185.6,,,
2026-08-17T14:14:24Z,2026-08-22,League One,Peterborough United vs Mansfield Town,standard,1.58,2.13,UNDER,AVOID,0.51,-,NO_BET,0.5863,0.5557,-0.2006,-0.0306,1.3,True,,NO_BET,6.0,cb82d5707ca72331,9c4cde26fba2b547,2026-08-22 14:00:00,7185.6,,,
2026-08-17T14:14:24Z,2026-08-22,League One,Stevenage vs Oxford United,standard,2.1,1.71,OVER,AVOID,0.489,-,NO_BET,0.444,0.4597,-0.1326,0.0156,1.3,True,,NO_BET,6.0,4d764238c0b9c927,2e2b5cad3543e54c,2026-08-22 14:00:00,7185.6,,,
2026-08-17T14:14:24Z,2026-08-22,League One,Wycombe Wanderers vs Plymouth Argyle,standard,1.73,1.91,UNDER,AVOID,0.511,-,NO_BET,0.5287,0.5217,-0.1817,-0.0071,1.3,True,,NO_BET,6.0,e94e43ad74779010,f1f49492268c307d,2026-08-22 14:00:00,7185.6,,,
2026-08-17T14:14:24Z,2026-08-22,League One,Wimbledon vs Reading,standard,2.01,1.77,OVER,AVOID,0.487,-,NO_BET,0.4652,0.4729,-0.144,0.0077,1.3,True,,NO_BET,6.0,f38d8641ed03da92,7c73614cd744d43f,2026-08-22 14:00:00,7185.6,,,
2026-08-17T14:14:24Z,2026-08-22,League Two,Bristol Rovers vs Newport County,standard,1.77,2.0,UNDER,AVOID,0.505,-,NO_BET,0.5336,0.5221,-0.1616,-0.0115,,True,,NO_BET,,17bafb23a4b3fd5d,aa3ca76871a63a6f,2026-08-22 11:30:00,7035.6,,,
2026-08-17T14:14:24Z,2026-08-22,League Two,Salford City vs Chesterfield FC,standard,2.08,1.71,OVER,AVOID,0.485,-,NO_BET,0.4463,0.4597,-0.141,0.0134,,True,,NO_BET,,3e774a9edc734f86,99454c38feda1165,2026-08-22 11:30:00,7035.6,,,
2026-08-17T14:14:24Z,2026-08-22,League Two,Walsall vs Grimsby Town,standard,2.05,1.73,OVER,AVOID,0.475,-,NO_BET,0.4534,0.461,-0.1509,0.0076,,True,,NO_BET,,b9072f867463e8a1,fa4f7b922d261866,2026-08-22 11:30:00,7035.6,,,
2026-08-17T14:14:24Z,2026-08-22,League Two,Exeter City vs Accrington Stanley,standard,1.92,1.84,OVER,AVOID,0.51,-,NO_BET,0.4883,0.4969,-0.1373,0.0086,,True,,NO_BET,,5a531aaf6425f28a,1c6d3b5b53d323fc,2026-08-22 14:00:00,7185.6,,,
2026-08-17T14:14:24Z,2026-08-22,League Two,Shrewsbury Town vs Barnet,standard,1.93,1.85,UNDER,AVOID,0.483,-,NO_BET,0.4885,0.4864,-0.1529,-0.0021,,True,,NO_BET,,0c8e7ed64b7e73a8,06188a726d47251a,2026-08-22 14:00:00,7185.6,,,
2026-08-17T14:14:24Z,2026-08-22,League Two,Swindon Town vs Cheltenham Town,standard,1.85,1.93,UNDER,AVOID,0.498,-,NO_BET,0.5115,0.5059,-0.1527,-0.0056,,True,,NO_BET,,05655077666479d6,7870610995dba35c,2026-08-22 14:00:00,7185.6,,,
2026-08-17T14:14:24Z,2026-08-22,League Two,Colchester United vs Oldham Athletic,standard,1.9,1.88,UNDER,AVOID,0.465,-,NO_BET,0.4971,0.4842,-0.1705,-0.0129,,True,,NO_BET,,6cd9357b1ce19aca,f0d33dd19e694f59,2026-08-22 14:00:00,7185.6,,,
2026-08-17T14:14:24Z,2026-08-22,League Two,Rochdale vs Crawley Town,standard,1.84,1.92,UNDER,AVOID,0.473,-,NO_BET,0.5117,0.4963,-0.1751,-0.0154,,True,,NO_BET,,f1015c441b4c1bf2,1ee0bf627fb93f68,2026-08-22 14:00:00,7185.6,,,
2026-08-17T14:14:24Z,2026-08-22,League Two,Crewe Alexandra vs Northampton Town,standard,1.96,1.8,OVER,AVOID,0.485,-,NO_BET,0.4766,0.48,-0.152,0.0034,,True,,NO_BET,,1a3d69f4ae45916c,6e9f4a4a8a6fe952,2026-08-22 14:00:00,7185.6,,,
2026-08-17T14:14:24Z,2026-08-22,League Two,Fleetwood Town vs Gillingham,standard,1.95,1.84,UNDER,AVOID,0.472,-,NO_BET,0.4842,0.4793,-0.1577,-0.0049,,True,,NO_BET,,c8126df620692995,e3ab664e96203cb7,2026-08-22 14:00:00,7185.6,,,
2026-08-17T14:14:24Z,2026-08-22,League Two,Port Vale vs Tranmere Rovers,standard,2.08,1.71,OVER,AVOID,0.499,-,NO_BET,0.4463,0.4647,-0.1306,0.0184,,True,,NO_BET,,01c5d023f21e7ce1,5d192357a3edd6da,2026-08-22 14:00:00,7185.6,,,
2026-08-17T14:14:24Z,2026-08-22,League Two,Rotherham United vs York City,standard,1.87,1.87,OVER,AVOID,0.556,-,NO_BET,0.5,0.5225,-0.1124,0.0225,,True,,NO_BET,,60a9d55220628fec,2606af3a87220326,2026-08-22 14:00:00,7185.6,,,
2026-08-17T14:14:24Z,2026-08-17,La Liga 2,Sporting Gijón vs Sabadell FC,standard,2.14,1.74,OVER,AVOID,0.484,-,NO_BET,0.4452,0.4587,-0.1178,0.0135,1.85,True,,NO_BET,9.0,81c78f86c9a66229,bca5fa44612a8eca,2026-08-17 17:00:00,165.6,,,
2026-08-17T14:14:24Z,2026-08-17,La Liga 2,Almería vs CD Eldense,standard,1.62,2.36,UNDER,VALUABLE,0.443,-,NO_BET,0.5987,0.5364,-0.2111,-0.0623,1.85,True,,NO_BET,9.0,d88f1cfd27d30207,d08bfaf18e935760,2026-08-17 19:30:00,315.6,,,
2026-08-17T14:14:24Z,2026-08-21,La Liga 2,Córdoba vs Girona FC,standard,2.05,1.68,OVER,AVOID,0.551,-,NO_BET,0.4439,0.4815,-0.109,0.0376,1.85,True,,NO_BET,9.0,65c65cdd5624a45f,27cf92eaacb606e3,2026-08-21 19:00:00,6045.6,,,
2026-08-17T14:14:24Z,2026-08-22,La Liga 2,Oviedo vs Leganés,standard,2.05,1.7,OVER,AVOID,0.482,-,NO_BET,0.4478,0.4599,-0.1532,0.0121,1.85,True,,NO_BET,9.0,8b12053b3be90f41,9c05c4bc59ac6c81,2026-08-22 15:00:00,7245.6,,,
2026-08-17T14:14:24Z,2026-08-22,La Liga 2,AD Ceuta FC vs Las Palmas,standard,1.98,1.72,OVER,AVOID,0.474,-,NO_BET,0.4601,0.4657,-0.1713,0.0057,1.85,True,,NO_BET,9.0,577f76171a29f519,9111d5516179d605,2026-08-22 17:00:00,7365.6,,,
2026-08-17T14:14:24Z,2026-08-22,La Liga 2,Albacete vs Real Sociedad B,standard,1.82,1.88,UNDER,AVOID,0.481,-,NO_BET,0.5091,0.4981,-0.1811,-0.0111,1.85,True,,NO_BET,9.0,a2f2b6458bdd92d0,20b6f620f0a4ed4b,2026-08-22 17:00:00,7365.6,,,
2026-08-17T14:14:24Z,2026-08-22,La Liga 2,CD Eldense vs Cádiz CF,standard,2.05,1.68,OVER,AVOID,0.485,-,NO_BET,0.4439,0.4584,-0.1563,0.0145,1.85,True,,NO_BET,9.0,03d837992854f764,6c207a8148f30072,2026-08-22 19:30:00,7515.6,,,
2026-08-17T14:14:24Z,2026-08-23,La Liga 2,SD Eibar vs Real Valladolid CF,standard,2.22,1.58,OVER,VALUABLE,0.491,-,NO_BET,0.4048,0.4348,-0.1369,0.03,1.85,True,,NO_BET,9.0,45473472c3a80838,62da2c751c8985a0,2026-08-23 15:00:00,8685.6,,,
2026-08-17T14:14:24Z,2026-08-23,La Liga 2,Sporting Gijón vs Burgos CF,standard,2.32,1.55,OVER,AVOID,0.445,-,NO_BET,0.3887,0.4086,-0.1576,0.0199,1.85,True,,NO_BET,9.0,378e475f04df36ea,95c332d1994e0bd8,2026-08-23 17:00:00,8805.6,,,
2026-08-17T14:14:24Z,2026-08-23,La Liga 2,CD Castellón vs Sabadell FC,standard,1.75,1.95,OVER,AVOID,0.533,-,NO_BET,0.5306,0.5316,-0.1547,0.001,1.85,True,,NO_BET,9.0,6e00535f08d24c9d,c2b0fe75b1a6e314,2026-08-23 17:00:00,8805.6,,,
2026-08-17T14:14:24Z,2026-08-23,La Liga 2,Tenerife vs Almería,standard,2.0,1.72,OVER,AVOID,0.484,-,NO_BET,0.4576,0.4682,-0.1578,0.0106,1.85,True,,NO_BET,9.0,fd4f92a95702e93a,eb3e55e05ea7ff31,2026-08-23 19:30:00,8955.6,,,
2026-08-17T14:14:24Z,2026-08-22,Serie B,Avellino vs Arezzo,standard,2.18,1.62,OVER,AVOID,0.511,-,NO_BET,0.4176,0.4501,-0.1194,0.0326,,True,,NO_BET,,9d385cbbcbcb7415,395ff6eefa0e8398,2026-08-22 15:00:00,7245.6,,,
2026-08-17T14:14:24Z,2026-08-22,Serie B,Benevento vs Modena,standard,1.89,1.88,UNDER,AVOID,0.442,-,NO_BET,0.4985,0.4761,-0.1903,-0.0225,,True,,NO_BET,,d84f51112e02181d,c3e7c14473d91634,2026-08-22 15:00:00,7245.6,,,
2026-08-17T14:14:24Z,2026-08-22,Serie B,Carrarese vs Mantova,standard,1.92,1.78,OVER,AVOID,0.503,-,NO_BET,0.4786,0.4883,-0.1537,0.0097,,True,,NO_BET,,c58bd29f749d8e33,925de29973da8c86,2026-08-22 15:00:00,7245.6,,,
2026-08-17T14:14:24Z,2026-08-22,Serie B,Empoli vs Cremonese,standard,2.0,1.72,OVER,AVOID,0.48,-,NO_BET,0.4576,0.4667,-0.1607,0.0091,,True,,NO_BET,,13b1ef6e2f64d8b7,cc739a2ee37ecddf,2026-08-22 15:00:00,7245.6,,,
2026-08-17T14:14:24Z,2026-08-22,Serie B,Südtirol vs Virtus Entella,standard,2.48,1.48,OVER,VALUABLE,0.468,-,NO_BET,0.3581,0.3966,-0.1275,0.0386,,True,,NO_BET,,0b343f2ad6bb1903,b56d0517cfb70399,2026-08-22 15:00:00,7245.6,,,
2026-08-17T14:14:24Z,2026-08-22,Serie B,Vicenza vs US Catanzaro 1929,standard,2.07,1.73,OVER,AVOID,0.499,-,NO_BET,0.4511,0.4678,-0.1285,0.0167,,True,,NO_BET,,ea6d4a703eeef71f,85c13f15fae24f07,2026-08-22 15:00:00,7245.6,,,
2026-08-17T14:14:24Z,2026-08-23,Serie B,Hellas Verona vs Ascoli,standard,1.78,1.92,OVER,AVOID,0.529,-,NO_BET,0.5214,0.5244,-0.1526,0.003,,True,,NO_BET,,d8f8d38e2c39d02a,cb414ad43214d2e8,2026-08-23 17:00:00,8805.6,,,
2026-08-17T14:14:24Z,2026-08-23,Serie B,Pisa vs Padova,standard,2.06,1.68,OVER,AVOID,0.474,-,NO_BET,0.4428,0.4537,-0.1616,0.0109,,True,,NO_BET,,39fe5c204e52c031,7550d3c067ed0725,2026-08-23 17:00:00,8805.6,,,
2026-08-17T14:14:24Z,2026-08-23,Serie B,Cesena FC vs Sampdoria,standard,2.0,1.71,OVER,AVOID,0.505,-,NO_BET,0.4557,0.4754,-0.1435,0.0196,,True,,NO_BET,,a07e1d1955a4736f,c27833d82d68828f,2026-08-23 19:00:00,8925.6,,,
2026-08-17T14:14:24Z,2026-08-23,Serie B,Palermo vs Juve Stabia,standard,2.04,1.7,OVER,AVOID,0.505,-,NO_BET,0.449,0.4687,-0.1394,0.0198,,True,,NO_BET,,645a4916d7392ced,cfd03c6d54817994,2026-08-23 19:00:00,8925.6,,,
2026-08-17T14:14:24Z,2026-08-17,Denmark Superliga,Brondby IF vs SonderjyskE,new_format,1.56,2.22,UNDER,AVOID,0.581,-,NO_BET,0.6,0.5916,-0.1546,-0.0084,30.64,True,,NO_BET,20.0,344f1a90eda6f34c,2593c8df77fc406d,2026-08-17 17:00:00,165.6,,,
2026-08-17T14:14:24Z,2026-08-23,Denmark Superliga,SonderjyskE vs FC Nordsjaelland,new_format,1.55,2.38,UNDER,VALUABLE,0.513,-,NO_BET,0.6163,0.5697,-0.1942,-0.0465,30.64,True,,NO_BET,20.0,f4032f14fb0d9d0d,c0940906b6250efa,2026-08-23 10:00:00,8385.6,,,
2026-08-17T14:14:24Z,2026-08-23,Denmark Superliga,AGF Aarhus vs OB Odense BK,new_format,1.65,2.22,UNDER,AVOID,0.531,-,NO_BET,0.58,0.5581,-0.1603,-0.0219,30.64,True,,NO_BET,20.0,3b450d8f7ba2c2dd,17e36b942f6138b0,2026-08-23 12:00:00,8505.6,,,
2026-08-17T14:14:24Z,2026-08-23,Denmark Superliga,FC Midtjylland vs Randers FC,new_format,1.62,2.28,UNDER,AVOID,0.555,-,NO_BET,0.5918,0.5752,-0.148,-0.0166,30.64,True,,NO_BET,20.0,82218c5aa9557a68,a30dc6be570fcc89,2026-08-23 12:00:00,8505.6,,,
2026-08-17T14:14:24Z,2026-08-23,Denmark Superliga,AC Horsens vs Lyngby,new_format,1.82,1.98,OVER,VALUABLE,0.601,-,NO_BET,0.5228,0.5581,-0.0717,0.0353,30.64,True,,NO_BET,20.0,2131c822e0eebc82,b80a621b17932307,2026-08-23 14:00:00,8625.6,,,
2026-08-17T14:14:24Z,2026-08-23,Denmark Superliga,Viborg FF vs FC Copenhagen,new_format,1.53,2.29,UNDER,AVOID,0.567,-,NO_BET,0.6137,0.5928,-0.1694,-0.021,30.64,True,,NO_BET,20.0,2edd173023dd9492,f850d46a13f27593,2026-08-23 16:00:00,8745.6,,,
2026-08-17T14:14:24Z,2026-08-21,Austrian Bundesliga,Ried vs Grazer AK,new_format,1.94,1.8,OVER,AVOID,0.48,-,NO_BET,0.4792,0.4797,-0.1614,0.0005,7.32,True,,NO_BET,12.0,222c65a1f42a024e,46f00829ea4a829f,2026-08-21 17:30:00,5955.6,,,
2026-08-17T14:14:24Z,2026-08-22,Austrian Bundesliga,Rheindorf Altach vs Hartberg,new_format,1.85,1.79,UNDER,AVOID,0.467,-,NO_BET,0.4905,0.48,-0.2006,-0.0104,7.32,True,,NO_BET,12.0,948fa78de9ea9e66,9ad7f3e68d5ff370,2026-08-22 15:00:00,7245.6,,,
2026-08-17T14:14:24Z,2026-08-22,Austrian Bundesliga,Sturm Graz vs Austria Lustenau,new_format,1.51,2.27,UNDER,AVOID,0.47,-,NO_BET,0.6171,0.5508,-0.2441,-0.0663,7.32,True,,NO_BET,12.0,058b78005de8d2fe,4fd3b78f2af97082,2026-08-22 17:30:00,7395.6,,,
2026-08-17T14:14:24Z,2026-08-17,Sweden Allsvenskan,BK Hacken vs Halmstads BK,new_format,1.41,2.85,UNDER,VALUABLE,0.574,-,NO_BET,0.6847,0.6349,-0.1762,-0.0498,35.19,True,,NO_BET,39.0,03027765cb24e221,51f7806f356bd229,2026-08-17 17:00:00,165.6,,,
2026-08-17T14:14:24Z,2026-08-21,Sweden Allsvenskan,IK Sirius vs BK Hacken,new_format,1.35,3.15,UNDER,VALUABLE,0.576,-,NO_BET,0.7181,0.654,-0.1861,-0.0641,35.19,True,,NO_BET,39.0,7af56695c089648c,ea23491fc2574a1c,2026-08-21 17:00:00,5925.6,,,
2026-08-17T14:14:24Z,2026-08-22,Sweden Allsvenskan,Örgryte IS vs Halmstads BK,new_format,1.74,1.93,OVER,AVOID,0.536,-,NO_BET,0.5297,0.5326,-0.1578,0.0029,35.19,True,,NO_BET,39.0,845a9edd535fcc09,3f4dbec346e5c502,2026-08-22 13:00:00,7125.6,,,
2026-08-17T14:14:24Z,2026-08-23,Sweden Allsvenskan,IFK Goteborg vs IF Elfsborg,new_format,1.72,2.08,UNDER,AVOID,0.494,-,NO_BET,0.5519,0.5257,-0.1796,-0.0262,35.19,True,,NO_BET,39.0,2d70ca460fed9805,03cf922c2a1841e9,2026-08-23 12:00:00,8505.6,,,
2026-08-17T14:14:24Z,2026-08-23,Sweden Allsvenskan,Västerås SK vs Kalmar FF,new_format,1.72,1.96,OVER,AVOID,0.552,-,NO_BET,0.5373,0.544,-0.148,0.0067,35.19,True,,NO_BET,39.0,0096b84d831f59ac,1169944129b734f3,2026-08-23 12:00:00,8505.6,,,
2026-08-17T14:14:24Z,2026-08-23,Sweden Allsvenskan,IF Brommapojkarna vs Degerfors IF,new_format,1.85,1.82,OVER,VALUABLE,0.581,-,NO_BET,0.4953,0.5337,-0.1013,0.0384,35.19,True,,NO_BET,39.0,e534fb973ebd8b14,2689842d44542caa,2026-08-23 14:30:00,8655.6,,,
2026-08-17T14:14:24Z,2026-08-23,Sweden Allsvenskan,Hammarby IF vs GAIS,new_format,1.58,2.33,UNDER,VALUABLE,0.489,-,NO_BET,0.6051,0.5527,-0.2052,-0.0524,35.19,True,,NO_BET,39.0,c44070f386265ac6,6bd06bb88a44717c,2026-08-23 14:30:00,8655.6,,,
2026-08-17T14:14:24Z,2026-08-17,Finland Veikkausliiga,IF Gnistan vs Ilves Tampere,new_format,1.57,2.35,UNDER,AVOID,0.583,-,NO_BET,0.6091,0.5972,-0.1402,-0.0119,21.9,True,,NO_BET,26.0,cce5af9a6680980c,529f44356700bf7d,2026-08-17 15:00:00,45.6,,,
2026-08-17T14:14:24Z,2026-08-21,Finland Veikkausliiga,SJK Seinäjoki vs FC Lahti,new_format,1.65,2.06,UNDER,VALUABLE,0.462,-,NO_BET,0.5633,0.5176,-0.2272,-0.0457,21.9,True,,NO_BET,26.0,bd618459037c5e2c,5d4c8ab291aba617,2026-08-21 16:00:00,5865.6,,,
2026-08-17T14:14:24Z,2026-08-22,Finland Veikkausliiga,Jaro vs AC Oulu,new_format,1.62,2.1,UNDER,AVOID,0.547,-,NO_BET,0.5741,0.5621,-0.1694,-0.012,21.9,True,,NO_BET,26.0,ca252bb9115dfdaa,3a2698c6bb046fe1,2026-08-22 14:00:00,7185.6,,,
2026-08-17T14:14:24Z,2026-08-22,Finland Veikkausliiga,Ilves Tampere vs VPS Vaasa,new_format,1.65,2.06,UNDER,AVOID,0.556,-,NO_BET,0.5633,0.5599,-0.1572,-0.0033,21.9,True,,NO_BET,26.0,e40b66bca3e1c137,3ae89c0c47221527,2026-08-22 14:00:00,7185.6,,,
2026-08-17T14:14:24Z,2026-08-23,Finland Veikkausliiga,HJK Helsinki vs IF Gnistan,new_format,1.52,2.42,UNDER,VALUABLE,0.527,-,NO_BET,0.6269,0.5821,-0.1912,-0.0447,21.9,True,,NO_BET,26.0,c24162f6d195d9be,8253a8a4719042e0,2026-08-23 12:00:00,8505.6,,,
2026-08-17T14:14:24Z,2026-08-23,Finland Veikkausliiga,KuPS Kuopio vs IFK Mariehamn,new_format,1.41,2.75,UNDER,VALUABLE,0.584,-,NO_BET,0.6795,0.6363,-0.1742,-0.0432,21.9,True,,NO_BET,26.0,6112c05b485e51fa,e04f40382598c963,2026-08-23 12:00:00,8505.6,,,
2026-08-17T14:14:24Z,2026-08-23,Finland Veikkausliiga,TPS Turku vs FC Inter Turku,new_format,1.82,1.92,UNDER,AVOID,0.478,-,NO_BET,0.5148,0.4982,-0.1808,-0.0166,21.9,True,,NO_BET,26.0,83bbb68d33b4afe6,b5bd170ae9048c36,2026-08-23 15:00:00,8685.6,,,
2026-08-17T14:14:24Z,2026-08-21,Ireland Premier Division,Bohemians vs Derry City,new_format,1.95,1.75,OVER,AVOID,0.495,-,NO_BET,0.4694,0.4809,-0.1546,0.0115,-4.82,True,,NO_BET,19.0,2f851ae06b80d286,a726b92ed4d9f4cf,2026-08-21 18:45:00,6030.6,,,
2026-08-17T14:14:24Z,2026-08-21,Ireland Premier Division,Drogheda United vs St Patricks Athletic,new_format,1.85,1.85,UNDER,AVOID,0.447,-,NO_BET,0.5,0.4761,-0.2078,-0.0239,-4.82,True,,NO_BET,19.0,21947e11f94821bd,d55d28912633d636,2026-08-21 18:45:00,6030.6,,,
2026-08-17T14:14:24Z,2026-08-21,Ireland Premier Division,Dundalk vs Galway United,new_format,1.55,2.28,UNDER,VALUABLE,0.506,-,NO_BET,0.6079,0.562,-0.2062,-0.0458,-4.82,True,,NO_BET,19.0,7ba79f91b370cf63,e36e9b67c3feb14a,2026-08-21 18:45:00,6030.6,,,
2026-08-17T14:14:24Z,2026-08-21,Ireland Premier Division,Sligo Rovers vs Waterford FC,new_format,1.62,2.15,UNDER,VALUABLE,0.471,-,NO_BET,0.5794,0.5306,-0.2205,-0.0488,-4.82,True,,NO_BET,19.0,e472ee9472e98272,2d56f27778c6d2ec,2026-08-21 19:00:00,6045.6,,,
2026-08-17T14:14:24Z,2026-08-17,Argentina Primera Division,Estudiantes de Río Cuarto vs Atlético Tucuman,new_format,2.95,1.39,OVER,VALUABLE,0.426,-,NO_BET,0.304,0.3468,-0.1039,0.0428,-15.62,True,,NO_BET,17.0,2bddb3c17ce35ca2,8eddcb46cb270fcd,2026-08-17 17:45:00,210.6,,,
2026-08-17T14:14:24Z,2026-08-17,Argentina Primera Division,Lanus vs Independiente,new_format,2.75,1.44,OVER,AVOID,0.375,-,NO_BET,0.3297,0.3455,-0.1697,0.0158,-15.62,True,,NO_BET,17.0,d41961f9e28bf2a6,a652cff82fee8c33,2026-08-17 20:00:00,345.6,,,
2026-08-17T14:14:24Z,2026-08-17,Argentina Primera Division,Velez Sarsfield BA vs Defensa y Justicia,new_format,2.25,1.64,OVER,AVOID,0.42,-,NO_BET,0.4151,0.4169,-0.165,0.0018,-15.62,True,,NO_BET,17.0,bba6522238550d38,782ee5621a009463,2026-08-17 22:15:00,480.6,,,
2026-08-17T14:14:24Z,2026-08-18,Argentina Primera Division,Gimnasia Mendoza vs Talleres,new_format,2.75,1.44,OVER,MARKSMAN,0.404,-,NO_BET,0.3297,0.3559,-0.1415,0.0262,-15.62,True,,NO_BET,17.0,c8aaa341fc9efeca,4a617d687d9197f8,2026-08-18 00:30:00,615.6,,,
2026-08-17T14:14:24Z,2026-08-21,Argentina Primera Division,Aldosivi Mar del Plata vs Union Santa Fe,new_format,2.5,1.5,OVER,AVOID,0.41,-,NO_BET,0.3621,0.379,-0.164,0.0169,-15.62,True,,NO_BET,17.0,20d847af14fb12cd,6b93954b2641824a,2026-08-21 17:30:00,5955.6,,,
2026-08-17T14:14:24Z,2026-08-21,Argentina Primera Division,Estudiantes de Río Cuarto vs San Lorenzo,new_format,2.95,1.39,OVER,VALUABLE,0.407,-,NO_BET,0.304,0.3402,-0.1233,0.0362,-15.62,True,,NO_BET,17.0,5cbcc2b632710e46,a78a37b6868c7183,2026-08-21 23:00:00,6285.6,,,
2026-08-17T14:14:24Z,2026-08-22,Argentina Primera Division,Atlético Tucuman vs Instituto de Córdoba,new_format,2.25,1.56,OVER,AVOID,0.413,-,NO_BET,0.3972,0.4026,-0.197,0.0053,-15.62,True,,NO_BET,17.0,29652f1d117edf26,28b7eb10cc57961a,2026-08-22 19:00:00,7485.6,,,
2026-08-17T14:14:24Z,2026-08-22,Argentina Primera Division,Gimnasia La Plata vs Gimnasia Mendoza,new_format,2.32,1.52,OVER,AVOID,0.447,-,NO_BET,0.3812,0.4041,-0.1678,0.023,-15.62,True,,NO_BET,17.0,09ede06d62151824,922f5a41165cc401,2026-08-22 19:00:00,7485.6,,,
2026-08-17T14:14:24Z,2026-08-22,Argentina Primera Division,Independiente vs Independiente Rivadavia,new_format,2.13,1.61,UNDER,AVOID,0.378,-,NO_BET,0.4205,0.4058,-0.2342,-0.0148,-15.62,True,,NO_BET,17.0,001142c12709356d,eaee3c21ccb79012,2026-08-22 21:30:00,7635.6,,,
2026-08-17T14:14:24Z,2026-08-23,Argentina Primera Division,Atlético Huracán vs Deportivo Riestra,new_format,2.95,1.39,OVER,VALUABLE,0.393,-,NO_BET,0.304,0.3352,-0.1379,0.0312,-15.62,True,,NO_BET,17.0,cde8fb5682d0d1c7,f9a017291d12976e,2026-08-23 00:00:00,7785.6,,,
2026-08-17T14:14:24Z,2026-08-23,Argentina Primera Division,Newells Old Boys vs Banfield,new_format,2.4,1.49,OVER,AVOID,0.391,-,NO_BET,0.3668,0.3753,-0.2072,0.0085,-15.62,True,,NO_BET,17.0,251f8abbf62c3b90,ae89945c6f46b4f8,2026-08-23 00:00:00,7785.6,,,
2026-08-17T14:14:24Z,2026-08-23,Argentina Primera Division,Barracas Central vs Platense,new_format,2.95,1.39,OVER,AVOID,0.369,-,NO_BET,0.304,0.3267,-0.1627,0.0226,-15.62,True,,NO_BET,17.0,1533559b31b013c9,f70f1e137e460740,2026-08-23 17:45:00,8850.6,,,
2026-08-17T14:14:24Z,2026-08-23,Argentina Primera Division,Sarmiento de Junin vs Estudiantes,new_format,2.58,1.49,OVER,AVOID,0.378,-,NO_BET,0.354,0.3626,-0.1787,0.0086,-15.62,True,,NO_BET,17.0,0c98b3893390b6b3,055de5f461ec1908,2026-08-23 17:45:00,8850.6,,,
2026-08-17T14:14:24Z,2026-08-23,Argentina Primera Division,Belgrano de Cordoba vs Defensa y Justicia,new_format,2.38,1.49,OVER,AVOID,0.448,-,NO_BET,0.3683,0.3961,-0.1646,0.0278,-15.62,True,,NO_BET,17.0,25f07189aa0c7c54,f936228c863229a7,2026-08-23 20:00:00,8985.6,,,
2026-08-17T14:14:24Z,2026-08-23,Argentina Primera Division,River Plate vs Velez Sarsfield BA,new_format,2.35,1.51,OVER,AVOID,0.413,-,NO_BET,0.3761,0.3888,-0.1925,0.0128,-15.62,True,,NO_BET,17.0,1d5c127849f53d57,6280935e7f27baf3,2026-08-23 22:15:00,9120.6,,,
2026-08-17T14:14:24Z,2026-08-24,Argentina Primera Division,Racing Club vs Boca Juniors,new_format,2.62,1.47,OVER,VALUABLE,0.442,-,NO_BET,0.346,0.3795,-0.1217,0.0335,-15.62,True,,NO_BET,17.0,48f07dd026e48573,683a64511c26a5ce,2026-08-24 00:30:00,9255.6,,,
2026-08-17T14:14:24Z,2026-08-17,Brazil Serie A,Internacional vs Remo,new_format,1.83,1.91,UNDER,AVOID,0.46,-,NO_BET,0.5119,0.4883,-0.1943,-0.0235,2.01,True,,NO_BET,39.0,b29c4ad1a6cd4d75,c919f9316d2f0514,2026-08-17 23:00:00,525.6,,,
2026-08-17T14:14:24Z,2026-08-22,Brazil Serie A,Fluminense vs Remo,new_format,1.81,2.04,UNDER,AVOID,0.497,-,NO_BET,0.5318,0.516,-0.1532,-0.0158,2.01,True,,NO_BET,39.0,2552f7fb97ddafaa,6c944a38ba6f1677,2026-08-22 19:00:00,7485.6,,,
2026-08-17T14:14:24Z,2026-08-22,Brazil Serie A,Internacional vs Atletico Mineiro,new_format,2.09,1.77,UNDER,AVOID,0.429,-,NO_BET,0.4558,0.4463,-0.1646,-0.0095,2.01,True,,NO_BET,39.0,a7e94b77cffba431,9a81b1ecdb5a3480,2026-08-22 21:30:00,7635.6,,,
2026-08-17T14:14:24Z,2026-08-22,Brazil Serie A,Cruzeiro vs Flamengo,new_format,2.02,1.83,UNDER,AVOID,0.459,-,NO_BET,0.4738,0.4687,-0.1482,-0.0051,2.01,True,,NO_BET,39.0,7b4c886908754bff,50271a739cfc1080,2026-08-22 23:30:00,7755.6,,,
2026-08-17T14:14:24Z,2026-08-23,Brazil Serie A,Vitoria vs Bahia,new_format,2.0,1.84,UNDER,AVOID,0.434,-,NO_BET,0.4778,0.4583,-0.1775,-0.0195,2.01,True,,NO_BET,39.0,6f75781f8e4d1d01,4486b7e754de8899,2026-08-23 19:00:00,8925.6,,,
2026-08-17T14:14:24Z,2026-08-23,Brazil Serie A,Bragantino-SP vs Grêmio,new_format,1.9,1.95,UNDER,VALUABLE,0.433,-,NO_BET,0.5069,0.4737,-0.1905,-0.0332,2.01,True,,NO_BET,39.0,7d8ae413a7e4d024,5673edd65e0ec2c1,2026-08-23 19:00:00,8925.6,,,
2026-08-17T14:14:24Z,2026-08-23,Brazil Serie A,Palmeiras vs Vasco da Gama,new_format,1.88,1.97,UNDER,AVOID,0.482,-,NO_BET,0.5124,0.4985,-0.1526,-0.0139,2.01,True,,NO_BET,39.0,217ab452b96818c4,a54ac0124c17b4ca,2026-08-23 19:00:00,8925.6,,,
2026-08-17T14:14:24Z,2026-08-23,Brazil Serie A,Chapecoense vs Sao Paulo,new_format,2.06,1.74,UNDER,AVOID,0.449,-,NO_BET,0.454,0.4521,-0.1649,-0.0019,2.01,True,,NO_BET,39.0,445c7e8cd70383fb,1bdede1e591a5dc6,2026-08-23 21:30:00,9075.6,,,
2026-08-17T14:14:24Z,2026-08-23,Brazil Serie A,Santos vs Mirassol,new_format,1.96,1.82,OVER,AVOID,0.491,-,NO_BET,0.4798,0.4848,-0.1426,0.005,2.01,True,,NO_BET,39.0,21dbe5a9dc036de7,d7c2e36feb4ae91f,2026-08-23 21:30:00,9075.6,,,
2026-08-17T14:14:24Z,2026-08-23,Brazil Serie A,Coritiba vs Corinthians,new_format,2.5,1.56,OVER,VALUABLE,0.473,-,NO_BET,0.3771,0.4105,-0.0858,0.0334,2.01,True,,NO_BET,39.0,be1e0d4b1a5aa493,356f1011cbef8fee,2026-08-23 22:30:00,9135.6,,,
2026-08-17T14:14:24Z,2026-08-21,Japan J-League,Kashiwa Reysol vs V-Varen Nagasaki,new_format,1.85,1.96,UNDER,AVOID,0.513,-,NO_BET,0.5155,0.5145,-0.1369,-0.0011,0.0,True,,NO_BET,2.0,cdeceee163c87ed7,ed278f5c2a3064b7,2026-08-21 10:00:00,5505.6,,,
2026-08-17T14:14:24Z,2026-08-21,Japan J-League,FC Tokyo vs JEF United Chiba,new_format,1.89,1.92,OVER,AVOID,0.54,-,NO_BET,0.5042,0.5204,-0.1065,0.0162,0.0,True,,NO_BET,2.0,fb68adcb652ee823,87e3b211601e51a9,2026-08-21 10:30:00,5535.6,,,
2026-08-17T14:14:24Z,2026-08-22,Japan J-League,Kashima Antlers vs Avispa Fukuoka,new_format,2.32,1.52,OVER,VALUABLE,0.486,-,NO_BET,0.3812,0.4178,-0.1362,0.0367,0.0,True,,NO_BET,2.0,2b3b1ff887892f84,b8c8aea1e68a42fb,2026-08-22 09:00:00,6885.6,,,
2026-08-17T14:14:24Z,2026-08-22,Japan J-League,Fagiano Okayama vs Tokyo Verdy,new_format,2.48,1.48,OVER,AVOID,0.413,-,NO_BET,0.3581,0.3772,-0.1753,0.0191,0.0,True,,NO_BET,2.0,3cd552055d21f87e,1a38a56821badc78,2026-08-22 09:30:00,6915.6,,,
2026-08-17T14:14:24Z,2026-08-22,Japan J-League,Cerezo Osaka vs Shimizu S Pulse,new_format,1.82,2.0,UNDER,AVOID,0.486,-,NO_BET,0.5253,0.5075,-0.164,-0.0179,0.0,True,,NO_BET,2.0,3d3d4a2a2618791e,9b9c47304fc87de1,2026-08-22 10:00:00,6945.6,,,
2026-08-17T14:14:24Z,2026-08-22,Japan J-League,Nagoya Grampus vs Gamba Osaka,new_format,1.87,1.95,UNDER,AVOID,0.47,-,NO_BET,0.5112,0.4927,-0.168,-0.0185,0.0,True,,NO_BET,2.0,09d82fd8d0e35bb7,01cba63e80ac4f15,2026-08-22 10:00:00,6945.6,,,
2026-08-17T14:14:24Z,2026-08-22,Japan J-League,Kyoto Purple Sanga vs Mito HollyHock,new_format,2.12,1.65,OVER,AVOID,0.499,-,NO_BET,0.4301,0.4543,-0.1355,0.0242,0.0,True,,NO_BET,2.0,d69ab48d0f6cbf00,f25ebe3bbb489ed3,2026-08-22 10:00:00,6945.6,,,
2026-08-17T14:14:24Z,2026-08-22,Japan J-League,Hiroshima Sanfrecce FC vs Kawasaki Frontale,new_format,1.6,2.2,UNDER,VALUABLE,0.497,-,NO_BET,0.5888,0.5475,-0.2032,-0.0412,0.0,True,,NO_BET,2.0,848fad7d3bfda45f,29878ca793940701,2026-08-22 10:15:00,6960.6,,,
2026-08-17T14:14:24Z,2026-08-22,Japan J-League,Yokohama F Marinos vs Vissel Kobe,new_format,2.1,1.75,OVER,AVOID,0.491,-,NO_BET,0.4513,0.4651,-0.1212,0.0138,0.0,True,,NO_BET,2.0,1221956156b55702,6e839b3712b2cc8f,2026-08-22 10:30:00,6975.6,,,
2026-08-17T14:14:24Z,2026-08-23,Japan J-League,FC Machida Zelvia vs Urawa Red Diamonds,new_format,2.08,1.65,OVER,AVOID,0.488,-,NO_BET,0.4345,0.4531,-0.1545,0.0187,0.0,True,,NO_BET,2.0,7d15de865cfd995c,fc264532e8295c13,2026-08-23 10:30:00,8415.6,,,
2026-08-17T14:14:24Z,2026-08-18,Mexico Liga MX,Necaxa vs León,new_format,1.75,2.02,OVER,AVOID,0.547,-,NO_BET,0.5395,0.5427,-0.1352,0.0032,12.09,True,,NO_BET,34.0,67909a9ec5171068,27e80cdf497affac,2026-08-18 01:00:00,645.6,,,
2026-08-17T14:14:24Z,2026-08-18,Mexico Liga MX,Pachuca vs Puebla,new_format,1.67,2.0,UNDER,AVOID,0.547,-,NO_BET,0.552,0.5496,-0.164,-0.0024,12.09,True,,NO_BET,34.0,12e6bbd602b8cac8,382abb3dbbc60758,2026-08-18 03:00:00,765.6,,,
2026-08-17T14:14:24Z,2026-08-22,Mexico Liga MX,Tigres vs Atlante FC,new_format,1.55,2.2,UNDER,AVOID,0.517,-,NO_BET,0.6005,0.5627,-0.2051,-0.0378,12.09,True,,NO_BET,34.0,e59d5aa1c96682dd,518e8336822d0449,2026-08-22 01:00:00,6405.6,,,
2026-08-17T14:14:24Z,2026-08-22,Mexico Liga MX,León vs Monterrey,new_format,1.54,2.32,UNDER,VALUABLE,0.506,-,NO_BET,0.6138,0.5654,-0.2062,-0.0483,12.09,True,,NO_BET,34.0,190f613f58006d77,5023fa0ecb9657e8,2026-08-22 01:00:00,6405.6,,,
2026-08-17T14:14:24Z,2026-08-22,Mexico Liga MX,FC Juárez vs América,new_format,1.75,1.95,UNDER,AVOID,0.513,-,NO_BET,0.5306,0.5225,-0.1706,-0.0081,12.09,True,,NO_BET,34.0,3b6651c5476f7763,7ca6d887806d5743,2026-08-22 03:00:00,6525.6,,,
2026-08-17T14:14:24Z,2026-08-22,Mexico Liga MX,Querétaro vs Toluca,new_format,1.56,2.28,UNDER,AVOID,0.549,-,NO_BET,0.6054,0.5799,-0.1729,-0.0255,12.09,True,,NO_BET,34.0,8e7e26ed97afe190,e9174a3b35c6af31,2026-08-22 23:00:00,7725.6,,,
2026-08-17T14:14:24Z,2026-08-22,Mexico Liga MX,Guadalajara vs Tijuana,new_format,1.6,2.22,UNDER,MARKSMAN,0.486,-,NO_BET,0.5907,0.5435,-0.2097,-0.0472,12.09,True,,NO_BET,34.0,41e5f9c3d34d2350,e6c17f272b81e0a9,2026-08-22 23:07:00,7732.6,,,
2026-08-17T14:14:24Z,2026-08-23,Mexico Liga MX,Puebla vs Santos Laguna,new_format,1.55,2.2,UNDER,AVOID,0.551,-,NO_BET,0.6005,0.5784,-0.1807,-0.0221,12.09,True,,NO_BET,34.0,6135f44835eada90,efe3cfc02281e399,2026-08-23 01:00:00,7845.6,,,
2026-08-17T14:14:24Z,2026-08-23,Mexico Liga MX,Cruz Azul vs Atlas,new_format,1.65,2.02,UNDER,AVOID,0.491,-,NO_BET,0.5586,0.5282,-0.2097,-0.0303,12.09,True,,NO_BET,34.0,a56bd6a1aee9c3f3,0c51bf303c1a8eea,2026-08-23 03:00:00,7965.6,,,
2026-08-17T14:14:24Z,2026-08-23,Mexico Liga MX,Atlético San Luis vs Pachuca,new_format,1.6,1.94,UNDER,AVOID,0.517,-,NO_BET,0.5593,0.5403,-0.2149,-0.019,12.09,True,,NO_BET,34.0,db228ac4fcebe275,71f179cec99a320f,2026-08-23 23:00:00,9165.6,,,
2026-08-17T14:14:24Z,2026-08-24,Mexico Liga MX,Pumas vs Necaxa,new_format,1.54,2.32,UNDER,AVOID,0.571,-,NO_BET,0.6138,0.5945,-0.1612,-0.0193,12.09,True,,NO_BET,34.0,010e651f92547fb5,0d37e34cb9b3ea3c,2026-08-24 01:00:00,9285.6,,,
2026-08-17T14:14:24Z,2026-08-18,China Super League,Shanghai Shenhua FC vs Beijing FC,new_format,1.36,2.9,UNDER,VALUABLE,0.578,-,NO_BET,0.7037,0.6471,-0.1894,-0.0567,50.01,True,,NO_BET,28.0,d8fd0162c6318d5e,a4a2ca0762baa0ed,2026-08-18 11:35:00,1280.6,,,
2026-08-17T14:14:24Z,2026-08-19,China Super League,Shanghai SIPG FC vs Dalian Yingbo,new_format,1.47,2.52,UNDER,AVOID,0.522,-,NO_BET,0.6475,0.5912,-0.205,-0.0563,50.01,True,,NO_BET,28.0,f7a089367cd2c7b8,d9f2d150ccb5d62f,2026-08-19 11:35:00,2720.6,,,
2026-08-17T14:14:24Z,2026-08-22,China Super League,Wuhan Three Towns vs Tianjin Jinmen Tiger FC,new_format,1.76,2.03,UNDER,AVOID,0.513,-,NO_BET,0.5389,0.5271,-0.1576,-0.0118,50.01,True,,NO_BET,28.0,5eee32900885bf72,74b5c7946b061708,2026-08-22 11:00:00,7005.6,,,
2026-08-17T14:14:24Z,2026-08-22,China Super League,Chengdu Rongcheng FC vs Shanghai Shenhua FC,new_format,1.37,2.85,UNDER,SNIPER,0.519,-,NO_BET,0.6978,0.6172,-0.2246,-0.0806,50.01,True,,NO_BET,28.0,3654c3838a414c79,90777f9159146acb,2026-08-22 11:35:00,7040.6,,,
2026-08-17T14:14:24Z,2026-08-22,China Super League,Shenzhen Peng City FC vs Zhejiang,new_format,1.48,2.48,UNDER,VALUABLE,0.506,-,NO_BET,0.6419,0.5809,-0.2149,-0.061,50.01,True,,NO_BET,28.0,5b16cf4af762d8ae,0668f8141930e9a7,2026-08-22 11:35:00,7040.6,,,
2026-08-17T14:14:24Z,2026-08-22,China Super League,Beijing FC vs Yunnan Yukun,new_format,1.26,3.55,UNDER,SNIPER,0.585,-,NO_BET,0.7668,0.6851,-0.202,-0.0817,50.01,True,,NO_BET,28.0,a946a6db8d17cb3c,808df8aec5162e94,2026-08-22 12:00:00,7065.6,,,
2026-08-17T14:14:24Z,2026-08-22,China Super League,Qingdao West Coast FC vs Shandong Luneng Taishan FC,new_format,1.48,2.48,UNDER,VALUABLE,0.509,-,NO_BET,0.6419,0.5822,-0.2129,-0.0597,50.01,True,,NO_BET,28.0,f3d160e65d3d8d6d,b699bf7f7f3a1818,2026-08-22 12:00:00,7065.6,,,
2026-08-17T14:14:24Z,2026-08-23,China Super League,Liaoning Tieren FC vs Henan FC,new_format,1.62,2.18,UNDER,AVOID,0.553,-,NO_BET,0.5824,0.5693,-0.1576,-0.0131,50.01,True,,NO_BET,28.0,b1449f56392fb2b1,d301b6c17c22a184,2026-08-23 11:00:00,8445.6,,,
2026-08-17T14:14:24Z,2026-08-23,China Super League,Shanghai SIPG FC vs Qingdao Hainiu FC,new_format,1.38,2.82,UNDER,AVOID,0.533,-,NO_BET,0.6929,0.6208,-0.2139,-0.0722,50.01,True,,NO_BET,28.0,09cdda76f8c83480,ecae18951b3ffa64,2026-08-23 11:35:00,8480.6,,,
2026-08-17T14:14:24Z,2026-08-23,China Super League,Chongqing Tonglianglong FC vs Dalian Yingbo,new_format,1.82,1.88,OVER,AVOID,0.547,-,NO_BET,0.5091,0.5263,-0.1296,0.0172,50.01,True,,NO_BET,28.0,d261bf1f72d920e1,39914e82cd473222,2026-08-23 12:00:00,8505.6,,,
2026-08-17T14:14:24Z,2026-08-19,USA MLS,Columbus Crew SC vs CF Montreal,new_format,1.5,2.45,UNDER,AVOID,0.608,-,NO_BET,0.6343,0.6224,-0.1413,-0.0119,59.7,True,,NO_BET,50.0,b06579785b1c9425,d42d469708160de5,2026-08-19 23:30:00,3435.6,,,
2026-08-17T14:14:24Z,2026-08-19,USA MLS,Toronto FC vs Charlotte FC,new_format,1.72,2.23,UNDER,AVOID,0.565,-,NO_BET,0.5674,0.5662,-0.1097,-0.0012,59.7,True,,NO_BET,50.0,f2c0aefdfb6fad14,1d1abd3d9abda537,2026-08-19 23:30:00,3435.6,,,
2026-08-17T14:14:24Z,2026-08-19,USA MLS,Orlando City SC vs Chicago Fire,new_format,1.35,3.0,UNDER,AVOID,0.658,-,NO_BET,0.7118,0.6875,-0.1403,-0.0243,59.7,True,,NO_BET,50.0,94033c7f087c4e63,2ea34bd8c99a0621,2026-08-19 23:30:00,3435.6,,,
2026-08-17T14:14:24Z,2026-08-19,USA MLS,D.C. United vs New England Revolution,new_format,1.76,2.03,UNDER,AVOID,0.48,-,NO_BET,0.5389,0.5123,-0.1836,-0.0266,59.7,True,,NO_BET,50.0,9ea89f9585756d24,d075a8d7a2e5d43f,2026-08-19 23:30:00,3435.6,,,
2026-08-17T14:14:24Z,2026-08-19,USA MLS,FC Cincinnati vs New York City FC,new_format,1.44,2.62,UNDER,AVOID,0.644,-,NO_BET,0.6627,0.6543,-0.13,-0.0084,59.7,True,,NO_BET,50.0,80e77c09080b047f,7802f208233dfe82,2026-08-19 23:30:00,3435.6,,,
2026-08-17T14:14:24Z,2026-08-19,USA MLS,Philadelphia Union vs Inter Miami CF,new_format,1.4,2.75,UNDER,MARKSMAN,0.594,-,NO_BET,0.6827,0.6426,-0.1713,-0.04,59.7,True,,NO_BET,50.0,48f17c7a50410c65,210dac780c6e726b,2026-08-19 23:30:00,3435.6,,,
2026-08-17T14:14:24Z,2026-08-19,USA MLS,New York Red Bulls vs Nashville SC,new_format,1.5,2.45,UNDER,AVOID,0.556,-,NO_BET,0.6343,0.5993,-0.1762,-0.035,59.7,True,,NO_BET,50.0,3cd381df2852998b,5aaee6e03c3a4cd8,2026-08-19 23:30:00,3435.6,,,
2026-08-17T14:14:24Z,2026-08-20,USA MLS,Sporting Kansas City vs St. Louis City SC,new_format,1.44,2.5,UNDER,VALUABLE,0.512,-,NO_BET,0.6549,0.5904,-0.2228,-0.0644,59.7,True,,NO_BET,50.0,0f54c1fa5c6586cc,42419a6975a4b7e0,2026-08-20 00:00:00,3465.6,,,
2026-08-17T14:14:24Z,2026-08-20,USA MLS,Minnesota United FC vs Atlanta United FC,new_format,1.73,2.2,UNDER,AVOID,0.522,-,NO_BET,0.5627,0.5443,-0.1424,-0.0184,59.7,True,,NO_BET,50.0,5efb665c28ba2522,b01061d4ce933e36,2026-08-20 00:30:00,3495.6,,,
2026-08-17T14:14:24Z,2026-08-20,USA MLS,Seattle Sounders FC vs Austin FC,new_format,1.44,2.5,UNDER,VALUABLE,0.546,-,NO_BET,0.6549,0.6061,-0.2001,-0.0488,59.7,True,,NO_BET,50.0,b61d8405f5529d63,e2244775063c72e6,2026-08-20 01:30:00,3555.6,,,
2026-08-17T14:14:24Z,2026-08-20,USA MLS,Colorado Rapids vs Los Angeles FC,new_format,1.72,2.23,OVER,AVOID,0.569,-,NO_BET,0.5674,0.5683,-0.1061,0.0009,59.7,True,,NO_BET,50.0,7c6833c9c48d8c24,0f755e5a9efffb9c,2026-08-20 01:30:00,3555.6,,,
2026-08-17T14:14:24Z,2026-08-20,USA MLS,Real Salt Lake vs FC Dallas,new_format,1.5,2.45,UNDER,AVOID,0.57,-,NO_BET,0.6343,0.6052,-0.1674,-0.0292,59.7,True,,NO_BET,50.0,8d55160c46da04e3,a45178a9e54ca16d,2026-08-20 01:30:00,3555.6,,,
2026-08-17T14:14:24Z,2026-08-20,USA MLS,Vancouver Whitecaps FC vs Houston Dynamo,new_format,1.44,2.5,UNDER,AVOID,0.563,-,NO_BET,0.6549,0.6137,-0.1891,-0.0412,59.7,True,,NO_BET,50.0,dd3a5563d050068f,34f709cee9635970,2026-08-20 02:30:00,3615.6,,,
2026-08-17T14:14:24Z,2026-08-20,USA MLS,LA Galaxy vs San Jose Earthquakes,new_format,1.44,2.6,UNDER,AVOID,0.567,-,NO_BET,0.6614,0.619,-0.1814,-0.0425,59.7,True,,NO_BET,50.0,d3069b818bad46e2,fc7990d5867dea82,2026-08-20 02:30:00,3615.6,,,
2026-08-17T14:14:24Z,2026-08-20,USA MLS,Portland Timbers vs San Diego FC,new_format,1.35,3.0,UNDER,VALUABLE,0.607,-,NO_BET,0.7118,0.6647,-0.1715,-0.0472,59.7,True,,NO_BET,50.0,9437f3004254e327,d8a14f65c470c9f3,2026-08-20 02:30:00,3615.6,,,
2026-08-17T14:14:24Z,2026-08-22,USA MLS,CF Montreal vs LA Galaxy,new_format,1.54,2.43,UNDER,AVOID,0.488,-,NO_BET,0.6226,0.5621,-0.2113,-0.0604,59.7,True,,NO_BET,50.0,d14d5f89fd607777,cb40fd80bf4325df,2026-08-22 23:30:00,7755.6,,,
2026-08-17T14:14:24Z,2026-08-22,USA MLS,Charlotte FC vs D.C. United,new_format,1.65,2.18,UNDER,AVOID,0.486,-,NO_BET,0.5761,0.5356,-0.1975,-0.0405,59.7,True,,NO_BET,50.0,587aa7641a77dac4,96bfe00546ff05c5,2026-08-22 23:30:00,7755.6,,,
2026-08-17T14:14:24Z,2026-08-22,USA MLS,New York Red Bulls vs Chicago Fire,new_format,1.36,2.88,UNDER,AVOID,0.657,-,NO_BET,0.7028,0.682,-0.1414,-0.0208,59.7,True,,NO_BET,50.0,d57d73d38d2af493,539238ebd16f92d6,2026-08-22 23:30:00,7755.6,,,
2026-08-17T14:14:24Z,2026-08-22,USA MLS,FC Cincinnati vs Seattle Sounders FC,new_format,1.4,2.8,UNDER,AVOID,0.627,-,NO_BET,0.6853,0.6592,-0.1478,-0.0261,59.7,True,,NO_BET,50.0,87fcb6987aad097d,7f46f60a5ea30522,2026-08-22 23:30:00,7755.6,,,
2026-08-17T14:14:24Z,2026-08-22,USA MLS,Inter Miami CF vs Toronto FC,new_format,1.33,3.1,UNDER,VALUABLE,0.565,-,NO_BET,0.7233,0.652,-0.2011,-0.0713,59.7,True,,NO_BET,50.0,71000a04f4456cb2,48d437eb6a441141,2026-08-22 23:30:00,7755.6,,,
2026-08-17T14:14:24Z,2026-08-23,USA MLS,Austin FC vs Philadelphia Union,new_format,1.6,2.28,OVER,AVOID,0.601,-,NO_BET,0.5962,0.5985,-0.1212,0.0023,59.7,True,,NO_BET,50.0,e0751cfa60755e2f,33d1f6d4dc19ec94,2026-08-23 00:30:00,7815.6,,,
2026-08-17T14:14:24Z,2026-08-23,USA MLS,Nashville SC vs Columbus Crew SC,new_format,1.67,2.15,OVER,AVOID,0.616,-,NO_BET,0.569,0.59,-0.0962,0.021,59.7,True,,NO_BET,50.0,d1d911093da5da22,8bfb0782342a6c2e,2026-08-23 00:30:00,7815.6,,,
2026-08-17T14:14:24Z,2026-08-23,USA MLS,St. Louis City SC vs Houston Dynamo,new_format,1.57,2.33,UNDER,AVOID,0.569,-,NO_BET,0.6074,0.5903,-0.1512,-0.0171,59.7,True,,NO_BET,50.0,03500b23740a6345,2a5ba7578ea8f08f,2026-08-23 00:30:00,7815.6,,,
2026-08-17T14:14:24Z,2026-08-23,USA MLS,Vancouver Whitecaps FC vs FC Dallas,new_format,1.44,2.5,UNDER,AVOID,0.566,-,NO_BET,0.6549,0.6146,-0.1877,-0.0402,59.7,True,,NO_BET,50.0,3e8aaabb21adb04f,6882ba3dd141f235,2026-08-23 01:30:00,7875.6,,,
2026-08-17T14:14:24Z,2026-08-23,USA MLS,San Diego FC vs Colorado Rapids,new_format,1.55,2.3,UNDER,AVOID,0.571,-,NO_BET,0.6096,0.5924,-0.1589,-0.0172,59.7,True,,NO_BET,50.0,eaeed9b244899724,ca66d500f9e288a8,2026-08-23 02:30:00,7935.6,,,
2026-08-17T14:14:24Z,2026-08-23,USA MLS,Los Angeles FC vs Portland Timbers,new_format,1.4,2.8,UNDER,VALUABLE,0.593,-,NO_BET,0.6853,0.6436,-0.1699,-0.0417,59.7,True,,NO_BET,50.0,49cfce1d9042c3e4,36fe95d0a7e5c52c,2026-08-23 02:30:00,7935.6,,,
2026-08-17T14:14:24Z,2026-08-23,USA MLS,San Jose Earthquakes vs Minnesota United FC,new_format,1.5,2.45,UNDER,AVOID,0.615,-,NO_BET,0.6343,0.6255,-0.1366,-0.0088,59.7,True,,NO_BET,50.0,ae27033157e74b77,59b6cbe6a1024f6b,2026-08-23 02:30:00,7935.6,,,
2026-08-17T14:14:24Z,2026-08-23,USA MLS,New England Revolution vs New York City FC,new_format,1.6,1.95,UNDER,AVOID,0.547,-,NO_BET,0.5606,0.5545,-0.192,-0.0061,59.7,True,,NO_BET,50.0,dc9fb57bfdf3b0e7,ec62baf58288a17b,2026-08-23 20:30:00,9015.6,,,
2026-08-17T14:14:24Z,2026-08-23,USA MLS,Atlanta United FC vs Sporting Kansas City,new_format,1.44,2.5,UNDER,AVOID,0.574,-,NO_BET,0.6549,0.6183,-0.1824,-0.0366,59.7,True,,NO_BET,50.0,bb98a7065b65d56f,5f6507c0029b951a,2026-08-23 23:00:00,9165.6,,,
2026-08-17T14:14:58Z,2026-08-17,Championship,Cardiff City vs Wrexham AFC,standard,1.75,2.04,UNDER,AVOID,0.492,-,NO_BET,0.5419,0.522,-0.1714,-0.0198,9.95,True,,NO_BET,1.0,5d26b3d5d81cb37c,8e4f0f86f4d8ff68,2026-08-17 19:00:00,285.0,,,
2026-08-17T14:14:58Z,2026-08-22,Championship,Birmingham City vs Bristol City,standard,1.75,1.93,UNDER,AVOID,0.508,-,NO_BET,0.5279,0.52,-0.175,-0.008,9.95,True,,NO_BET,1.0,c088a9969ad8cc5c,8f28ac04f6b69044,2026-08-22 11:30:00,7035.0,,,
2026-08-17T14:14:58Z,2026-08-22,Championship,Lincoln City vs Portsmouth,standard,1.88,1.79,OVER,AVOID,0.533,-,NO_BET,0.486,0.5048,-0.1407,0.0188,9.95,True,,NO_BET,1.0,e4379f5d784193cf,8bc0fa3625f0e22a,2026-08-22 11:30:00,7035.0,,,
2026-08-17T14:14:58Z,2026-08-22,Championship,Millwall vs Norwich City,standard,1.87,1.8,OVER,AVOID,0.536,-,NO_BET,0.4891,0.5078,-0.1398,0.0187,9.95,True,,NO_BET,1.0,9e2d3922a137c442,26fd18f5442dd5d7,2026-08-22 11:30:00,7035.0,,,
2026-08-17T14:14:58Z,2026-08-22,Championship,Blackburn Rovers vs Middlesbrough,standard,1.93,1.75,OVER,AVOID,0.515,-,NO_BET,0.4721,0.4894,-0.147,0.0174,9.95,True,,NO_BET,1.0,585c2c9970102457,b70e1774762ac2b5,2026-08-22 14:00:00,7185.0,,,
2026-08-17T14:14:58Z,2026-08-22,Championship,Queens Park Rangers vs Bolton Wanderers,standard,1.89,1.88,UNDER,AVOID,0.487,-,NO_BET,0.4985,0.4941,-0.1563,-0.0044,9.95,True,,NO_BET,1.0,c03eda20eec29e1a,b347825730415363,2026-08-22 14:00:00,7185.0,,,
2026-08-17T14:14:58Z,2026-08-22,Championship,Derby County vs Cardiff City,standard,1.95,1.82,UNDER,AVOID,0.473,-,NO_BET,0.4811,0.4777,-0.1608,-0.0034,9.95,True,,NO_BET,1.0,99beb7f755670a49,b9213f8c35b45644,2026-08-22 14:00:00,7185.0,,,
2026-08-17T14:14:58Z,2026-08-22,Championship,West Ham United vs Charlton Athletic,standard,1.6,2.14,UNDER,AVOID,0.533,-,NO_BET,0.5828,0.563,-0.1783,-0.0197,9.95,True,,NO_BET,1.0,e95e1303db81a304,6c04b27aff597f07,2026-08-22 14:00:00,7185.0,,,
2026-08-17T14:14:58Z,2026-08-22,Championship,Preston North End vs Wolverhampton Wanderers,standard,1.75,2.0,UNDER,AVOID,0.507,-,NO_BET,0.537,0.5251,-0.166,-0.0119,9.95,True,,NO_BET,1.0,a0c0c54fc0b42e40,a0a6ab3893c5f212,2026-08-22 14:00:00,7185.0,,,
2026-08-17T14:14:58Z,2026-08-22,Championship,Swansea City vs Sheffield United,standard,1.82,1.85,UNDER,AVOID,0.5,-,NO_BET,0.5047,0.5026,-0.1728,-0.002,9.95,True,,NO_BET,1.0,c759db8fc8c0f39a,ddb6adde278aa284,2026-08-22 14:00:00,7185.0,,,
2026-08-17T14:14:58Z,2026-08-22,Championship,Southampton vs Stoke City,standard,1.6,2.16,UNDER,AVOID,0.532,-,NO_BET,0.5848,0.5635,-0.1775,-0.0213,9.95,True,,NO_BET,1.0,d9bc916a9932894b,712fb132caef33be,2026-08-22 14:00:00,7185.0,,,
2026-08-17T14:14:58Z,2026-08-22,Championship,Wrexham AFC vs Watford,standard,1.75,1.93,UNDER,AVOID,0.507,-,NO_BET,0.5279,0.5196,-0.1756,-0.0083,9.95,True,,NO_BET,1.0,1726a8cedfdedbb1,0edca29ba9084f45,2026-08-22 14:00:00,7185.0,,,
2026-08-17T14:14:58Z,2026-08-23,Championship,West Bromwich Albion vs Burnley,standard,2.07,1.73,UNDER,AVOID,0.449,-,NO_BET,0.4511,0.4504,-0.1644,-0.0007,9.95,True,,NO_BET,1.0,312f43d553da2391,7317a4434b5490cb,2026-08-23 11:00:00,8445.0,,,
2026-08-17T14:14:58Z,2026-08-20,League One,Sheffield Wednesday vs Bradford City,standard,1.92,1.85,OVER,AVOID,0.503,-,NO_BET,0.4898,0.4953,-0.1403,0.0055,1.3,True,,NO_BET,6.0,7c54c7306abfc60a,be8616752071e38a,2026-08-20 19:00:00,4605.0,,,
2026-08-17T14:14:58Z,2026-08-22,League One,Doncaster Rovers vs Barnsley,standard,1.67,2.0,UNDER,AVOID,0.522,-,NO_BET,0.552,0.5399,-0.1804,-0.0122,1.3,True,,NO_BET,6.0,b5e9d02d86e2c349,0f7296e58f54408e,2026-08-22 11:30:00,7035.0,,,
2026-08-17T14:14:58Z,2026-08-22,League One,Luton vs Notts County,standard,1.73,2.07,UNDER,AVOID,0.469,-,NO_BET,0.5489,0.5168,-0.1901,-0.0321,1.3,True,,NO_BET,6.0,927eb44f9febae39,39b648e44164e314,2026-08-22 11:30:00,7035.0,,,
2026-08-17T14:14:58Z,2026-08-22,League One,Stockport County FC vs Blackpool,standard,1.79,1.99,UNDER,AVOID,0.493,-,NO_BET,0.5289,0.5144,-0.1657,-0.0145,1.3,True,,NO_BET,6.0,53cb1e404c642515,28d709fbd5ec348a,2026-08-22 14:00:00,7185.0,,,
2026-08-17T14:14:58Z,2026-08-22,League One,Bromley FC vs Cambridge United,standard,1.99,1.76,OVER,AVOID,0.524,-,NO_BET,0.466,0.4893,-0.1202,0.0233,1.3,True,,NO_BET,6.0,ea7bc14293a54442,b96e2782a468cbd7,2026-08-22 14:00:00,7185.0,,,
2026-08-17T14:14:58Z,2026-08-22,League One,Leicester City vs Burton Albion,standard,1.65,2.19,UNDER,AVOID,0.504,-,NO_BET,0.5771,0.548,-0.1769,-0.0291,1.3,True,,NO_BET,6.0,6189b0cc5ee11444,9caae52d97b75b4b,2026-08-22 14:00:00,7185.0,,,
2026-08-17T14:14:58Z,2026-08-22,League One,Milton Keynes Dons vs Huddersfield Town,standard,1.85,1.92,UNDER,AVOID,0.477,-,NO_BET,0.5102,0.497,-0.1693,-0.0132,1.3,True,,NO_BET,6.0,34aef29ca9489a97,b2641fbd5b6ddeac,2026-08-22 14:00:00,7185.0,,,
2026-08-17T14:14:58Z,2026-08-22,League One,Wigan Athletic vs Leyton Orient,standard,2.03,1.65,OVER,AVOID,0.518,-,NO_BET,0.4402,0.4676,-0.1461,0.0273,1.3,True,,NO_BET,6.0,352dc6f5880006c8,c23db86bc4dbe621,2026-08-22 14:00:00,7185.0,,,
2026-08-17T14:14:58Z,2026-08-22,League One,Peterborough United vs Mansfield Town,standard,1.58,2.13,UNDER,AVOID,0.51,-,NO_BET,0.5863,0.5557,-0.2006,-0.0306,1.3,True,,NO_BET,6.0,cb82d5707ca72331,300d59bd7c2d3c3f,2026-08-22 14:00:00,7185.0,,,
2026-08-17T14:14:58Z,2026-08-22,League One,Stevenage vs Oxford United,standard,2.1,1.71,OVER,AVOID,0.489,-,NO_BET,0.444,0.4597,-0.1326,0.0156,1.3,True,,NO_BET,6.0,4d764238c0b9c927,4c96536f9ac0073d,2026-08-22 14:00:00,7185.0,,,
2026-08-17T14:14:58Z,2026-08-22,League One,Wycombe Wanderers vs Plymouth Argyle,standard,1.73,1.91,UNDER,AVOID,0.511,-,NO_BET,0.5287,0.5217,-0.1817,-0.0071,1.3,True,,NO_BET,6.0,e94e43ad74779010,f3e345287428e2a8,2026-08-22 14:00:00,7185.0,,,
2026-08-17T14:14:58Z,2026-08-22,League One,Wimbledon vs Reading,standard,2.01,1.77,OVER,AVOID,0.487,-,NO_BET,0.4652,0.4729,-0.144,0.0077,1.3,True,,NO_BET,6.0,f38d8641ed03da92,417c7b0005031161,2026-08-22 14:00:00,7185.0,,,
2026-08-17T14:14:58Z,2026-08-22,League Two,Bristol Rovers vs Newport County,standard,1.77,2.0,UNDER,AVOID,0.505,-,NO_BET,0.5336,0.5221,-0.1616,-0.0115,,True,,NO_BET,,17bafb23a4b3fd5d,e5424d5f9f69d709,2026-08-22 11:30:00,7035.0,,,
2026-08-17T14:14:58Z,2026-08-22,League Two,Salford City vs Chesterfield FC,standard,2.08,1.71,OVER,AVOID,0.485,-,NO_BET,0.4463,0.4597,-0.141,0.0134,,True,,NO_BET,,3e774a9edc734f86,5f3ed0d11534f1c3,2026-08-22 11:30:00,7035.0,,,
2026-08-17T14:14:58Z,2026-08-22,League Two,Walsall vs Grimsby Town,standard,2.05,1.73,OVER,AVOID,0.475,-,NO_BET,0.4534,0.461,-0.1509,0.0076,,True,,NO_BET,,b9072f867463e8a1,239fcb257f2f62f8,2026-08-22 11:30:00,7035.0,,,
2026-08-17T14:14:58Z,2026-08-22,League Two,Exeter City vs Accrington Stanley,standard,1.92,1.84,OVER,AVOID,0.51,-,NO_BET,0.4883,0.4969,-0.1373,0.0086,,True,,NO_BET,,5a531aaf6425f28a,3e88ed5385f72929,2026-08-22 14:00:00,7185.0,,,
2026-08-17T14:14:58Z,2026-08-22,League Two,Shrewsbury Town vs Barnet,standard,1.93,1.85,UNDER,AVOID,0.483,-,NO_BET,0.4885,0.4864,-0.1529,-0.0021,,True,,NO_BET,,0c8e7ed64b7e73a8,fdecc8aed80a39c8,2026-08-22 14:00:00,7185.0,,,
2026-08-17T14:14:58Z,2026-08-22,League Two,Swindon Town vs Cheltenham Town,standard,1.85,1.93,UNDER,AVOID,0.498,-,NO_BET,0.5115,0.5059,-0.1527,-0.0056,,True,,NO_BET,,05655077666479d6,546c3973099ae7de,2026-08-22 14:00:00,7185.0,,,
2026-08-17T14:14:58Z,2026-08-22,League Two,Colchester United vs Oldham Athletic,standard,1.9,1.88,UNDER,AVOID,0.465,-,NO_BET,0.4971,0.4842,-0.1705,-0.0129,,True,,NO_BET,,6cd9357b1ce19aca,c915219de66731ac,2026-08-22 14:00:00,7185.0,,,
2026-08-17T14:14:58Z,2026-08-22,League Two,Rochdale vs Crawley Town,standard,1.84,1.92,UNDER,AVOID,0.473,-,NO_BET,0.5117,0.4963,-0.1751,-0.0154,,True,,NO_BET,,f1015c441b4c1bf2,09fbd05baf65788d,2026-08-22 14:00:00,7185.0,,,
2026-08-17T14:14:58Z,2026-08-22,League Two,Crewe Alexandra vs Northampton Town,standard,1.96,1.8,OVER,AVOID,0.485,-,NO_BET,0.4766,0.48,-0.152,0.0034,,True,,NO_BET,,1a3d69f4ae45916c,ada77cd123659721,2026-08-22 14:00:00,7185.0,,,
2026-08-17T14:14:58Z,2026-08-22,League Two,Fleetwood Town vs Gillingham,standard,1.95,1.84,UNDER,AVOID,0.472,-,NO_BET,0.4842,0.4793,-0.1577,-0.0049,,True,,NO_BET,,c8126df620692995,30507cf42c727206,2026-08-22 14:00:00,7185.0,,,
2026-08-17T14:14:58Z,2026-08-22,League Two,Port Vale vs Tranmere Rovers,standard,2.08,1.71,OVER,AVOID,0.499,-,NO_BET,0.4463,0.4647,-0.1306,0.0184,,True,,NO_BET,,01c5d023f21e7ce1,2273f334eacc2764,2026-08-22 14:00:00,7185.0,,,
2026-08-17T14:14:58Z,2026-08-22,League Two,Rotherham United vs York City,standard,1.87,1.87,OVER,AVOID,0.556,-,NO_BET,0.5,0.5225,-0.1124,0.0225,,True,,NO_BET,,60a9d55220628fec,b0bbcde512c85a80,2026-08-22 14:00:00,7185.0,,,
2026-08-17T14:14:58Z,2026-08-17,La Liga 2,Sporting Gijón vs Sabadell FC,standard,2.14,1.74,OVER,AVOID,0.484,-,NO_BET,0.4452,0.4587,-0.1178,0.0135,1.85,True,,NO_BET,9.0,81c78f86c9a66229,7c8f2ab59783a6da,2026-08-17 17:00:00,165.0,,,
2026-08-17T14:14:58Z,2026-08-17,La Liga 2,Almería vs CD Eldense,standard,1.62,2.36,UNDER,VALUABLE,0.443,-,NO_BET,0.5987,0.5364,-0.2111,-0.0623,1.85,True,,NO_BET,9.0,d88f1cfd27d30207,3520e47c1cebbb11,2026-08-17 19:30:00,315.0,,,
2026-08-17T14:14:58Z,2026-08-21,La Liga 2,Córdoba vs Girona FC,standard,2.05,1.68,OVER,AVOID,0.551,-,NO_BET,0.4439,0.4815,-0.109,0.0376,1.85,True,,NO_BET,9.0,65c65cdd5624a45f,0cdcb59b9ceb8073,2026-08-21 19:00:00,6045.0,,,
2026-08-17T14:14:58Z,2026-08-22,La Liga 2,Oviedo vs Leganés,standard,2.05,1.7,OVER,AVOID,0.482,-,NO_BET,0.4478,0.4599,-0.1532,0.0121,1.85,True,,NO_BET,9.0,8b12053b3be90f41,fb7526e08229c313,2026-08-22 15:00:00,7245.0,,,
2026-08-17T14:14:58Z,2026-08-22,La Liga 2,AD Ceuta FC vs Las Palmas,standard,1.98,1.72,OVER,AVOID,0.474,-,NO_BET,0.4601,0.4657,-0.1713,0.0057,1.85,True,,NO_BET,9.0,577f76171a29f519,b541312d5b9d5742,2026-08-22 17:00:00,7365.0,,,
2026-08-17T14:14:58Z,2026-08-22,La Liga 2,Albacete vs Real Sociedad B,standard,1.82,1.88,UNDER,AVOID,0.481,-,NO_BET,0.5091,0.4981,-0.1811,-0.0111,1.85,True,,NO_BET,9.0,a2f2b6458bdd92d0,988fe99b62ba7303,2026-08-22 17:00:00,7365.0,,,
2026-08-17T14:14:58Z,2026-08-22,La Liga 2,CD Eldense vs Cádiz CF,standard,2.05,1.68,OVER,AVOID,0.485,-,NO_BET,0.4439,0.4584,-0.1563,0.0145,1.85,True,,NO_BET,9.0,03d837992854f764,3491b6c0d378f8d5,2026-08-22 19:30:00,7515.0,,,
2026-08-17T14:14:58Z,2026-08-23,La Liga 2,SD Eibar vs Real Valladolid CF,standard,2.22,1.58,OVER,VALUABLE,0.491,-,NO_BET,0.4048,0.4348,-0.1369,0.03,1.85,True,,NO_BET,9.0,45473472c3a80838,fc0677f58284f356,2026-08-23 15:00:00,8685.0,,,
2026-08-17T14:14:58Z,2026-08-23,La Liga 2,Sporting Gijón vs Burgos CF,standard,2.32,1.55,OVER,AVOID,0.445,-,NO_BET,0.3887,0.4086,-0.1576,0.0199,1.85,True,,NO_BET,9.0,378e475f04df36ea,6a7159ec36a48005,2026-08-23 17:00:00,8805.0,,,
2026-08-17T14:14:58Z,2026-08-23,La Liga 2,CD Castellón vs Sabadell FC,standard,1.75,1.95,OVER,AVOID,0.533,-,NO_BET,0.5306,0.5316,-0.1547,0.001,1.85,True,,NO_BET,9.0,6e00535f08d24c9d,065d37089efee0d1,2026-08-23 17:00:00,8805.0,,,
2026-08-17T14:14:58Z,2026-08-23,La Liga 2,Tenerife vs Almería,standard,2.0,1.72,OVER,AVOID,0.484,-,NO_BET,0.4576,0.4682,-0.1578,0.0106,1.85,True,,NO_BET,9.0,fd4f92a95702e93a,261417aa55c66742,2026-08-23 19:30:00,8955.0,,,
2026-08-17T14:14:58Z,2026-08-22,Serie B,Avellino vs Arezzo,standard,2.18,1.62,OVER,AVOID,0.511,-,NO_BET,0.4176,0.4501,-0.1194,0.0326,,True,,NO_BET,,9d385cbbcbcb7415,beb83da550dc179d,2026-08-22 15:00:00,7245.0,,,
2026-08-17T14:14:58Z,2026-08-22,Serie B,Benevento vs Modena,standard,1.89,1.88,UNDER,AVOID,0.442,-,NO_BET,0.4985,0.4761,-0.1903,-0.0225,,True,,NO_BET,,d84f51112e02181d,cdc794516b35ae88,2026-08-22 15:00:00,7245.0,,,
2026-08-17T14:14:58Z,2026-08-22,Serie B,Carrarese vs Mantova,standard,1.92,1.78,OVER,AVOID,0.503,-,NO_BET,0.4786,0.4883,-0.1537,0.0097,,True,,NO_BET,,c58bd29f749d8e33,9666bfa745945e11,2026-08-22 15:00:00,7245.0,,,
2026-08-17T14:14:58Z,2026-08-22,Serie B,Empoli vs Cremonese,standard,2.0,1.72,OVER,AVOID,0.48,-,NO_BET,0.4576,0.4667,-0.1607,0.0091,,True,,NO_BET,,13b1ef6e2f64d8b7,39d9099771a964c0,2026-08-22 15:00:00,7245.0,,,
2026-08-17T14:14:58Z,2026-08-22,Serie B,Südtirol vs Virtus Entella,standard,2.48,1.48,OVER,VALUABLE,0.468,-,NO_BET,0.3581,0.3966,-0.1275,0.0386,,True,,NO_BET,,0b343f2ad6bb1903,9449f3b422f1ba44,2026-08-22 15:00:00,7245.0,,,
2026-08-17T14:14:58Z,2026-08-22,Serie B,Vicenza vs US Catanzaro 1929,standard,2.07,1.73,OVER,AVOID,0.499,-,NO_BET,0.4511,0.4678,-0.1285,0.0167,,True,,NO_BET,,ea6d4a703eeef71f,78af66a05d1d4ccc,2026-08-22 15:00:00,7245.0,,,
2026-08-17T14:14:58Z,2026-08-23,Serie B,Hellas Verona vs Ascoli,standard,1.78,1.92,OVER,AVOID,0.529,-,NO_BET,0.5214,0.5244,-0.1526,0.003,,True,,NO_BET,,d8f8d38e2c39d02a,bc58273d56dd6f4f,2026-08-23 17:00:00,8805.0,,,
2026-08-17T14:14:58Z,2026-08-23,Serie B,Pisa vs Padova,standard,2.06,1.68,OVER,AVOID,0.474,-,NO_BET,0.4428,0.4537,-0.1616,0.0109,,True,,NO_BET,,39fe5c204e52c031,b42911692fec4e21,2026-08-23 17:00:00,8805.0,,,
2026-08-17T14:14:58Z,2026-08-23,Serie B,Cesena FC vs Sampdoria,standard,2.0,1.71,OVER,AVOID,0.505,-,NO_BET,0.4557,0.4754,-0.1435,0.0196,,True,,NO_BET,,a07e1d1955a4736f,673b958a96b3dd67,2026-08-23 19:00:00,8925.0,,,
2026-08-17T14:14:58Z,2026-08-23,Serie B,Palermo vs Juve Stabia,standard,2.04,1.7,OVER,AVOID,0.505,-,NO_BET,0.449,0.4687,-0.1394,0.0198,,True,,NO_BET,,645a4916d7392ced,2277f102b39added,2026-08-23 19:00:00,8925.0,,,
2026-08-17T14:14:58Z,2026-08-17,Denmark Superliga,Brondby IF vs SonderjyskE,new_format,1.56,2.22,UNDER,AVOID,0.581,-,NO_BET,0.6,0.5916,-0.1546,-0.0084,30.64,True,,NO_BET,20.0,344f1a90eda6f34c,cbfff3554832ca3a,2026-08-17 17:00:00,165.0,,,
2026-08-17T14:14:58Z,2026-08-23,Denmark Superliga,SonderjyskE vs FC Nordsjaelland,new_format,1.55,2.38,UNDER,VALUABLE,0.513,-,NO_BET,0.6163,0.5697,-0.1942,-0.0465,30.64,True,,NO_BET,20.0,f4032f14fb0d9d0d,0531b6cea866fd4b,2026-08-23 10:00:00,8385.0,,,
2026-08-17T14:14:58Z,2026-08-23,Denmark Superliga,AGF Aarhus vs OB Odense BK,new_format,1.65,2.22,UNDER,AVOID,0.531,-,NO_BET,0.58,0.5581,-0.1603,-0.0219,30.64,True,,NO_BET,20.0,3b450d8f7ba2c2dd,572dd321882a7e26,2026-08-23 12:00:00,8505.0,,,
2026-08-17T14:14:58Z,2026-08-23,Denmark Superliga,FC Midtjylland vs Randers FC,new_format,1.62,2.28,UNDER,AVOID,0.555,-,NO_BET,0.5918,0.5752,-0.148,-0.0166,30.64,True,,NO_BET,20.0,82218c5aa9557a68,e7d9eadddec0bd66,2026-08-23 12:00:00,8505.0,,,
2026-08-17T14:14:58Z,2026-08-23,Denmark Superliga,AC Horsens vs Lyngby,new_format,1.82,1.98,OVER,VALUABLE,0.601,-,NO_BET,0.5228,0.5581,-0.0717,0.0353,30.64,True,,NO_BET,20.0,2131c822e0eebc82,940335d04df84069,2026-08-23 14:00:00,8625.0,,,
2026-08-17T14:14:58Z,2026-08-23,Denmark Superliga,Viborg FF vs FC Copenhagen,new_format,1.53,2.29,UNDER,AVOID,0.567,-,NO_BET,0.6137,0.5928,-0.1694,-0.021,30.64,True,,NO_BET,20.0,2edd173023dd9492,9e875d72ed2f9a8e,2026-08-23 16:00:00,8745.0,,,
2026-08-17T14:14:58Z,2026-08-21,Austrian Bundesliga,Ried vs Grazer AK,new_format,1.94,1.8,OVER,AVOID,0.48,-,NO_BET,0.4792,0.4797,-0.1614,0.0005,7.32,True,,NO_BET,12.0,222c65a1f42a024e,c6f985e39bf7c65f,2026-08-21 17:30:00,5955.0,,,
2026-08-17T14:14:58Z,2026-08-22,Austrian Bundesliga,Rheindorf Altach vs Hartberg,new_format,1.85,1.79,UNDER,AVOID,0.467,-,NO_BET,0.4905,0.48,-0.2006,-0.0104,7.32,True,,NO_BET,12.0,948fa78de9ea9e66,b9ddccf76faf120d,2026-08-22 15:00:00,7245.0,,,
2026-08-17T14:14:58Z,2026-08-22,Austrian Bundesliga,Sturm Graz vs Austria Lustenau,new_format,1.51,2.27,UNDER,AVOID,0.47,-,NO_BET,0.6171,0.5508,-0.2441,-0.0663,7.32,True,,NO_BET,12.0,058b78005de8d2fe,580d571a96b22d33,2026-08-22 17:30:00,7395.0,,,
2026-08-17T14:14:58Z,2026-08-17,Sweden Allsvenskan,BK Hacken vs Halmstads BK,new_format,1.41,2.85,UNDER,VALUABLE,0.574,-,NO_BET,0.6847,0.6349,-0.1762,-0.0498,35.19,True,,NO_BET,39.0,03027765cb24e221,77c310c5dc1464fb,2026-08-17 17:00:00,165.0,,,
2026-08-17T14:14:58Z,2026-08-21,Sweden Allsvenskan,IK Sirius vs BK Hacken,new_format,1.35,3.15,UNDER,VALUABLE,0.576,-,NO_BET,0.7181,0.654,-0.1861,-0.0641,35.19,True,,NO_BET,39.0,7af56695c089648c,acb847abe6ce144d,2026-08-21 17:00:00,5925.0,,,
2026-08-17T14:14:58Z,2026-08-22,Sweden Allsvenskan,Örgryte IS vs Halmstads BK,new_format,1.74,1.93,OVER,AVOID,0.536,-,NO_BET,0.5297,0.5326,-0.1578,0.0029,35.19,True,,NO_BET,39.0,845a9edd535fcc09,1cffbf907b700771,2026-08-22 13:00:00,7125.0,,,
2026-08-17T14:14:58Z,2026-08-23,Sweden Allsvenskan,IFK Goteborg vs IF Elfsborg,new_format,1.72,2.08,UNDER,AVOID,0.494,-,NO_BET,0.5519,0.5257,-0.1796,-0.0262,35.19,True,,NO_BET,39.0,2d70ca460fed9805,328925fe07b69a4d,2026-08-23 12:00:00,8505.0,,,
2026-08-17T14:14:58Z,2026-08-23,Sweden Allsvenskan,Västerås SK vs Kalmar FF,new_format,1.72,1.96,OVER,AVOID,0.552,-,NO_BET,0.5373,0.544,-0.148,0.0067,35.19,True,,NO_BET,39.0,0096b84d831f59ac,82027e11175b77e7,2026-08-23 12:00:00,8505.0,,,
2026-08-17T14:14:58Z,2026-08-23,Sweden Allsvenskan,IF Brommapojkarna vs Degerfors IF,new_format,1.85,1.82,OVER,VALUABLE,0.581,-,NO_BET,0.4953,0.5337,-0.1013,0.0384,35.19,True,,NO_BET,39.0,e534fb973ebd8b14,821bce0b05f1eb42,2026-08-23 14:30:00,8655.0,,,
2026-08-17T14:14:58Z,2026-08-23,Sweden Allsvenskan,Hammarby IF vs GAIS,new_format,1.58,2.33,UNDER,VALUABLE,0.489,-,NO_BET,0.6051,0.5527,-0.2052,-0.0524,35.19,True,,NO_BET,39.0,c44070f386265ac6,5db8f2f22b779073,2026-08-23 14:30:00,8655.0,,,
2026-08-17T14:14:58Z,2026-08-17,Finland Veikkausliiga,IF Gnistan vs Ilves Tampere,new_format,1.57,2.35,UNDER,AVOID,0.583,-,NO_BET,0.6091,0.5972,-0.1402,-0.0119,21.9,True,,NO_BET,26.0,cce5af9a6680980c,01a4ff848d4bf00d,2026-08-17 15:00:00,45.0,,,
2026-08-17T14:14:58Z,2026-08-21,Finland Veikkausliiga,SJK Seinäjoki vs FC Lahti,new_format,1.65,2.06,UNDER,VALUABLE,0.462,-,NO_BET,0.5633,0.5176,-0.2272,-0.0457,21.9,True,,NO_BET,26.0,bd618459037c5e2c,4b20e828258a30c5,2026-08-21 16:00:00,5865.0,,,
2026-08-17T14:14:58Z,2026-08-22,Finland Veikkausliiga,Jaro vs AC Oulu,new_format,1.62,2.1,UNDER,AVOID,0.547,-,NO_BET,0.5741,0.5621,-0.1694,-0.012,21.9,True,,NO_BET,26.0,ca252bb9115dfdaa,5a861670078e33b3,2026-08-22 14:00:00,7185.0,,,
2026-08-17T14:14:58Z,2026-08-22,Finland Veikkausliiga,Ilves Tampere vs VPS Vaasa,new_format,1.65,2.06,UNDER,AVOID,0.556,-,NO_BET,0.5633,0.5599,-0.1572,-0.0033,21.9,True,,NO_BET,26.0,e40b66bca3e1c137,541615678fc0efba,2026-08-22 14:00:00,7185.0,,,
2026-08-17T14:14:58Z,2026-08-23,Finland Veikkausliiga,HJK Helsinki vs IF Gnistan,new_format,1.52,2.42,UNDER,VALUABLE,0.527,-,NO_BET,0.6269,0.5821,-0.1912,-0.0447,21.9,True,,NO_BET,26.0,c24162f6d195d9be,3a2ad669f97c9a13,2026-08-23 12:00:00,8505.0,,,
2026-08-17T14:14:58Z,2026-08-23,Finland Veikkausliiga,KuPS Kuopio vs IFK Mariehamn,new_format,1.41,2.75,UNDER,VALUABLE,0.584,-,NO_BET,0.6795,0.6363,-0.1742,-0.0432,21.9,True,,NO_BET,26.0,6112c05b485e51fa,ec118457bca8176c,2026-08-23 12:00:00,8505.0,,,
2026-08-17T14:14:58Z,2026-08-23,Finland Veikkausliiga,TPS Turku vs FC Inter Turku,new_format,1.82,1.92,UNDER,AVOID,0.478,-,NO_BET,0.5148,0.4982,-0.1808,-0.0166,21.9,True,,NO_BET,26.0,83bbb68d33b4afe6,8a29bef3274635fa,2026-08-23 15:00:00,8685.0,,,
2026-08-17T14:14:58Z,2026-08-21,Ireland Premier Division,Bohemians vs Derry City,new_format,1.95,1.75,OVER,AVOID,0.495,-,NO_BET,0.4694,0.4809,-0.1546,0.0115,-4.82,True,,NO_BET,19.0,2f851ae06b80d286,f77dfc923b723603,2026-08-21 18:45:00,6030.0,,,
2026-08-17T14:14:58Z,2026-08-21,Ireland Premier Division,Drogheda United vs St Patricks Athletic,new_format,1.85,1.85,UNDER,AVOID,0.447,-,NO_BET,0.5,0.4761,-0.2078,-0.0239,-4.82,True,,NO_BET,19.0,21947e11f94821bd,98857e3d0bb36193,2026-08-21 18:45:00,6030.0,,,
2026-08-17T14:14:58Z,2026-08-21,Ireland Premier Division,Dundalk vs Galway United,new_format,1.55,2.28,UNDER,VALUABLE,0.506,-,NO_BET,0.6079,0.562,-0.2062,-0.0458,-4.82,True,,NO_BET,19.0,7ba79f91b370cf63,f4cda101bbfb0f29,2026-08-21 18:45:00,6030.0,,,
2026-08-17T14:14:58Z,2026-08-21,Ireland Premier Division,Sligo Rovers vs Waterford FC,new_format,1.62,2.15,UNDER,VALUABLE,0.471,-,NO_BET,0.5794,0.5306,-0.2205,-0.0488,-4.82,True,,NO_BET,19.0,e472ee9472e98272,65c9060993d59de8,2026-08-21 19:00:00,6045.0,,,
2026-08-17T14:14:58Z,2026-08-17,Argentina Primera Division,Estudiantes de Río Cuarto vs Atlético Tucuman,new_format,2.95,1.39,OVER,VALUABLE,0.426,-,NO_BET,0.304,0.3468,-0.1039,0.0428,-15.62,True,,NO_BET,17.0,2bddb3c17ce35ca2,44d62faab8a3b10b,2026-08-17 17:45:00,210.0,,,
2026-08-17T14:14:58Z,2026-08-17,Argentina Primera Division,Lanus vs Independiente,new_format,2.75,1.44,OVER,AVOID,0.375,-,NO_BET,0.3297,0.3455,-0.1697,0.0158,-15.62,True,,NO_BET,17.0,d41961f9e28bf2a6,dd74c037346a1a95,2026-08-17 20:00:00,345.0,,,
2026-08-17T14:14:58Z,2026-08-17,Argentina Primera Division,Velez Sarsfield BA vs Defensa y Justicia,new_format,2.25,1.64,OVER,AVOID,0.42,-,NO_BET,0.4151,0.4169,-0.165,0.0018,-15.62,True,,NO_BET,17.0,bba6522238550d38,18cd2f257a4e1729,2026-08-17 22:15:00,480.0,,,
2026-08-17T14:14:58Z,2026-08-18,Argentina Primera Division,Gimnasia Mendoza vs Talleres,new_format,2.75,1.44,OVER,MARKSMAN,0.404,-,NO_BET,0.3297,0.3559,-0.1415,0.0262,-15.62,True,,NO_BET,17.0,c8aaa341fc9efeca,8128a792c0584c25,2026-08-18 00:30:00,615.0,,,
2026-08-17T14:14:58Z,2026-08-21,Argentina Primera Division,Aldosivi Mar del Plata vs Union Santa Fe,new_format,2.5,1.5,OVER,AVOID,0.41,-,NO_BET,0.3621,0.379,-0.164,0.0169,-15.62,True,,NO_BET,17.0,20d847af14fb12cd,2f56b6e59bdf9118,2026-08-21 17:30:00,5955.0,,,
2026-08-17T14:14:58Z,2026-08-21,Argentina Primera Division,Estudiantes de Río Cuarto vs San Lorenzo,new_format,2.95,1.39,OVER,VALUABLE,0.407,-,NO_BET,0.304,0.3402,-0.1233,0.0362,-15.62,True,,NO_BET,17.0,5cbcc2b632710e46,e14771313c4ffc4b,2026-08-21 23:00:00,6285.0,,,
2026-08-17T14:14:58Z,2026-08-22,Argentina Primera Division,Atlético Tucuman vs Instituto de Córdoba,new_format,2.25,1.56,OVER,AVOID,0.413,-,NO_BET,0.3972,0.4026,-0.197,0.0053,-15.62,True,,NO_BET,17.0,29652f1d117edf26,2ff6a6ab3787a060,2026-08-22 19:00:00,7485.0,,,
2026-08-17T14:14:58Z,2026-08-22,Argentina Primera Division,Gimnasia La Plata vs Gimnasia Mendoza,new_format,2.32,1.52,OVER,AVOID,0.447,-,NO_BET,0.3812,0.4041,-0.1678,0.023,-15.62,True,,NO_BET,17.0,09ede06d62151824,600095510a967d1e,2026-08-22 19:00:00,7485.0,,,
2026-08-17T14:14:58Z,2026-08-22,Argentina Primera Division,Independiente vs Independiente Rivadavia,new_format,2.13,1.61,UNDER,AVOID,0.378,-,NO_BET,0.4205,0.4058,-0.2342,-0.0148,-15.62,True,,NO_BET,17.0,001142c12709356d,b55bbe7f280cc2a4,2026-08-22 21:30:00,7635.0,,,
2026-08-17T14:14:58Z,2026-08-23,Argentina Primera Division,Atlético Huracán vs Deportivo Riestra,new_format,2.95,1.39,OVER,VALUABLE,0.393,-,NO_BET,0.304,0.3352,-0.1379,0.0312,-15.62,True,,NO_BET,17.0,cde8fb5682d0d1c7,a8ae76e4f9086592,2026-08-23 00:00:00,7785.0,,,
2026-08-17T14:14:58Z,2026-08-23,Argentina Primera Division,Newells Old Boys vs Banfield,new_format,2.4,1.49,OVER,AVOID,0.391,-,NO_BET,0.3668,0.3753,-0.2072,0.0085,-15.62,True,,NO_BET,17.0,251f8abbf62c3b90,f8d9744557d547b9,2026-08-23 00:00:00,7785.0,,,
2026-08-17T14:14:58Z,2026-08-23,Argentina Primera Division,Barracas Central vs Platense,new_format,2.95,1.39,OVER,AVOID,0.369,-,NO_BET,0.304,0.3267,-0.1627,0.0226,-15.62,True,,NO_BET,17.0,1533559b31b013c9,4c546f925069e138,2026-08-23 17:45:00,8850.0,,,
2026-08-17T14:14:58Z,2026-08-23,Argentina Primera Division,Sarmiento de Junin vs Estudiantes,new_format,2.58,1.49,OVER,AVOID,0.378,-,NO_BET,0.354,0.3626,-0.1787,0.0086,-15.62,True,,NO_BET,17.0,0c98b3893390b6b3,2e2f08b4a69ae623,2026-08-23 17:45:00,8850.0,,,
2026-08-17T14:14:58Z,2026-08-23,Argentina Primera Division,Belgrano de Cordoba vs Defensa y Justicia,new_format,2.38,1.49,OVER,AVOID,0.448,-,NO_BET,0.3683,0.3961,-0.1646,0.0278,-15.62,True,,NO_BET,17.0,25f07189aa0c7c54,1babd5ca301db4af,2026-08-23 20:00:00,8985.0,,,
2026-08-17T14:14:58Z,2026-08-23,Argentina Primera Division,River Plate vs Velez Sarsfield BA,new_format,2.35,1.51,OVER,AVOID,0.413,-,NO_BET,0.3761,0.3888,-0.1925,0.0128,-15.62,True,,NO_BET,17.0,1d5c127849f53d57,ee4fe40102d3fe1e,2026-08-23 22:15:00,9120.0,,,
2026-08-17T14:14:58Z,2026-08-24,Argentina Primera Division,Racing Club vs Boca Juniors,new_format,2.62,1.47,OVER,VALUABLE,0.442,-,NO_BET,0.346,0.3795,-0.1217,0.0335,-15.62,True,,NO_BET,17.0,48f07dd026e48573,b4d9425a0c20b3f1,2026-08-24 00:30:00,9255.0,,,
2026-08-17T14:14:58Z,2026-08-17,Brazil Serie A,Internacional vs Remo,new_format,1.83,1.91,UNDER,AVOID,0.46,-,NO_BET,0.5119,0.4883,-0.1943,-0.0235,2.01,True,,NO_BET,39.0,b29c4ad1a6cd4d75,f3dbe6d1f4287751,2026-08-17 23:00:00,525.0,,,
2026-08-17T14:14:58Z,2026-08-22,Brazil Serie A,Fluminense vs Remo,new_format,1.81,2.04,UNDER,AVOID,0.497,-,NO_BET,0.5318,0.516,-0.1532,-0.0158,2.01,True,,NO_BET,39.0,2552f7fb97ddafaa,daaae57375cef522,2026-08-22 19:00:00,7485.0,,,
2026-08-17T14:14:58Z,2026-08-22,Brazil Serie A,Internacional vs Atletico Mineiro,new_format,2.09,1.77,UNDER,AVOID,0.429,-,NO_BET,0.4558,0.4463,-0.1646,-0.0095,2.01,True,,NO_BET,39.0,a7e94b77cffba431,9771c7793e5c01f8,2026-08-22 21:30:00,7635.0,,,
2026-08-17T14:14:58Z,2026-08-22,Brazil Serie A,Cruzeiro vs Flamengo,new_format,2.02,1.83,UNDER,AVOID,0.459,-,NO_BET,0.4738,0.4687,-0.1482,-0.0051,2.01,True,,NO_BET,39.0,7b4c886908754bff,e280df254d5aed98,2026-08-22 23:30:00,7755.0,,,
2026-08-17T14:14:58Z,2026-08-23,Brazil Serie A,Vitoria vs Bahia,new_format,2.0,1.84,UNDER,AVOID,0.434,-,NO_BET,0.4778,0.4583,-0.1775,-0.0195,2.01,True,,NO_BET,39.0,6f75781f8e4d1d01,ee8ad44eb7b20f88,2026-08-23 19:00:00,8925.0,,,
2026-08-17T14:14:58Z,2026-08-23,Brazil Serie A,Bragantino-SP vs Grêmio,new_format,1.9,1.95,UNDER,VALUABLE,0.433,-,NO_BET,0.5069,0.4737,-0.1905,-0.0332,2.01,True,,NO_BET,39.0,7d8ae413a7e4d024,06fd63283a90d86e,2026-08-23 19:00:00,8925.0,,,
2026-08-17T14:14:58Z,2026-08-23,Brazil Serie A,Palmeiras vs Vasco da Gama,new_format,1.88,1.97,UNDER,AVOID,0.482,-,NO_BET,0.5124,0.4985,-0.1526,-0.0139,2.01,True,,NO_BET,39.0,217ab452b96818c4,5d6aab4f1cf1bae9,2026-08-23 19:00:00,8925.0,,,
2026-08-17T14:14:58Z,2026-08-23,Brazil Serie A,Chapecoense vs Sao Paulo,new_format,2.06,1.74,UNDER,AVOID,0.449,-,NO_BET,0.454,0.4521,-0.1649,-0.0019,2.01,True,,NO_BET,39.0,445c7e8cd70383fb,2a235736a0a401cb,2026-08-23 21:30:00,9075.0,,,
2026-08-17T14:14:58Z,2026-08-23,Brazil Serie A,Santos vs Mirassol,new_format,1.96,1.82,OVER,AVOID,0.491,-,NO_BET,0.4798,0.4848,-0.1426,0.005,2.01,True,,NO_BET,39.0,21dbe5a9dc036de7,33572ca3af88ea0c,2026-08-23 21:30:00,9075.0,,,
2026-08-17T14:14:58Z,2026-08-23,Brazil Serie A,Coritiba vs Corinthians,new_format,2.5,1.56,OVER,VALUABLE,0.473,-,NO_BET,0.3771,0.4105,-0.0858,0.0334,2.01,True,,NO_BET,39.0,be1e0d4b1a5aa493,f952390e059239db,2026-08-23 22:30:00,9135.0,,,
2026-08-17T14:14:58Z,2026-08-21,Japan J-League,Kashiwa Reysol vs V-Varen Nagasaki,new_format,1.85,1.96,UNDER,AVOID,0.513,-,NO_BET,0.5155,0.5145,-0.1369,-0.0011,0.0,True,,NO_BET,2.0,cdeceee163c87ed7,6252adcb5913111d,2026-08-21 10:00:00,5505.0,,,
2026-08-17T14:14:58Z,2026-08-21,Japan J-League,FC Tokyo vs JEF United Chiba,new_format,1.89,1.92,OVER,AVOID,0.54,-,NO_BET,0.5042,0.5204,-0.1065,0.0162,0.0,True,,NO_BET,2.0,fb68adcb652ee823,1fa6dcea59c2e49d,2026-08-21 10:30:00,5535.0,,,
2026-08-17T14:14:58Z,2026-08-22,Japan J-League,Kashima Antlers vs Avispa Fukuoka,new_format,2.32,1.52,OVER,VALUABLE,0.486,-,NO_BET,0.3812,0.4178,-0.1362,0.0367,0.0,True,,NO_BET,2.0,2b3b1ff887892f84,09d54fef8e5e2d3f,2026-08-22 09:00:00,6885.0,,,
2026-08-17T14:14:58Z,2026-08-22,Japan J-League,Fagiano Okayama vs Tokyo Verdy,new_format,2.48,1.48,OVER,AVOID,0.413,-,NO_BET,0.3581,0.3772,-0.1753,0.0191,0.0,True,,NO_BET,2.0,3cd552055d21f87e,9ef63bfd84739fc3,2026-08-22 09:30:00,6915.0,,,
2026-08-17T14:14:58Z,2026-08-22,Japan J-League,Cerezo Osaka vs Shimizu S Pulse,new_format,1.82,2.0,UNDER,AVOID,0.486,-,NO_BET,0.5253,0.5075,-0.164,-0.0179,0.0,True,,NO_BET,2.0,3d3d4a2a2618791e,7d96c36cb8ce823a,2026-08-22 10:00:00,6945.0,,,
2026-08-17T14:14:58Z,2026-08-22,Japan J-League,Nagoya Grampus vs Gamba Osaka,new_format,1.87,1.95,UNDER,AVOID,0.47,-,NO_BET,0.5112,0.4927,-0.168,-0.0185,0.0,True,,NO_BET,2.0,09d82fd8d0e35bb7,ae6c485ad6712368,2026-08-22 10:00:00,6945.0,,,
2026-08-17T14:14:58Z,2026-08-22,Japan J-League,Kyoto Purple Sanga vs Mito HollyHock,new_format,2.12,1.65,OVER,AVOID,0.499,-,NO_BET,0.4301,0.4543,-0.1355,0.0242,0.0,True,,NO_BET,2.0,d69ab48d0f6cbf00,4c8c1cb0cb8a3263,2026-08-22 10:00:00,6945.0,,,
2026-08-17T14:14:58Z,2026-08-22,Japan J-League,Hiroshima Sanfrecce FC vs Kawasaki Frontale,new_format,1.6,2.2,UNDER,VALUABLE,0.497,-,NO_BET,0.5888,0.5475,-0.2032,-0.0412,0.0,True,,NO_BET,2.0,848fad7d3bfda45f,346c958571529b71,2026-08-22 10:15:00,6960.0,,,
2026-08-17T14:14:58Z,2026-08-22,Japan J-League,Yokohama F Marinos vs Vissel Kobe,new_format,2.1,1.75,OVER,AVOID,0.491,-,NO_BET,0.4513,0.4651,-0.1212,0.0138,0.0,True,,NO_BET,2.0,1221956156b55702,cbd8fa8c976bcbfd,2026-08-22 10:30:00,6975.0,,,
2026-08-17T14:14:58Z,2026-08-23,Japan J-League,FC Machida Zelvia vs Urawa Red Diamonds,new_format,2.08,1.65,OVER,AVOID,0.488,-,NO_BET,0.4345,0.4531,-0.1545,0.0187,0.0,True,,NO_BET,2.0,7d15de865cfd995c,822c38c026a00b1c,2026-08-23 10:30:00,8415.0,,,
2026-08-17T14:14:58Z,2026-08-18,Mexico Liga MX,Necaxa vs León,new_format,1.75,2.02,OVER,AVOID,0.547,-,NO_BET,0.5395,0.5427,-0.1352,0.0032,12.09,True,,NO_BET,34.0,67909a9ec5171068,3c330ab894467768,2026-08-18 01:00:00,645.0,,,
2026-08-17T14:14:58Z,2026-08-18,Mexico Liga MX,Pachuca vs Puebla,new_format,1.67,2.0,UNDER,AVOID,0.547,-,NO_BET,0.552,0.5496,-0.164,-0.0024,12.09,True,,NO_BET,34.0,12e6bbd602b8cac8,e346a0bacc8584b4,2026-08-18 03:00:00,765.0,,,
2026-08-17T14:14:58Z,2026-08-22,Mexico Liga MX,Tigres vs Atlante FC,new_format,1.55,2.2,UNDER,AVOID,0.517,-,NO_BET,0.6005,0.5627,-0.2051,-0.0378,12.09,True,,NO_BET,34.0,e59d5aa1c96682dd,6c229ea0bec5b842,2026-08-22 01:00:00,6405.0,,,
2026-08-17T14:14:58Z,2026-08-22,Mexico Liga MX,León vs Monterrey,new_format,1.54,2.32,UNDER,VALUABLE,0.506,-,NO_BET,0.6138,0.5654,-0.2062,-0.0483,12.09,True,,NO_BET,34.0,190f613f58006d77,dc124e26a7120cb3,2026-08-22 01:00:00,6405.0,,,
2026-08-17T14:14:58Z,2026-08-22,Mexico Liga MX,FC Juárez vs América,new_format,1.75,1.95,UNDER,AVOID,0.513,-,NO_BET,0.5306,0.5225,-0.1706,-0.0081,12.09,True,,NO_BET,34.0,3b6651c5476f7763,01b5850885a7806e,2026-08-22 03:00:00,6525.0,,,
2026-08-17T14:14:58Z,2026-08-22,Mexico Liga MX,Querétaro vs Toluca,new_format,1.56,2.28,UNDER,AVOID,0.549,-,NO_BET,0.6054,0.5799,-0.1729,-0.0255,12.09,True,,NO_BET,34.0,8e7e26ed97afe190,d6d498b28fbe1b18,2026-08-22 23:00:00,7725.0,,,
2026-08-17T14:14:58Z,2026-08-22,Mexico Liga MX,Guadalajara vs Tijuana,new_format,1.6,2.22,UNDER,MARKSMAN,0.486,-,NO_BET,0.5907,0.5435,-0.2097,-0.0472,12.09,True,,NO_BET,34.0,41e5f9c3d34d2350,20d3ede0c977a68d,2026-08-22 23:07:00,7732.0,,,
2026-08-17T14:14:58Z,2026-08-23,Mexico Liga MX,Puebla vs Santos Laguna,new_format,1.55,2.2,UNDER,AVOID,0.551,-,NO_BET,0.6005,0.5784,-0.1807,-0.0221,12.09,True,,NO_BET,34.0,6135f44835eada90,3d9ff22c8b225b7e,2026-08-23 01:00:00,7845.0,,,
2026-08-17T14:14:58Z,2026-08-23,Mexico Liga MX,Cruz Azul vs Atlas,new_format,1.65,2.02,UNDER,AVOID,0.491,-,NO_BET,0.5586,0.5282,-0.2097,-0.0303,12.09,True,,NO_BET,34.0,a56bd6a1aee9c3f3,63204a4f4fda5ed4,2026-08-23 03:00:00,7965.0,,,
2026-08-17T14:14:58Z,2026-08-23,Mexico Liga MX,Atlético San Luis vs Pachuca,new_format,1.6,1.94,UNDER,AVOID,0.517,-,NO_BET,0.5593,0.5403,-0.2149,-0.019,12.09,True,,NO_BET,34.0,db228ac4fcebe275,7c7c74b85287fe90,2026-08-23 23:00:00,9165.0,,,
2026-08-17T14:14:58Z,2026-08-24,Mexico Liga MX,Pumas vs Necaxa,new_format,1.54,2.32,UNDER,AVOID,0.571,-,NO_BET,0.6138,0.5945,-0.1612,-0.0193,12.09,True,,NO_BET,34.0,010e651f92547fb5,9fb23b44e79e14b5,2026-08-24 01:00:00,9285.0,,,
2026-08-17T14:14:58Z,2026-08-18,China Super League,Shanghai Shenhua FC vs Beijing FC,new_format,1.36,2.9,UNDER,VALUABLE,0.578,-,NO_BET,0.7037,0.6471,-0.1894,-0.0567,50.01,True,,NO_BET,28.0,d8fd0162c6318d5e,83b1da36da68713d,2026-08-18 11:35:00,1280.0,,,
2026-08-17T14:14:58Z,2026-08-19,China Super League,Shanghai SIPG FC vs Dalian Yingbo,new_format,1.47,2.52,UNDER,AVOID,0.522,-,NO_BET,0.6475,0.5912,-0.205,-0.0563,50.01,True,,NO_BET,28.0,f7a089367cd2c7b8,edcbc2643f1ab24d,2026-08-19 11:35:00,2720.0,,,
2026-08-17T14:14:58Z,2026-08-22,China Super League,Wuhan Three Towns vs Tianjin Jinmen Tiger FC,new_format,1.76,2.03,UNDER,AVOID,0.513,-,NO_BET,0.5389,0.5271,-0.1576,-0.0118,50.01,True,,NO_BET,28.0,5eee32900885bf72,7bd88e6f9126bbbd,2026-08-22 11:00:00,7005.0,,,
2026-08-17T14:14:58Z,2026-08-22,China Super League,Chengdu Rongcheng FC vs Shanghai Shenhua FC,new_format,1.37,2.85,UNDER,SNIPER,0.519,-,NO_BET,0.6978,0.6172,-0.2246,-0.0806,50.01,True,,NO_BET,28.0,3654c3838a414c79,3c7f6946729d20f3,2026-08-22 11:35:00,7040.0,,,
2026-08-17T14:14:58Z,2026-08-22,China Super League,Shenzhen Peng City FC vs Zhejiang,new_format,1.48,2.48,UNDER,VALUABLE,0.506,-,NO_BET,0.6419,0.5809,-0.2149,-0.061,50.01,True,,NO_BET,28.0,5b16cf4af762d8ae,5ef1b5413498d8d0,2026-08-22 11:35:00,7040.0,,,
2026-08-17T14:14:58Z,2026-08-22,China Super League,Beijing FC vs Yunnan Yukun,new_format,1.26,3.55,UNDER,SNIPER,0.585,-,NO_BET,0.7668,0.6851,-0.202,-0.0817,50.01,True,,NO_BET,28.0,a946a6db8d17cb3c,3b05551b6cf7845f,2026-08-22 12:00:00,7065.0,,,
2026-08-17T14:14:58Z,2026-08-22,China Super League,Qingdao West Coast FC vs Shandong Luneng Taishan FC,new_format,1.48,2.48,UNDER,VALUABLE,0.509,-,NO_BET,0.6419,0.5822,-0.2129,-0.0597,50.01,True,,NO_BET,28.0,f3d160e65d3d8d6d,9953df39c2587a28,2026-08-22 12:00:00,7065.0,,,
2026-08-17T14:14:58Z,2026-08-23,China Super League,Liaoning Tieren FC vs Henan FC,new_format,1.62,2.18,UNDER,AVOID,0.553,-,NO_BET,0.5824,0.5693,-0.1576,-0.0131,50.01,True,,NO_BET,28.0,b1449f56392fb2b1,f8ef564dcf0e126a,2026-08-23 11:00:00,8445.0,,,
2026-08-17T14:14:58Z,2026-08-23,China Super League,Shanghai SIPG FC vs Qingdao Hainiu FC,new_format,1.38,2.82,UNDER,AVOID,0.533,-,NO_BET,0.6929,0.6208,-0.2139,-0.0722,50.01,True,,NO_BET,28.0,09cdda76f8c83480,cdc4de62ec3f9f30,2026-08-23 11:35:00,8480.0,,,
2026-08-17T14:14:58Z,2026-08-23,China Super League,Chongqing Tonglianglong FC vs Dalian Yingbo,new_format,1.82,1.88,OVER,AVOID,0.547,-,NO_BET,0.5091,0.5263,-0.1296,0.0172,50.01,True,,NO_BET,28.0,d261bf1f72d920e1,229bb03e2f2b661b,2026-08-23 12:00:00,8505.0,,,
2026-08-17T14:14:58Z,2026-08-19,USA MLS,Columbus Crew SC vs CF Montreal,new_format,1.5,2.45,UNDER,AVOID,0.608,-,NO_BET,0.6343,0.6224,-0.1413,-0.0119,59.7,True,,NO_BET,50.0,b06579785b1c9425,2c1d5d6851205e6f,2026-08-19 23:30:00,3435.0,,,
2026-08-17T14:14:58Z,2026-08-19,USA MLS,Toronto FC vs Charlotte FC,new_format,1.72,2.23,UNDER,AVOID,0.565,-,NO_BET,0.5674,0.5662,-0.1097,-0.0012,59.7,True,,NO_BET,50.0,f2c0aefdfb6fad14,346e8ce5e4e9964c,2026-08-19 23:30:00,3435.0,,,
2026-08-17T14:14:58Z,2026-08-19,USA MLS,Orlando City SC vs Chicago Fire,new_format,1.35,3.0,UNDER,AVOID,0.658,-,NO_BET,0.7118,0.6875,-0.1403,-0.0243,59.7,True,,NO_BET,50.0,94033c7f087c4e63,7b44ad749d8c0286,2026-08-19 23:30:00,3435.0,,,
2026-08-17T14:14:58Z,2026-08-19,USA MLS,D.C. United vs New England Revolution,new_format,1.76,2.03,UNDER,AVOID,0.48,-,NO_BET,0.5389,0.5123,-0.1836,-0.0266,59.7,True,,NO_BET,50.0,9ea89f9585756d24,fc1d8fbd3d503e21,2026-08-19 23:30:00,3435.0,,,
2026-08-17T14:14:58Z,2026-08-19,USA MLS,FC Cincinnati vs New York City FC,new_format,1.44,2.62,UNDER,AVOID,0.644,-,NO_BET,0.6627,0.6543,-0.13,-0.0084,59.7,True,,NO_BET,50.0,80e77c09080b047f,bf67e05e2ea7863f,2026-08-19 23:30:00,3435.0,,,
2026-08-17T14:14:58Z,2026-08-19,USA MLS,Philadelphia Union vs Inter Miami CF,new_format,1.4,2.75,UNDER,MARKSMAN,0.594,-,NO_BET,0.6827,0.6426,-0.1713,-0.04,59.7,True,,NO_BET,50.0,48f17c7a50410c65,c3c3e5b0246b9def,2026-08-19 23:30:00,3435.0,,,
2026-08-17T14:14:58Z,2026-08-19,USA MLS,New York Red Bulls vs Nashville SC,new_format,1.5,2.45,UNDER,AVOID,0.556,-,NO_BET,0.6343,0.5993,-0.1762,-0.035,59.7,True,,NO_BET,50.0,3cd381df2852998b,19da4ed162578844,2026-08-19 23:30:00,3435.0,,,
2026-08-17T14:14:58Z,2026-08-20,USA MLS,Sporting Kansas City vs St. Louis City SC,new_format,1.44,2.5,UNDER,VALUABLE,0.512,-,NO_BET,0.6549,0.5904,-0.2228,-0.0644,59.7,True,,NO_BET,50.0,0f54c1fa5c6586cc,60857a78f1526279,2026-08-20 00:00:00,3465.0,,,
2026-08-17T14:14:58Z,2026-08-20,USA MLS,Minnesota United FC vs Atlanta United FC,new_format,1.73,2.2,UNDER,AVOID,0.522,-,NO_BET,0.5627,0.5443,-0.1424,-0.0184,59.7,True,,NO_BET,50.0,5efb665c28ba2522,dc2c91e3c778f64e,2026-08-20 00:30:00,3495.0,,,
2026-08-17T14:14:58Z,2026-08-20,USA MLS,Seattle Sounders FC vs Austin FC,new_format,1.44,2.5,UNDER,VALUABLE,0.546,-,NO_BET,0.6549,0.6061,-0.2001,-0.0488,59.7,True,,NO_BET,50.0,b61d8405f5529d63,1f0ed918bec9c105,2026-08-20 01:30:00,3555.0,,,
2026-08-17T14:14:58Z,2026-08-20,USA MLS,Colorado Rapids vs Los Angeles FC,new_format,1.72,2.23,OVER,AVOID,0.569,-,NO_BET,0.5674,0.5683,-0.1061,0.0009,59.7,True,,NO_BET,50.0,7c6833c9c48d8c24,cc8500f389444854,2026-08-20 01:30:00,3555.0,,,
2026-08-17T14:14:58Z,2026-08-20,USA MLS,Real Salt Lake vs FC Dallas,new_format,1.5,2.45,UNDER,AVOID,0.57,-,NO_BET,0.6343,0.6052,-0.1674,-0.0292,59.7,True,,NO_BET,50.0,8d55160c46da04e3,266d2ff1a499f214,2026-08-20 01:30:00,3555.0,,,
2026-08-17T14:14:58Z,2026-08-20,USA MLS,Vancouver Whitecaps FC vs Houston Dynamo,new_format,1.44,2.5,UNDER,AVOID,0.563,-,NO_BET,0.6549,0.6137,-0.1891,-0.0412,59.7,True,,NO_BET,50.0,dd3a5563d050068f,b80ab7ba0c9a7ceb,2026-08-20 02:30:00,3615.0,,,
2026-08-17T14:14:58Z,2026-08-20,USA MLS,LA Galaxy vs San Jose Earthquakes,new_format,1.44,2.6,UNDER,AVOID,0.567,-,NO_BET,0.6614,0.619,-0.1814,-0.0425,59.7,True,,NO_BET,50.0,d3069b818bad46e2,c6a31f8d2e2c91aa,2026-08-20 02:30:00,3615.0,,,
2026-08-17T14:14:58Z,2026-08-20,USA MLS,Portland Timbers vs San Diego FC,new_format,1.35,3.0,UNDER,VALUABLE,0.607,-,NO_BET,0.7118,0.6647,-0.1715,-0.0472,59.7,True,,NO_BET,50.0,9437f3004254e327,c6855559119c7c61,2026-08-20 02:30:00,3615.0,,,
2026-08-17T14:14:58Z,2026-08-22,USA MLS,CF Montreal vs LA Galaxy,new_format,1.54,2.43,UNDER,AVOID,0.488,-,NO_BET,0.6226,0.5621,-0.2113,-0.0604,59.7,True,,NO_BET,50.0,d14d5f89fd607777,284c8c9ac9f64f1c,2026-08-22 23:30:00,7755.0,,,
2026-08-17T14:14:58Z,2026-08-22,USA MLS,Charlotte FC vs D.C. United,new_format,1.65,2.18,UNDER,AVOID,0.486,-,NO_BET,0.5761,0.5356,-0.1975,-0.0405,59.7,True,,NO_BET,50.0,587aa7641a77dac4,25375065f8517e67,2026-08-22 23:30:00,7755.0,,,
2026-08-17T14:14:58Z,2026-08-22,USA MLS,New York Red Bulls vs Chicago Fire,new_format,1.36,2.88,UNDER,AVOID,0.657,-,NO_BET,0.7028,0.682,-0.1414,-0.0208,59.7,True,,NO_BET,50.0,d57d73d38d2af493,4168ff5316847aff,2026-08-22 23:30:00,7755.0,,,
2026-08-17T14:14:58Z,2026-08-22,USA MLS,FC Cincinnati vs Seattle Sounders FC,new_format,1.4,2.8,UNDER,AVOID,0.627,-,NO_BET,0.6853,0.6592,-0.1478,-0.0261,59.7,True,,NO_BET,50.0,87fcb6987aad097d,c476726db836ac00,2026-08-22 23:30:00,7755.0,,,
2026-08-17T14:14:58Z,2026-08-22,USA MLS,Inter Miami CF vs Toronto FC,new_format,1.33,3.1,UNDER,VALUABLE,0.565,-,NO_BET,0.7233,0.652,-0.2011,-0.0713,59.7,True,,NO_BET,50.0,71000a04f4456cb2,00f136e56bbe967b,2026-08-22 23:30:00,7755.0,,,
2026-08-17T14:14:58Z,2026-08-23,USA MLS,Austin FC vs Philadelphia Union,new_format,1.6,2.28,OVER,AVOID,0.601,-,NO_BET,0.5962,0.5985,-0.1212,0.0023,59.7,True,,NO_BET,50.0,e0751cfa60755e2f,ee54900864f1e651,2026-08-23 00:30:00,7815.0,,,
2026-08-17T14:14:58Z,2026-08-23,USA MLS,Nashville SC vs Columbus Crew SC,new_format,1.67,2.15,OVER,AVOID,0.616,-,NO_BET,0.569,0.59,-0.0962,0.021,59.7,True,,NO_BET,50.0,d1d911093da5da22,e770b354553cd95f,2026-08-23 00:30:00,7815.0,,,
2026-08-17T14:14:58Z,2026-08-23,USA MLS,St. Louis City SC vs Houston Dynamo,new_format,1.57,2.33,UNDER,AVOID,0.569,-,NO_BET,0.6074,0.5903,-0.1512,-0.0171,59.7,True,,NO_BET,50.0,03500b23740a6345,417aefd0206403d8,2026-08-23 00:30:00,7815.0,,,
2026-08-17T14:14:58Z,2026-08-23,USA MLS,Vancouver Whitecaps FC vs FC Dallas,new_format,1.44,2.5,UNDER,AVOID,0.566,-,NO_BET,0.6549,0.6146,-0.1877,-0.0402,59.7,True,,NO_BET,50.0,3e8aaabb21adb04f,6c0a7ce56734e10f,2026-08-23 01:30:00,7875.0,,,
2026-08-17T14:14:58Z,2026-08-23,USA MLS,San Diego FC vs Colorado Rapids,new_format,1.55,2.3,UNDER,AVOID,0.571,-,NO_BET,0.6096,0.5924,-0.1589,-0.0172,59.7,True,,NO_BET,50.0,eaeed9b244899724,f1a5694273d96ecd,2026-08-23 02:30:00,7935.0,,,
2026-08-17T14:14:58Z,2026-08-23,USA MLS,Los Angeles FC vs Portland Timbers,new_format,1.4,2.8,UNDER,VALUABLE,0.593,-,NO_BET,0.6853,0.6436,-0.1699,-0.0417,59.7,True,,NO_BET,50.0,49cfce1d9042c3e4,9c3823fe4d4ceeea,2026-08-23 02:30:00,7935.0,,,
2026-08-17T14:14:58Z,2026-08-23,USA MLS,San Jose Earthquakes vs Minnesota United FC,new_format,1.5,2.45,UNDER,AVOID,0.615,-,NO_BET,0.6343,0.6255,-0.1366,-0.0088,59.7,True,,NO_BET,50.0,ae27033157e74b77,c829304db8bb6612,2026-08-23 02:30:00,7935.0,,,
2026-08-17T14:14:58Z,2026-08-23,USA MLS,New England Revolution vs New York City FC,new_format,1.6,1.95,UNDER,AVOID,0.547,-,NO_BET,0.5606,0.5545,-0.192,-0.0061,59.7,True,,NO_BET,50.0,dc9fb57bfdf3b0e7,289755413f2d8980,2026-08-23 20:30:00,9015.0,,,
2026-08-17T14:14:58Z,2026-08-23,USA MLS,Atlanta United FC vs Sporting Kansas City,new_format,1.44,2.5,UNDER,AVOID,0.574,-,NO_BET,0.6549,0.6183,-0.1824,-0.0366,59.7,True,,NO_BET,50.0,bb98a7065b65d56f,813611e2435b8bea,2026-08-23 23:00:00,9165.0,,,
2026-08-17T14:16:04Z,2026-08-17,Championship,Cardiff City vs Wrexham AFC,standard,1.75,2.04,UNDER,AVOID,0.492,-,NO_BET,0.5419,0.522,-0.1714,-0.0198,9.95,True,,NO_BET,1.0,5d26b3d5d81cb37c,c895e4d7cb0b72bf,2026-08-17 19:00:00,283.9,,,
2026-08-17T14:16:04Z,2026-08-22,Championship,Birmingham City vs Bristol City,standard,1.75,1.93,UNDER,AVOID,0.508,-,NO_BET,0.5279,0.52,-0.175,-0.008,9.95,True,,NO_BET,1.0,c088a9969ad8cc5c,d351d78cc764d3b2,2026-08-22 11:30:00,7033.9,,,
2026-08-17T14:16:04Z,2026-08-22,Championship,Lincoln City vs Portsmouth,standard,1.88,1.79,OVER,AVOID,0.533,-,NO_BET,0.486,0.5048,-0.1407,0.0188,9.95,True,,NO_BET,1.0,e4379f5d784193cf,d2d7a664a6a14dda,2026-08-22 11:30:00,7033.9,,,
2026-08-17T14:16:04Z,2026-08-22,Championship,Millwall vs Norwich City,standard,1.87,1.8,OVER,AVOID,0.536,-,NO_BET,0.4891,0.5078,-0.1398,0.0187,9.95,True,,NO_BET,1.0,9e2d3922a137c442,a30360c9c9a27ff0,2026-08-22 11:30:00,7033.9,,,
2026-08-17T14:16:04Z,2026-08-22,Championship,Blackburn Rovers vs Middlesbrough,standard,1.93,1.75,OVER,AVOID,0.515,-,NO_BET,0.4721,0.4894,-0.147,0.0174,9.95,True,,NO_BET,1.0,585c2c9970102457,f0d21f630d9f858d,2026-08-22 14:00:00,7183.9,,,
2026-08-17T14:16:04Z,2026-08-22,Championship,Queens Park Rangers vs Bolton Wanderers,standard,1.89,1.88,UNDER,AVOID,0.487,-,NO_BET,0.4985,0.4941,-0.1563,-0.0044,9.95,True,,NO_BET,1.0,c03eda20eec29e1a,3b5ec44971390d7b,2026-08-22 14:00:00,7183.9,,,
2026-08-17T14:16:04Z,2026-08-22,Championship,Derby County vs Cardiff City,standard,1.95,1.82,UNDER,AVOID,0.473,-,NO_BET,0.4811,0.4777,-0.1608,-0.0034,9.95,True,,NO_BET,1.0,99beb7f755670a49,f102494f8b3f6ac8,2026-08-22 14:00:00,7183.9,,,
2026-08-17T14:16:04Z,2026-08-22,Championship,West Ham United vs Charlton Athletic,standard,1.6,2.14,UNDER,AVOID,0.533,-,NO_BET,0.5828,0.563,-0.1783,-0.0197,9.95,True,,NO_BET,1.0,e95e1303db81a304,570ae73bf5a0c4cc,2026-08-22 14:00:00,7183.9,,,
2026-08-17T14:16:04Z,2026-08-22,Championship,Preston North End vs Wolverhampton Wanderers,standard,1.75,2.0,UNDER,AVOID,0.507,-,NO_BET,0.537,0.5251,-0.166,-0.0119,9.95,True,,NO_BET,1.0,a0c0c54fc0b42e40,8f3f990d074eec3a,2026-08-22 14:00:00,7183.9,,,
2026-08-17T14:16:04Z,2026-08-22,Championship,Swansea City vs Sheffield United,standard,1.82,1.85,UNDER,AVOID,0.5,-,NO_BET,0.5047,0.5026,-0.1728,-0.002,9.95,True,,NO_BET,1.0,c759db8fc8c0f39a,e5e7bac529d54038,2026-08-22 14:00:00,7183.9,,,
2026-08-17T14:16:04Z,2026-08-22,Championship,Southampton vs Stoke City,standard,1.6,2.16,UNDER,AVOID,0.532,-,NO_BET,0.5848,0.5635,-0.1775,-0.0213,9.95,True,,NO_BET,1.0,d9bc916a9932894b,8dde3d6790be6451,2026-08-22 14:00:00,7183.9,,,
2026-08-17T14:16:04Z,2026-08-22,Championship,Wrexham AFC vs Watford,standard,1.75,1.93,UNDER,AVOID,0.507,-,NO_BET,0.5279,0.5196,-0.1756,-0.0083,9.95,True,,NO_BET,1.0,1726a8cedfdedbb1,5bfe2651580c3009,2026-08-22 14:00:00,7183.9,,,
2026-08-17T14:16:04Z,2026-08-23,Championship,West Bromwich Albion vs Burnley,standard,2.07,1.73,UNDER,AVOID,0.449,-,NO_BET,0.4511,0.4504,-0.1644,-0.0007,9.95,True,,NO_BET,1.0,312f43d553da2391,4ea0f0f9fe502c05,2026-08-23 11:00:00,8443.9,,,
2026-08-17T14:16:04Z,2026-08-20,League One,Sheffield Wednesday vs Bradford City,standard,1.92,1.85,OVER,AVOID,0.503,-,NO_BET,0.4898,0.4953,-0.1403,0.0055,1.3,True,,NO_BET,6.0,7c54c7306abfc60a,9c18273e8ddf1004,2026-08-20 19:00:00,4603.9,,,
2026-08-17T14:16:04Z,2026-08-22,League One,Doncaster Rovers vs Barnsley,standard,1.67,2.0,UNDER,AVOID,0.522,-,NO_BET,0.552,0.5399,-0.1804,-0.0122,1.3,True,,NO_BET,6.0,b5e9d02d86e2c349,f0111778223b5f5e,2026-08-22 11:30:00,7033.9,,,
2026-08-17T14:16:04Z,2026-08-22,League One,Luton vs Notts County,standard,1.73,2.07,UNDER,AVOID,0.469,-,NO_BET,0.5489,0.5168,-0.1901,-0.0321,1.3,True,,NO_BET,6.0,927eb44f9febae39,2464e032bc190b8a,2026-08-22 11:30:00,7033.9,,,
2026-08-17T14:16:04Z,2026-08-22,League One,Stockport County FC vs Blackpool,standard,1.79,1.99,UNDER,AVOID,0.493,-,NO_BET,0.5289,0.5144,-0.1657,-0.0145,1.3,True,,NO_BET,6.0,53cb1e404c642515,84474dd2199c509b,2026-08-22 14:00:00,7183.9,,,
2026-08-17T14:16:04Z,2026-08-22,League One,Bromley FC vs Cambridge United,standard,1.99,1.76,OVER,AVOID,0.524,-,NO_BET,0.466,0.4893,-0.1202,0.0233,1.3,True,,NO_BET,6.0,ea7bc14293a54442,fe4103b98e23a1f7,2026-08-22 14:00:00,7183.9,,,
2026-08-17T14:16:04Z,2026-08-22,League One,Leicester City vs Burton Albion,standard,1.65,2.19,UNDER,AVOID,0.504,-,NO_BET,0.5771,0.548,-0.1769,-0.0291,1.3,True,,NO_BET,6.0,6189b0cc5ee11444,69af6187e5e5fa8a,2026-08-22 14:00:00,7183.9,,,
2026-08-17T14:16:04Z,2026-08-22,League One,Milton Keynes Dons vs Huddersfield Town,standard,1.85,1.92,UNDER,AVOID,0.477,-,NO_BET,0.5102,0.497,-0.1693,-0.0132,1.3,True,,NO_BET,6.0,34aef29ca9489a97,504a42a2a6760f23,2026-08-22 14:00:00,7183.9,,,
2026-08-17T14:16:04Z,2026-08-22,League One,Wigan Athletic vs Leyton Orient,standard,2.03,1.65,OVER,AVOID,0.518,-,NO_BET,0.4402,0.4676,-0.1461,0.0273,1.3,True,,NO_BET,6.0,352dc6f5880006c8,75a1b6333494cd3e,2026-08-22 14:00:00,7183.9,,,
2026-08-17T14:16:04Z,2026-08-22,League One,Peterborough United vs Mansfield Town,standard,1.58,2.13,UNDER,AVOID,0.51,-,NO_BET,0.5863,0.5557,-0.2006,-0.0306,1.3,True,,NO_BET,6.0,cb82d5707ca72331,b916042b557e07df,2026-08-22 14:00:00,7183.9,,,
2026-08-17T14:16:04Z,2026-08-22,League One,Stevenage vs Oxford United,standard,2.1,1.71,OVER,AVOID,0.489,-,NO_BET,0.444,0.4597,-0.1326,0.0156,1.3,True,,NO_BET,6.0,4d764238c0b9c927,63ffcfe175da9ebf,2026-08-22 14:00:00,7183.9,,,
2026-08-17T14:16:04Z,2026-08-22,League One,Wycombe Wanderers vs Plymouth Argyle,standard,1.73,1.91,UNDER,AVOID,0.511,-,NO_BET,0.5287,0.5217,-0.1817,-0.0071,1.3,True,,NO_BET,6.0,e94e43ad74779010,0b58bd3e9db49ece,2026-08-22 14:00:00,7183.9,,,
2026-08-17T14:16:04Z,2026-08-22,League One,Wimbledon vs Reading,standard,2.01,1.77,OVER,AVOID,0.487,-,NO_BET,0.4652,0.4729,-0.144,0.0077,1.3,True,,NO_BET,6.0,f38d8641ed03da92,51b7913785123f31,2026-08-22 14:00:00,7183.9,,,
2026-08-17T14:16:04Z,2026-08-22,League Two,Bristol Rovers vs Newport County,standard,1.77,2.0,UNDER,AVOID,0.505,-,NO_BET,0.5336,0.5221,-0.1616,-0.0115,,True,,NO_BET,,17bafb23a4b3fd5d,9b9b27754e32b89f,2026-08-22 11:30:00,7033.9,,,
2026-08-17T14:16:04Z,2026-08-22,League Two,Salford City vs Chesterfield FC,standard,2.08,1.71,OVER,AVOID,0.485,-,NO_BET,0.4463,0.4597,-0.141,0.0134,,True,,NO_BET,,3e774a9edc734f86,152dfd93fd96045e,2026-08-22 11:30:00,7033.9,,,
2026-08-17T14:16:04Z,2026-08-22,League Two,Walsall vs Grimsby Town,standard,2.05,1.73,OVER,AVOID,0.475,-,NO_BET,0.4534,0.461,-0.1509,0.0076,,True,,NO_BET,,b9072f867463e8a1,1c8f00c2d427aedb,2026-08-22 11:30:00,7033.9,,,
2026-08-17T14:16:04Z,2026-08-22,League Two,Exeter City vs Accrington Stanley,standard,1.92,1.84,OVER,AVOID,0.51,-,NO_BET,0.4883,0.4969,-0.1373,0.0086,,True,,NO_BET,,5a531aaf6425f28a,9ed37d7ec307e848,2026-08-22 14:00:00,7183.9,,,
2026-08-17T14:16:04Z,2026-08-22,League Two,Shrewsbury Town vs Barnet,standard,1.93,1.85,UNDER,AVOID,0.483,-,NO_BET,0.4885,0.4864,-0.1529,-0.0021,,True,,NO_BET,,0c8e7ed64b7e73a8,02ab89e1f0c4c3d1,2026-08-22 14:00:00,7183.9,,,
2026-08-17T14:16:04Z,2026-08-22,League Two,Swindon Town vs Cheltenham Town,standard,1.85,1.93,UNDER,AVOID,0.498,-,NO_BET,0.5115,0.5059,-0.1527,-0.0056,,True,,NO_BET,,05655077666479d6,b20838fb7252f23e,2026-08-22 14:00:00,7183.9,,,
2026-08-17T14:16:04Z,2026-08-22,League Two,Colchester United vs Oldham Athletic,standard,1.9,1.88,UNDER,AVOID,0.465,-,NO_BET,0.4971,0.4842,-0.1705,-0.0129,,True,,NO_BET,,6cd9357b1ce19aca,2c198c9d7ab3cd4b,2026-08-22 14:00:00,7183.9,,,
2026-08-17T14:16:04Z,2026-08-22,League Two,Rochdale vs Crawley Town,standard,1.84,1.92,UNDER,AVOID,0.473,-,NO_BET,0.5117,0.4963,-0.1751,-0.0154,,True,,NO_BET,,f1015c441b4c1bf2,004f53067a6d3310,2026-08-22 14:00:00,7183.9,,,
2026-08-17T14:16:04Z,2026-08-22,League Two,Crewe Alexandra vs Northampton Town,standard,1.96,1.8,OVER,AVOID,0.485,-,NO_BET,0.4766,0.48,-0.152,0.0034,,True,,NO_BET,,1a3d69f4ae45916c,90ce01224a503af5,2026-08-22 14:00:00,7183.9,,,
2026-08-17T14:16:04Z,2026-08-22,League Two,Fleetwood Town vs Gillingham,standard,1.95,1.84,UNDER,AVOID,0.472,-,NO_BET,0.4842,0.4793,-0.1577,-0.0049,,True,,NO_BET,,c8126df620692995,b3b0a41e8f12be8d,2026-08-22 14:00:00,7183.9,,,
2026-08-17T14:16:04Z,2026-08-22,League Two,Port Vale vs Tranmere Rovers,standard,2.08,1.71,OVER,AVOID,0.499,-,NO_BET,0.4463,0.4647,-0.1306,0.0184,,True,,NO_BET,,01c5d023f21e7ce1,ec6a54fa62b067fa,2026-08-22 14:00:00,7183.9,,,
2026-08-17T14:16:04Z,2026-08-22,League Two,Rotherham United vs York City,standard,1.87,1.87,OVER,AVOID,0.556,-,NO_BET,0.5,0.5225,-0.1124,0.0225,,True,,NO_BET,,60a9d55220628fec,fc8734bb3d53ec54,2026-08-22 14:00:00,7183.9,,,
2026-08-17T14:16:04Z,2026-08-17,La Liga 2,Sporting Gijón vs Sabadell FC,standard,2.14,1.74,OVER,AVOID,0.484,-,NO_BET,0.4452,0.4587,-0.1178,0.0135,1.85,True,,NO_BET,9.0,81c78f86c9a66229,1354f5cf4e702b76,2026-08-17 17:00:00,163.9,,,
2026-08-17T14:16:04Z,2026-08-17,La Liga 2,Almería vs CD Eldense,standard,1.62,2.36,UNDER,VALUABLE,0.443,-,NO_BET,0.5987,0.5364,-0.2111,-0.0623,1.85,True,,NO_BET,9.0,d88f1cfd27d30207,0695e986cf0c20eb,2026-08-17 19:30:00,313.9,,,
2026-08-17T14:16:04Z,2026-08-21,La Liga 2,Córdoba vs Girona FC,standard,2.05,1.68,OVER,AVOID,0.551,-,NO_BET,0.4439,0.4815,-0.109,0.0376,1.85,True,,NO_BET,9.0,65c65cdd5624a45f,7162c195c3d455c4,2026-08-21 19:00:00,6043.9,,,
2026-08-17T14:16:04Z,2026-08-22,La Liga 2,Oviedo vs Leganés,standard,2.05,1.7,OVER,AVOID,0.482,-,NO_BET,0.4478,0.4599,-0.1532,0.0121,1.85,True,,NO_BET,9.0,8b12053b3be90f41,adf6d4c7b3781976,2026-08-22 15:00:00,7243.9,,,
2026-08-17T14:16:04Z,2026-08-22,La Liga 2,AD Ceuta FC vs Las Palmas,standard,1.98,1.72,OVER,AVOID,0.474,-,NO_BET,0.4601,0.4657,-0.1713,0.0057,1.85,True,,NO_BET,9.0,577f76171a29f519,9e5e202567c0f657,2026-08-22 17:00:00,7363.9,,,
2026-08-17T14:16:04Z,2026-08-22,La Liga 2,Albacete vs Real Sociedad B,standard,1.82,1.88,UNDER,AVOID,0.481,-,NO_BET,0.5091,0.4981,-0.1811,-0.0111,1.85,True,,NO_BET,9.0,a2f2b6458bdd92d0,567e5d327de77208,2026-08-22 17:00:00,7363.9,,,
2026-08-17T14:16:04Z,2026-08-22,La Liga 2,CD Eldense vs Cádiz CF,standard,2.05,1.68,OVER,AVOID,0.485,-,NO_BET,0.4439,0.4584,-0.1563,0.0145,1.85,True,,NO_BET,9.0,03d837992854f764,395b49b999f600db,2026-08-22 19:30:00,7513.9,,,
2026-08-17T14:16:04Z,2026-08-23,La Liga 2,SD Eibar vs Real Valladolid CF,standard,2.22,1.58,OVER,VALUABLE,0.491,-,NO_BET,0.4048,0.4348,-0.1369,0.03,1.85,True,,NO_BET,9.0,45473472c3a80838,443911597259df7c,2026-08-23 15:00:00,8683.9,,,
2026-08-17T14:16:04Z,2026-08-23,La Liga 2,Sporting Gijón vs Burgos CF,standard,2.32,1.55,OVER,AVOID,0.445,-,NO_BET,0.3887,0.4086,-0.1576,0.0199,1.85,True,,NO_BET,9.0,378e475f04df36ea,053ff585acccf42a,2026-08-23 17:00:00,8803.9,,,
2026-08-17T14:16:04Z,2026-08-23,La Liga 2,CD Castellón vs Sabadell FC,standard,1.75,1.95,OVER,AVOID,0.533,-,NO_BET,0.5306,0.5316,-0.1547,0.001,1.85,True,,NO_BET,9.0,6e00535f08d24c9d,6d339036efd9ed55,2026-08-23 17:00:00,8803.9,,,
2026-08-17T14:16:04Z,2026-08-23,La Liga 2,Tenerife vs Almería,standard,2.0,1.72,OVER,AVOID,0.484,-,NO_BET,0.4576,0.4682,-0.1578,0.0106,1.85,True,,NO_BET,9.0,fd4f92a95702e93a,3ebfffa3902eabf6,2026-08-23 19:30:00,8953.9,,,
2026-08-17T14:16:04Z,2026-08-22,Serie B,Avellino vs Arezzo,standard,2.18,1.62,OVER,AVOID,0.511,-,NO_BET,0.4176,0.4501,-0.1194,0.0326,,True,,NO_BET,,9d385cbbcbcb7415,29281dd4faa78f48,2026-08-22 15:00:00,7243.9,,,
2026-08-17T14:16:04Z,2026-08-22,Serie B,Benevento vs Modena,standard,1.89,1.88,UNDER,AVOID,0.442,-,NO_BET,0.4985,0.4761,-0.1903,-0.0225,,True,,NO_BET,,d84f51112e02181d,912d39f932a595c5,2026-08-22 15:00:00,7243.9,,,
2026-08-17T14:16:04Z,2026-08-22,Serie B,Carrarese vs Mantova,standard,1.92,1.78,OVER,AVOID,0.503,-,NO_BET,0.4786,0.4883,-0.1537,0.0097,,True,,NO_BET,,c58bd29f749d8e33,5f43932c5f686241,2026-08-22 15:00:00,7243.9,,,
2026-08-17T14:16:04Z,2026-08-22,Serie B,Empoli vs Cremonese,standard,2.0,1.72,OVER,AVOID,0.48,-,NO_BET,0.4576,0.4667,-0.1607,0.0091,,True,,NO_BET,,13b1ef6e2f64d8b7,d4d900013416b9a5,2026-08-22 15:00:00,7243.9,,,
2026-08-17T14:16:04Z,2026-08-22,Serie B,Südtirol vs Virtus Entella,standard,2.48,1.48,OVER,VALUABLE,0.468,-,NO_BET,0.3581,0.3966,-0.1275,0.0386,,True,,NO_BET,,0b343f2ad6bb1903,d89d7bf28b6fbbe1,2026-08-22 15:00:00,7243.9,,,
2026-08-17T14:16:04Z,2026-08-22,Serie B,Vicenza vs US Catanzaro 1929,standard,2.07,1.73,OVER,AVOID,0.499,-,NO_BET,0.4511,0.4678,-0.1285,0.0167,,True,,NO_BET,,ea6d4a703eeef71f,74a7250ad877fa60,2026-08-22 15:00:00,7243.9,,,
2026-08-17T14:16:04Z,2026-08-23,Serie B,Hellas Verona vs Ascoli,standard,1.78,1.92,OVER,AVOID,0.529,-,NO_BET,0.5214,0.5244,-0.1526,0.003,,True,,NO_BET,,d8f8d38e2c39d02a,ac6bebfc45ff14e6,2026-08-23 17:00:00,8803.9,,,
2026-08-17T14:16:04Z,2026-08-23,Serie B,Pisa vs Padova,standard,2.06,1.68,OVER,AVOID,0.474,-,NO_BET,0.4428,0.4537,-0.1616,0.0109,,True,,NO_BET,,39fe5c204e52c031,06ea5a40267c5f08,2026-08-23 17:00:00,8803.9,,,
2026-08-17T14:16:04Z,2026-08-23,Serie B,Cesena FC vs Sampdoria,standard,2.0,1.71,OVER,AVOID,0.505,-,NO_BET,0.4557,0.4754,-0.1435,0.0196,,True,,NO_BET,,a07e1d1955a4736f,61e2418615e786e0,2026-08-23 19:00:00,8923.9,,,
2026-08-17T14:16:04Z,2026-08-23,Serie B,Palermo vs Juve Stabia,standard,2.04,1.7,OVER,AVOID,0.505,-,NO_BET,0.449,0.4687,-0.1394,0.0198,,True,,NO_BET,,645a4916d7392ced,8537d48fbce22336,2026-08-23 19:00:00,8923.9,,,
2026-08-17T14:16:04Z,2026-08-17,Denmark Superliga,Brondby IF vs SonderjyskE,new_format,1.56,2.22,UNDER,AVOID,0.581,-,NO_BET,0.6,0.5916,-0.1546,-0.0084,30.64,True,,NO_BET,20.0,344f1a90eda6f34c,e2fb548ba0acef24,2026-08-17 17:00:00,163.9,,,
2026-08-17T14:16:04Z,2026-08-23,Denmark Superliga,SonderjyskE vs FC Nordsjaelland,new_format,1.55,2.38,UNDER,VALUABLE,0.513,-,NO_BET,0.6163,0.5697,-0.1942,-0.0465,30.64,True,,NO_BET,20.0,f4032f14fb0d9d0d,cfd0f7c357a18a3b,2026-08-23 10:00:00,8383.9,,,
2026-08-17T14:16:04Z,2026-08-23,Denmark Superliga,AGF Aarhus vs OB Odense BK,new_format,1.65,2.22,UNDER,AVOID,0.531,-,NO_BET,0.58,0.5581,-0.1603,-0.0219,30.64,True,,NO_BET,20.0,3b450d8f7ba2c2dd,1dd5990000e97ef2,2026-08-23 12:00:00,8503.9,,,
2026-08-17T14:16:04Z,2026-08-23,Denmark Superliga,FC Midtjylland vs Randers FC,new_format,1.62,2.28,UNDER,AVOID,0.555,-,NO_BET,0.5918,0.5752,-0.148,-0.0166,30.64,True,,NO_BET,20.0,82218c5aa9557a68,0f7bc68846ba7599,2026-08-23 12:00:00,8503.9,,,
2026-08-17T14:16:04Z,2026-08-23,Denmark Superliga,AC Horsens vs Lyngby,new_format,1.82,1.98,OVER,VALUABLE,0.601,-,NO_BET,0.5228,0.5581,-0.0717,0.0353,30.64,True,,NO_BET,20.0,2131c822e0eebc82,38d0663ae522ddf5,2026-08-23 14:00:00,8623.9,,,
2026-08-17T14:16:04Z,2026-08-23,Denmark Superliga,Viborg FF vs FC Copenhagen,new_format,1.53,2.29,UNDER,AVOID,0.567,-,NO_BET,0.6137,0.5928,-0.1694,-0.021,30.64,True,,NO_BET,20.0,2edd173023dd9492,0c645c95f1b30b17,2026-08-23 16:00:00,8743.9,,,
2026-08-17T14:16:04Z,2026-08-21,Austrian Bundesliga,Ried vs Grazer AK,new_format,1.94,1.8,OVER,AVOID,0.48,-,NO_BET,0.4792,0.4797,-0.1614,0.0005,7.32,True,,NO_BET,12.0,222c65a1f42a024e,22ca299b46eb29a1,2026-08-21 17:30:00,5953.9,,,
2026-08-17T14:16:04Z,2026-08-22,Austrian Bundesliga,Rheindorf Altach vs Hartberg,new_format,1.85,1.79,UNDER,AVOID,0.467,-,NO_BET,0.4905,0.48,-0.2006,-0.0104,7.32,True,,NO_BET,12.0,948fa78de9ea9e66,da217c64d1522b54,2026-08-22 15:00:00,7243.9,,,
2026-08-17T14:16:04Z,2026-08-22,Austrian Bundesliga,Sturm Graz vs Austria Lustenau,new_format,1.51,2.27,UNDER,AVOID,0.47,-,NO_BET,0.6171,0.5508,-0.2441,-0.0663,7.32,True,,NO_BET,12.0,058b78005de8d2fe,4132120bc94a4daf,2026-08-22 17:30:00,7393.9,,,
2026-08-17T14:16:04Z,2026-08-17,Sweden Allsvenskan,BK Hacken vs Halmstads BK,new_format,1.41,2.85,UNDER,VALUABLE,0.574,-,NO_BET,0.6847,0.6349,-0.1762,-0.0498,35.19,True,,NO_BET,39.0,03027765cb24e221,3042ff71b43fe51d,2026-08-17 17:00:00,163.9,,,
2026-08-17T14:16:04Z,2026-08-21,Sweden Allsvenskan,IK Sirius vs BK Hacken,new_format,1.35,3.15,UNDER,VALUABLE,0.576,-,NO_BET,0.7181,0.654,-0.1861,-0.0641,35.19,True,,NO_BET,39.0,7af56695c089648c,23d58216a560c7fc,2026-08-21 17:00:00,5923.9,,,
2026-08-17T14:16:04Z,2026-08-22,Sweden Allsvenskan,Örgryte IS vs Halmstads BK,new_format,1.74,1.93,OVER,AVOID,0.536,-,NO_BET,0.5297,0.5326,-0.1578,0.0029,35.19,True,,NO_BET,39.0,845a9edd535fcc09,fe2e180b5d272fc2,2026-08-22 13:00:00,7123.9,,,
2026-08-17T14:16:04Z,2026-08-23,Sweden Allsvenskan,IFK Goteborg vs IF Elfsborg,new_format,1.72,2.08,UNDER,AVOID,0.494,-,NO_BET,0.5519,0.5257,-0.1796,-0.0262,35.19,True,,NO_BET,39.0,2d70ca460fed9805,fe1bf8011f334bd3,2026-08-23 12:00:00,8503.9,,,
2026-08-17T14:16:04Z,2026-08-23,Sweden Allsvenskan,Västerås SK vs Kalmar FF,new_format,1.72,1.96,OVER,AVOID,0.552,-,NO_BET,0.5373,0.544,-0.148,0.0067,35.19,True,,NO_BET,39.0,0096b84d831f59ac,0c9e395de4ee38ae,2026-08-23 12:00:00,8503.9,,,
2026-08-17T14:16:04Z,2026-08-23,Sweden Allsvenskan,IF Brommapojkarna vs Degerfors IF,new_format,1.85,1.82,OVER,VALUABLE,0.581,-,NO_BET,0.4953,0.5337,-0.1013,0.0384,35.19,True,,NO_BET,39.0,e534fb973ebd8b14,cfa016af70d6f9df,2026-08-23 14:30:00,8653.9,,,
2026-08-17T14:16:04Z,2026-08-23,Sweden Allsvenskan,Hammarby IF vs GAIS,new_format,1.58,2.33,UNDER,VALUABLE,0.489,-,NO_BET,0.6051,0.5527,-0.2052,-0.0524,35.19,True,,NO_BET,39.0,c44070f386265ac6,55f56bcd113ce82f,2026-08-23 14:30:00,8653.9,,,
2026-08-17T14:16:04Z,2026-08-17,Finland Veikkausliiga,IF Gnistan vs Ilves Tampere,new_format,1.57,2.35,UNDER,AVOID,0.583,-,NO_BET,0.6091,0.5972,-0.1402,-0.0119,21.9,True,,NO_BET,26.0,cce5af9a6680980c,676830ed8b8be722,2026-08-17 15:00:00,43.9,,,
2026-08-17T14:16:04Z,2026-08-21,Finland Veikkausliiga,SJK Seinäjoki vs FC Lahti,new_format,1.65,2.06,UNDER,VALUABLE,0.462,-,NO_BET,0.5633,0.5176,-0.2272,-0.0457,21.9,True,,NO_BET,26.0,bd618459037c5e2c,5381dc96fcc0d832,2026-08-21 16:00:00,5863.9,,,
2026-08-17T14:16:04Z,2026-08-22,Finland Veikkausliiga,Jaro vs AC Oulu,new_format,1.62,2.1,UNDER,AVOID,0.547,-,NO_BET,0.5741,0.5621,-0.1694,-0.012,21.9,True,,NO_BET,26.0,ca252bb9115dfdaa,ea99a388e2d1438e,2026-08-22 14:00:00,7183.9,,,
2026-08-17T14:16:04Z,2026-08-22,Finland Veikkausliiga,Ilves Tampere vs VPS Vaasa,new_format,1.65,2.06,UNDER,AVOID,0.556,-,NO_BET,0.5633,0.5599,-0.1572,-0.0033,21.9,True,,NO_BET,26.0,e40b66bca3e1c137,753a64cf6f57c135,2026-08-22 14:00:00,7183.9,,,
2026-08-17T14:16:04Z,2026-08-23,Finland Veikkausliiga,HJK Helsinki vs IF Gnistan,new_format,1.52,2.42,UNDER,VALUABLE,0.527,-,NO_BET,0.6269,0.5821,-0.1912,-0.0447,21.9,True,,NO_BET,26.0,c24162f6d195d9be,25fc441c03fd366f,2026-08-23 12:00:00,8503.9,,,
2026-08-17T14:16:04Z,2026-08-23,Finland Veikkausliiga,KuPS Kuopio vs IFK Mariehamn,new_format,1.41,2.75,UNDER,VALUABLE,0.584,-,NO_BET,0.6795,0.6363,-0.1742,-0.0432,21.9,True,,NO_BET,26.0,6112c05b485e51fa,8b6a3ac1dbba9263,2026-08-23 12:00:00,8503.9,,,
2026-08-17T14:16:04Z,2026-08-23,Finland Veikkausliiga,TPS Turku vs FC Inter Turku,new_format,1.82,1.92,UNDER,AVOID,0.478,-,NO_BET,0.5148,0.4982,-0.1808,-0.0166,21.9,True,,NO_BET,26.0,83bbb68d33b4afe6,d7a91dde4e99608c,2026-08-23 15:00:00,8683.9,,,
2026-08-17T14:16:04Z,2026-08-21,Ireland Premier Division,Bohemians vs Derry City,new_format,1.95,1.75,OVER,AVOID,0.495,-,NO_BET,0.4694,0.4809,-0.1546,0.0115,-4.82,True,,NO_BET,19.0,2f851ae06b80d286,3c46af296dd27e89,2026-08-21 18:45:00,6028.9,,,
2026-08-17T14:16:04Z,2026-08-21,Ireland Premier Division,Drogheda United vs St Patricks Athletic,new_format,1.85,1.85,UNDER,AVOID,0.447,-,NO_BET,0.5,0.4761,-0.2078,-0.0239,-4.82,True,,NO_BET,19.0,21947e11f94821bd,0f65367490bd0556,2026-08-21 18:45:00,6028.9,,,
2026-08-17T14:16:04Z,2026-08-21,Ireland Premier Division,Dundalk vs Galway United,new_format,1.55,2.28,UNDER,VALUABLE,0.506,-,NO_BET,0.6079,0.562,-0.2062,-0.0458,-4.82,True,,NO_BET,19.0,7ba79f91b370cf63,7d18aceadc1769ea,2026-08-21 18:45:00,6028.9,,,
2026-08-17T14:16:04Z,2026-08-21,Ireland Premier Division,Sligo Rovers vs Waterford FC,new_format,1.62,2.15,UNDER,VALUABLE,0.471,-,NO_BET,0.5794,0.5306,-0.2205,-0.0488,-4.82,True,,NO_BET,19.0,e472ee9472e98272,620b78def143660e,2026-08-21 19:00:00,6043.9,,,
2026-08-17T14:16:04Z,2026-08-17,Argentina Primera Division,Estudiantes de Río Cuarto vs Atlético Tucuman,new_format,2.95,1.39,OVER,VALUABLE,0.426,-,NO_BET,0.304,0.3468,-0.1039,0.0428,-15.62,True,,NO_BET,17.0,2bddb3c17ce35ca2,a4722717dbb579ba,2026-08-17 17:45:00,208.9,,,
2026-08-17T14:16:04Z,2026-08-17,Argentina Primera Division,Lanus vs Independiente,new_format,2.75,1.44,OVER,AVOID,0.375,-,NO_BET,0.3297,0.3455,-0.1697,0.0158,-15.62,True,,NO_BET,17.0,d41961f9e28bf2a6,4897602031e6eadf,2026-08-17 20:00:00,343.9,,,
2026-08-17T14:16:04Z,2026-08-17,Argentina Primera Division,Velez Sarsfield BA vs Defensa y Justicia,new_format,2.25,1.64,OVER,AVOID,0.42,-,NO_BET,0.4151,0.4169,-0.165,0.0018,-15.62,True,,NO_BET,17.0,bba6522238550d38,23f7b5b9f36b484b,2026-08-17 22:15:00,478.9,,,
2026-08-17T14:16:04Z,2026-08-18,Argentina Primera Division,Gimnasia Mendoza vs Talleres,new_format,2.75,1.44,OVER,MARKSMAN,0.404,-,NO_BET,0.3297,0.3559,-0.1415,0.0262,-15.62,True,,NO_BET,17.0,c8aaa341fc9efeca,818aeb1eaf31b276,2026-08-18 00:30:00,613.9,,,
2026-08-17T14:16:04Z,2026-08-21,Argentina Primera Division,Aldosivi Mar del Plata vs Union Santa Fe,new_format,2.5,1.5,OVER,AVOID,0.41,-,NO_BET,0.3621,0.379,-0.164,0.0169,-15.62,True,,NO_BET,17.0,20d847af14fb12cd,d73ed7c2048c1c93,2026-08-21 17:30:00,5953.9,,,
2026-08-17T14:16:04Z,2026-08-21,Argentina Primera Division,Estudiantes de Río Cuarto vs San Lorenzo,new_format,2.95,1.39,OVER,VALUABLE,0.407,-,NO_BET,0.304,0.3402,-0.1233,0.0362,-15.62,True,,NO_BET,17.0,5cbcc2b632710e46,6b9585b8ade450d8,2026-08-21 23:00:00,6283.9,,,
2026-08-17T14:16:04Z,2026-08-22,Argentina Primera Division,Atlético Tucuman vs Instituto de Córdoba,new_format,2.25,1.56,OVER,AVOID,0.413,-,NO_BET,0.3972,0.4026,-0.197,0.0053,-15.62,True,,NO_BET,17.0,29652f1d117edf26,ecf3cfec5e530f42,2026-08-22 19:00:00,7483.9,,,
2026-08-17T14:16:04Z,2026-08-22,Argentina Primera Division,Gimnasia La Plata vs Gimnasia Mendoza,new_format,2.32,1.52,OVER,AVOID,0.447,-,NO_BET,0.3812,0.4041,-0.1678,0.023,-15.62,True,,NO_BET,17.0,09ede06d62151824,9d28ece1bca949b3,2026-08-22 19:00:00,7483.9,,,
2026-08-17T14:16:04Z,2026-08-22,Argentina Primera Division,Independiente vs Independiente Rivadavia,new_format,2.13,1.61,UNDER,AVOID,0.378,-,NO_BET,0.4205,0.4058,-0.2342,-0.0148,-15.62,True,,NO_BET,17.0,001142c12709356d,dd414fb03f31bfc2,2026-08-22 21:30:00,7633.9,,,
2026-08-17T14:16:04Z,2026-08-23,Argentina Primera Division,Atlético Huracán vs Deportivo Riestra,new_format,2.95,1.39,OVER,VALUABLE,0.393,-,NO_BET,0.304,0.3352,-0.1379,0.0312,-15.62,True,,NO_BET,17.0,cde8fb5682d0d1c7,f76ed86cc72baf04,2026-08-23 00:00:00,7783.9,,,
2026-08-17T14:16:04Z,2026-08-23,Argentina Primera Division,Newells Old Boys vs Banfield,new_format,2.4,1.49,OVER,AVOID,0.391,-,NO_BET,0.3668,0.3753,-0.2072,0.0085,-15.62,True,,NO_BET,17.0,251f8abbf62c3b90,865a6a6d47762c34,2026-08-23 00:00:00,7783.9,,,
2026-08-17T14:16:04Z,2026-08-23,Argentina Primera Division,Barracas Central vs Platense,new_format,2.95,1.39,OVER,AVOID,0.369,-,NO_BET,0.304,0.3267,-0.1627,0.0226,-15.62,True,,NO_BET,17.0,1533559b31b013c9,ccc3201e70a9f7a9,2026-08-23 17:45:00,8848.9,,,
2026-08-17T14:16:04Z,2026-08-23,Argentina Primera Division,Sarmiento de Junin vs Estudiantes,new_format,2.58,1.49,OVER,AVOID,0.378,-,NO_BET,0.354,0.3626,-0.1787,0.0086,-15.62,True,,NO_BET,17.0,0c98b3893390b6b3,ebf7ee1423432843,2026-08-23 17:45:00,8848.9,,,
2026-08-17T14:16:04Z,2026-08-23,Argentina Primera Division,Belgrano de Cordoba vs Defensa y Justicia,new_format,2.38,1.49,OVER,AVOID,0.448,-,NO_BET,0.3683,0.3961,-0.1646,0.0278,-15.62,True,,NO_BET,17.0,25f07189aa0c7c54,b0f34ee20f3f4971,2026-08-23 20:00:00,8983.9,,,
2026-08-17T14:16:04Z,2026-08-23,Argentina Primera Division,River Plate vs Velez Sarsfield BA,new_format,2.35,1.51,OVER,AVOID,0.413,-,NO_BET,0.3761,0.3888,-0.1925,0.0128,-15.62,True,,NO_BET,17.0,1d5c127849f53d57,c9014e106dcd971a,2026-08-23 22:15:00,9118.9,,,
2026-08-17T14:16:04Z,2026-08-24,Argentina Primera Division,Racing Club vs Boca Juniors,new_format,2.62,1.47,OVER,VALUABLE,0.442,-,NO_BET,0.346,0.3795,-0.1217,0.0335,-15.62,True,,NO_BET,17.0,48f07dd026e48573,5fb0796fb6d9f478,2026-08-24 00:30:00,9253.9,,,
2026-08-17T14:16:04Z,2026-08-17,Brazil Serie A,Internacional vs Remo,new_format,1.83,1.91,UNDER,AVOID,0.46,-,NO_BET,0.5119,0.4883,-0.1943,-0.0235,2.01,True,,NO_BET,39.0,b29c4ad1a6cd4d75,75553f572667d79f,2026-08-17 23:00:00,523.9,,,
2026-08-17T14:16:04Z,2026-08-22,Brazil Serie A,Fluminense vs Remo,new_format,1.81,2.04,UNDER,AVOID,0.497,-,NO_BET,0.5318,0.516,-0.1532,-0.0158,2.01,True,,NO_BET,39.0,2552f7fb97ddafaa,1ce4334e656a83a9,2026-08-22 19:00:00,7483.9,,,
2026-08-17T14:16:04Z,2026-08-22,Brazil Serie A,Internacional vs Atletico Mineiro,new_format,2.09,1.77,UNDER,AVOID,0.429,-,NO_BET,0.4558,0.4463,-0.1646,-0.0095,2.01,True,,NO_BET,39.0,a7e94b77cffba431,f3c51bcc74488f67,2026-08-22 21:30:00,7633.9,,,
2026-08-17T14:16:04Z,2026-08-22,Brazil Serie A,Cruzeiro vs Flamengo,new_format,2.02,1.83,UNDER,AVOID,0.459,-,NO_BET,0.4738,0.4687,-0.1482,-0.0051,2.01,True,,NO_BET,39.0,7b4c886908754bff,3c46bf30d541f70e,2026-08-22 23:30:00,7753.9,,,
2026-08-17T14:16:04Z,2026-08-23,Brazil Serie A,Vitoria vs Bahia,new_format,2.0,1.84,UNDER,AVOID,0.434,-,NO_BET,0.4778,0.4583,-0.1775,-0.0195,2.01,True,,NO_BET,39.0,6f75781f8e4d1d01,639a2134df02c042,2026-08-23 19:00:00,8923.9,,,
2026-08-17T14:16:04Z,2026-08-23,Brazil Serie A,Bragantino-SP vs Grêmio,new_format,1.9,1.95,UNDER,VALUABLE,0.433,-,NO_BET,0.5069,0.4737,-0.1905,-0.0332,2.01,True,,NO_BET,39.0,7d8ae413a7e4d024,b004d6839d38f155,2026-08-23 19:00:00,8923.9,,,
2026-08-17T14:16:04Z,2026-08-23,Brazil Serie A,Palmeiras vs Vasco da Gama,new_format,1.88,1.97,UNDER,AVOID,0.482,-,NO_BET,0.5124,0.4985,-0.1526,-0.0139,2.01,True,,NO_BET,39.0,217ab452b96818c4,b8518104a459a30b,2026-08-23 19:00:00,8923.9,,,
2026-08-17T14:16:04Z,2026-08-23,Brazil Serie A,Chapecoense vs Sao Paulo,new_format,2.06,1.74,UNDER,AVOID,0.449,-,NO_BET,0.454,0.4521,-0.1649,-0.0019,2.01,True,,NO_BET,39.0,445c7e8cd70383fb,703f6b752e871841,2026-08-23 21:30:00,9073.9,,,
2026-08-17T14:16:04Z,2026-08-23,Brazil Serie A,Santos vs Mirassol,new_format,1.96,1.82,OVER,AVOID,0.491,-,NO_BET,0.4798,0.4848,-0.1426,0.005,2.01,True,,NO_BET,39.0,21dbe5a9dc036de7,85e335129990ccba,2026-08-23 21:30:00,9073.9,,,
2026-08-17T14:16:04Z,2026-08-23,Brazil Serie A,Coritiba vs Corinthians,new_format,2.5,1.56,OVER,VALUABLE,0.473,-,NO_BET,0.3771,0.4105,-0.0858,0.0334,2.01,True,,NO_BET,39.0,be1e0d4b1a5aa493,1e33dc4fbcc2451b,2026-08-23 22:30:00,9133.9,,,
2026-08-17T14:16:04Z,2026-08-21,Japan J-League,Kashiwa Reysol vs V-Varen Nagasaki,new_format,1.85,1.96,UNDER,AVOID,0.513,-,NO_BET,0.5155,0.5145,-0.1369,-0.0011,0.0,True,,NO_BET,2.0,cdeceee163c87ed7,b6b7a94517f397e4,2026-08-21 10:00:00,5503.9,,,
2026-08-17T14:16:04Z,2026-08-21,Japan J-League,FC Tokyo vs JEF United Chiba,new_format,1.89,1.92,OVER,AVOID,0.54,-,NO_BET,0.5042,0.5204,-0.1065,0.0162,0.0,True,,NO_BET,2.0,fb68adcb652ee823,c021f247878846c0,2026-08-21 10:30:00,5533.9,,,
2026-08-17T14:16:04Z,2026-08-22,Japan J-League,Kashima Antlers vs Avispa Fukuoka,new_format,2.32,1.52,OVER,VALUABLE,0.486,-,NO_BET,0.3812,0.4178,-0.1362,0.0367,0.0,True,,NO_BET,2.0,2b3b1ff887892f84,eff16088441d23c7,2026-08-22 09:00:00,6883.9,,,
2026-08-17T14:16:04Z,2026-08-22,Japan J-League,Fagiano Okayama vs Tokyo Verdy,new_format,2.48,1.48,OVER,AVOID,0.413,-,NO_BET,0.3581,0.3772,-0.1753,0.0191,0.0,True,,NO_BET,2.0,3cd552055d21f87e,01a1eee4dcab558f,2026-08-22 09:30:00,6913.9,,,
2026-08-17T14:16:04Z,2026-08-22,Japan J-League,Cerezo Osaka vs Shimizu S Pulse,new_format,1.82,2.0,UNDER,AVOID,0.486,-,NO_BET,0.5253,0.5075,-0.164,-0.0179,0.0,True,,NO_BET,2.0,3d3d4a2a2618791e,f86b198aff2d846b,2026-08-22 10:00:00,6943.9,,,
2026-08-17T14:16:04Z,2026-08-22,Japan J-League,Nagoya Grampus vs Gamba Osaka,new_format,1.87,1.95,UNDER,AVOID,0.47,-,NO_BET,0.5112,0.4927,-0.168,-0.0185,0.0,True,,NO_BET,2.0,09d82fd8d0e35bb7,635a4f11c97c727d,2026-08-22 10:00:00,6943.9,,,
2026-08-17T14:16:04Z,2026-08-22,Japan J-League,Kyoto Purple Sanga vs Mito HollyHock,new_format,2.12,1.65,OVER,AVOID,0.499,-,NO_BET,0.4301,0.4543,-0.1355,0.0242,0.0,True,,NO_BET,2.0,d69ab48d0f6cbf00,ca24d9d6feddded5,2026-08-22 10:00:00,6943.9,,,
2026-08-17T14:16:04Z,2026-08-22,Japan J-League,Hiroshima Sanfrecce FC vs Kawasaki Frontale,new_format,1.6,2.2,UNDER,VALUABLE,0.497,-,NO_BET,0.5888,0.5475,-0.2032,-0.0412,0.0,True,,NO_BET,2.0,848fad7d3bfda45f,005ef8bfafa1267e,2026-08-22 10:15:00,6958.9,,,
2026-08-17T14:16:04Z,2026-08-22,Japan J-League,Yokohama F Marinos vs Vissel Kobe,new_format,2.1,1.75,OVER,AVOID,0.491,-,NO_BET,0.4513,0.4651,-0.1212,0.0138,0.0,True,,NO_BET,2.0,1221956156b55702,3b785903ed4e55a7,2026-08-22 10:30:00,6973.9,,,
2026-08-17T14:16:04Z,2026-08-23,Japan J-League,FC Machida Zelvia vs Urawa Red Diamonds,new_format,2.08,1.65,OVER,AVOID,0.488,-,NO_BET,0.4345,0.4531,-0.1545,0.0187,0.0,True,,NO_BET,2.0,7d15de865cfd995c,76beaf87b6817f13,2026-08-23 10:30:00,8413.9,,,
2026-08-17T14:16:04Z,2026-08-18,Mexico Liga MX,Necaxa vs León,new_format,1.75,2.02,OVER,AVOID,0.547,-,NO_BET,0.5395,0.5427,-0.1352,0.0032,12.09,True,,NO_BET,34.0,67909a9ec5171068,b36a13913840d3d7,2026-08-18 01:00:00,643.9,,,
2026-08-17T14:16:04Z,2026-08-18,Mexico Liga MX,Pachuca vs Puebla,new_format,1.67,2.0,UNDER,AVOID,0.547,-,NO_BET,0.552,0.5496,-0.164,-0.0024,12.09,True,,NO_BET,34.0,12e6bbd602b8cac8,019ded2be6aebd28,2026-08-18 03:00:00,763.9,,,
2026-08-17T14:16:04Z,2026-08-22,Mexico Liga MX,Tigres vs Atlante FC,new_format,1.55,2.2,UNDER,AVOID,0.517,-,NO_BET,0.6005,0.5627,-0.2051,-0.0378,12.09,True,,NO_BET,34.0,e59d5aa1c96682dd,1a72e330b0b5c285,2026-08-22 01:00:00,6403.9,,,
2026-08-17T14:16:04Z,2026-08-22,Mexico Liga MX,León vs Monterrey,new_format,1.54,2.32,UNDER,VALUABLE,0.506,-,NO_BET,0.6138,0.5654,-0.2062,-0.0483,12.09,True,,NO_BET,34.0,190f613f58006d77,3b9b9f34a19e1954,2026-08-22 01:00:00,6403.9,,,
2026-08-17T14:16:04Z,2026-08-22,Mexico Liga MX,FC Juárez vs América,new_format,1.75,1.95,UNDER,AVOID,0.513,-,NO_BET,0.5306,0.5225,-0.1706,-0.0081,12.09,True,,NO_BET,34.0,3b6651c5476f7763,ea3e5b4216efacef,2026-08-22 03:00:00,6523.9,,,
2026-08-17T14:16:04Z,2026-08-22,Mexico Liga MX,Querétaro vs Toluca,new_format,1.56,2.28,UNDER,AVOID,0.549,-,NO_BET,0.6054,0.5799,-0.1729,-0.0255,12.09,True,,NO_BET,34.0,8e7e26ed97afe190,0763b77bbd625e2a,2026-08-22 23:00:00,7723.9,,,
2026-08-17T14:16:04Z,2026-08-22,Mexico Liga MX,Guadalajara vs Tijuana,new_format,1.6,2.22,UNDER,MARKSMAN,0.486,-,NO_BET,0.5907,0.5435,-0.2097,-0.0472,12.09,True,,NO_BET,34.0,41e5f9c3d34d2350,35abb524e3e50ba9,2026-08-22 23:07:00,7730.9,,,
2026-08-17T14:16:04Z,2026-08-23,Mexico Liga MX,Puebla vs Santos Laguna,new_format,1.55,2.2,UNDER,AVOID,0.551,-,NO_BET,0.6005,0.5784,-0.1807,-0.0221,12.09,True,,NO_BET,34.0,6135f44835eada90,74b0328748390438,2026-08-23 01:00:00,7843.9,,,
2026-08-17T14:16:04Z,2026-08-23,Mexico Liga MX,Cruz Azul vs Atlas,new_format,1.65,2.02,UNDER,AVOID,0.491,-,NO_BET,0.5586,0.5282,-0.2097,-0.0303,12.09,True,,NO_BET,34.0,a56bd6a1aee9c3f3,3032afa42204bd38,2026-08-23 03:00:00,7963.9,,,
2026-08-17T14:16:04Z,2026-08-23,Mexico Liga MX,Atlético San Luis vs Pachuca,new_format,1.6,1.94,UNDER,AVOID,0.517,-,NO_BET,0.5593,0.5403,-0.2149,-0.019,12.09,True,,NO_BET,34.0,db228ac4fcebe275,61592b34184170d3,2026-08-23 23:00:00,9163.9,,,
2026-08-17T14:16:04Z,2026-08-24,Mexico Liga MX,Pumas vs Necaxa,new_format,1.54,2.32,UNDER,AVOID,0.571,-,NO_BET,0.6138,0.5945,-0.1612,-0.0193,12.09,True,,NO_BET,34.0,010e651f92547fb5,008e805e87273cb1,2026-08-24 01:00:00,9283.9,,,
2026-08-17T14:16:04Z,2026-08-18,China Super League,Shanghai Shenhua FC vs Beijing FC,new_format,1.36,2.9,UNDER,VALUABLE,0.578,-,NO_BET,0.7037,0.6471,-0.1894,-0.0567,50.01,True,,NO_BET,28.0,d8fd0162c6318d5e,525c7a79e766ec6d,2026-08-18 11:35:00,1278.9,,,
2026-08-17T14:16:04Z,2026-08-19,China Super League,Shanghai SIPG FC vs Dalian Yingbo,new_format,1.47,2.52,UNDER,AVOID,0.522,-,NO_BET,0.6475,0.5912,-0.205,-0.0563,50.01,True,,NO_BET,28.0,f7a089367cd2c7b8,0e22b9c7fc8ac1c8,2026-08-19 11:35:00,2718.9,,,
2026-08-17T14:16:04Z,2026-08-22,China Super League,Wuhan Three Towns vs Tianjin Jinmen Tiger FC,new_format,1.76,2.03,UNDER,AVOID,0.513,-,NO_BET,0.5389,0.5271,-0.1576,-0.0118,50.01,True,,NO_BET,28.0,5eee32900885bf72,71d0ea3cf2c9e33d,2026-08-22 11:00:00,7003.9,,,
2026-08-17T14:16:04Z,2026-08-22,China Super League,Chengdu Rongcheng FC vs Shanghai Shenhua FC,new_format,1.37,2.85,UNDER,SNIPER,0.519,-,NO_BET,0.6978,0.6172,-0.2246,-0.0806,50.01,True,,NO_BET,28.0,3654c3838a414c79,f80519e094a751e3,2026-08-22 11:35:00,7038.9,,,
2026-08-17T14:16:04Z,2026-08-22,China Super League,Shenzhen Peng City FC vs Zhejiang,new_format,1.48,2.48,UNDER,VALUABLE,0.506,-,NO_BET,0.6419,0.5809,-0.2149,-0.061,50.01,True,,NO_BET,28.0,5b16cf4af762d8ae,08b6d16df783789a,2026-08-22 11:35:00,7038.9,,,
2026-08-17T14:16:04Z,2026-08-22,China Super League,Beijing FC vs Yunnan Yukun,new_format,1.26,3.55,UNDER,SNIPER,0.585,-,NO_BET,0.7668,0.6851,-0.202,-0.0817,50.01,True,,NO_BET,28.0,a946a6db8d17cb3c,c129a2606d53ef03,2026-08-22 12:00:00,7063.9,,,
2026-08-17T14:16:04Z,2026-08-22,China Super League,Qingdao West Coast FC vs Shandong Luneng Taishan FC,new_format,1.48,2.48,UNDER,VALUABLE,0.509,-,NO_BET,0.6419,0.5822,-0.2129,-0.0597,50.01,True,,NO_BET,28.0,f3d160e65d3d8d6d,3146bec2833df088,2026-08-22 12:00:00,7063.9,,,
2026-08-17T14:16:04Z,2026-08-23,China Super League,Liaoning Tieren FC vs Henan FC,new_format,1.62,2.18,UNDER,AVOID,0.553,-,NO_BET,0.5824,0.5693,-0.1576,-0.0131,50.01,True,,NO_BET,28.0,b1449f56392fb2b1,375e73005c50f897,2026-08-23 11:00:00,8443.9,,,
2026-08-17T14:16:04Z,2026-08-23,China Super League,Shanghai SIPG FC vs Qingdao Hainiu FC,new_format,1.38,2.82,UNDER,AVOID,0.533,-,NO_BET,0.6929,0.6208,-0.2139,-0.0722,50.01,True,,NO_BET,28.0,09cdda76f8c83480,0bc14d7d4acb482b,2026-08-23 11:35:00,8478.9,,,
2026-08-17T14:16:04Z,2026-08-23,China Super League,Chongqing Tonglianglong FC vs Dalian Yingbo,new_format,1.82,1.88,OVER,AVOID,0.547,-,NO_BET,0.5091,0.5263,-0.1296,0.0172,50.01,True,,NO_BET,28.0,d261bf1f72d920e1,ebee50bba7f1d09f,2026-08-23 12:00:00,8503.9,,,
2026-08-17T14:16:04Z,2026-08-19,USA MLS,Columbus Crew SC vs CF Montreal,new_format,1.5,2.45,UNDER,AVOID,0.608,-,NO_BET,0.6343,0.6224,-0.1413,-0.0119,59.7,True,,NO_BET,50.0,b06579785b1c9425,b70553580252be01,2026-08-19 23:30:00,3433.9,,,
2026-08-17T14:16:04Z,2026-08-19,USA MLS,Toronto FC vs Charlotte FC,new_format,1.72,2.23,UNDER,AVOID,0.565,-,NO_BET,0.5674,0.5662,-0.1097,-0.0012,59.7,True,,NO_BET,50.0,f2c0aefdfb6fad14,7168c4c0f7dd0999,2026-08-19 23:30:00,3433.9,,,
2026-08-17T14:16:04Z,2026-08-19,USA MLS,Orlando City SC vs Chicago Fire,new_format,1.35,3.0,UNDER,AVOID,0.658,-,NO_BET,0.7118,0.6875,-0.1403,-0.0243,59.7,True,,NO_BET,50.0,94033c7f087c4e63,6227ced99a565d00,2026-08-19 23:30:00,3433.9,,,
2026-08-17T14:16:04Z,2026-08-19,USA MLS,D.C. United vs New England Revolution,new_format,1.76,2.03,UNDER,AVOID,0.48,-,NO_BET,0.5389,0.5123,-0.1836,-0.0266,59.7,True,,NO_BET,50.0,9ea89f9585756d24,07d5689e099bfcd3,2026-08-19 23:30:00,3433.9,,,
2026-08-17T14:16:04Z,2026-08-19,USA MLS,FC Cincinnati vs New York City FC,new_format,1.44,2.62,UNDER,AVOID,0.644,-,NO_BET,0.6627,0.6543,-0.13,-0.0084,59.7,True,,NO_BET,50.0,80e77c09080b047f,b1276f818125022a,2026-08-19 23:30:00,3433.9,,,
2026-08-17T14:16:04Z,2026-08-19,USA MLS,Philadelphia Union vs Inter Miami CF,new_format,1.4,2.75,UNDER,MARKSMAN,0.594,-,NO_BET,0.6827,0.6426,-0.1713,-0.04,59.7,True,,NO_BET,50.0,48f17c7a50410c65,3176b0adfca2a960,2026-08-19 23:30:00,3433.9,,,
2026-08-17T14:16:04Z,2026-08-19,USA MLS,New York Red Bulls vs Nashville SC,new_format,1.5,2.45,UNDER,AVOID,0.556,-,NO_BET,0.6343,0.5993,-0.1762,-0.035,59.7,True,,NO_BET,50.0,3cd381df2852998b,ca34ab551ef611df,2026-08-19 23:30:00,3433.9,,,
2026-08-17T14:16:04Z,2026-08-20,USA MLS,Sporting Kansas City vs St. Louis City SC,new_format,1.44,2.5,UNDER,VALUABLE,0.512,-,NO_BET,0.6549,0.5904,-0.2228,-0.0644,59.7,True,,NO_BET,50.0,0f54c1fa5c6586cc,50403e095276f4b2,2026-08-20 00:00:00,3463.9,,,
2026-08-17T14:16:04Z,2026-08-20,USA MLS,Minnesota United FC vs Atlanta United FC,new_format,1.73,2.2,UNDER,AVOID,0.522,-,NO_BET,0.5627,0.5443,-0.1424,-0.0184,59.7,True,,NO_BET,50.0,5efb665c28ba2522,a6d0ed08c7d64a19,2026-08-20 00:30:00,3493.9,,,
2026-08-17T14:16:04Z,2026-08-20,USA MLS,Seattle Sounders FC vs Austin FC,new_format,1.44,2.5,UNDER,VALUABLE,0.546,-,NO_BET,0.6549,0.6061,-0.2001,-0.0488,59.7,True,,NO_BET,50.0,b61d8405f5529d63,8fa55a1033950fe6,2026-08-20 01:30:00,3553.9,,,
2026-08-17T14:16:04Z,2026-08-20,USA MLS,Colorado Rapids vs Los Angeles FC,new_format,1.72,2.23,OVER,AVOID,0.569,-,NO_BET,0.5674,0.5683,-0.1061,0.0009,59.7,True,,NO_BET,50.0,7c6833c9c48d8c24,1e730c904eb76be9,2026-08-20 01:30:00,3553.9,,,
2026-08-17T14:16:04Z,2026-08-20,USA MLS,Real Salt Lake vs FC Dallas,new_format,1.5,2.45,UNDER,AVOID,0.57,-,NO_BET,0.6343,0.6052,-0.1674,-0.0292,59.7,True,,NO_BET,50.0,8d55160c46da04e3,347ba6fd85443bde,2026-08-20 01:30:00,3553.9,,,
2026-08-17T14:16:04Z,2026-08-20,USA MLS,Vancouver Whitecaps FC vs Houston Dynamo,new_format,1.44,2.5,UNDER,AVOID,0.563,-,NO_BET,0.6549,0.6137,-0.1891,-0.0412,59.7,True,,NO_BET,50.0,dd3a5563d050068f,049398956f1e1b65,2026-08-20 02:30:00,3613.9,,,
2026-08-17T14:16:04Z,2026-08-20,USA MLS,LA Galaxy vs San Jose Earthquakes,new_format,1.44,2.6,UNDER,AVOID,0.567,-,NO_BET,0.6614,0.619,-0.1814,-0.0425,59.7,True,,NO_BET,50.0,d3069b818bad46e2,71dd06314f6826be,2026-08-20 02:30:00,3613.9,,,
2026-08-17T14:16:04Z,2026-08-20,USA MLS,Portland Timbers vs San Diego FC,new_format,1.35,3.0,UNDER,VALUABLE,0.607,-,NO_BET,0.7118,0.6647,-0.1715,-0.0472,59.7,True,,NO_BET,50.0,9437f3004254e327,769f0928c801fa63,2026-08-20 02:30:00,3613.9,,,
2026-08-17T14:16:04Z,2026-08-22,USA MLS,CF Montreal vs LA Galaxy,new_format,1.54,2.43,UNDER,AVOID,0.488,-,NO_BET,0.6226,0.5621,-0.2113,-0.0604,59.7,True,,NO_BET,50.0,d14d5f89fd607777,77e4f05d06c345e6,2026-08-22 23:30:00,7753.9,,,
2026-08-17T14:16:04Z,2026-08-22,USA MLS,Charlotte FC vs D.C. United,new_format,1.65,2.18,UNDER,AVOID,0.486,-,NO_BET,0.5761,0.5356,-0.1975,-0.0405,59.7,True,,NO_BET,50.0,587aa7641a77dac4,2a346bdb5ac3beef,2026-08-22 23:30:00,7753.9,,,
2026-08-17T14:16:04Z,2026-08-22,USA MLS,New York Red Bulls vs Chicago Fire,new_format,1.36,2.88,UNDER,AVOID,0.657,-,NO_BET,0.7028,0.682,-0.1414,-0.0208,59.7,True,,NO_BET,50.0,d57d73d38d2af493,815631c4a6ad6cf9,2026-08-22 23:30:00,7753.9,,,
2026-08-17T14:16:04Z,2026-08-22,USA MLS,FC Cincinnati vs Seattle Sounders FC,new_format,1.4,2.8,UNDER,AVOID,0.627,-,NO_BET,0.6853,0.6592,-0.1478,-0.0261,59.7,True,,NO_BET,50.0,87fcb6987aad097d,47f185c998f4b518,2026-08-22 23:30:00,7753.9,,,
2026-08-17T14:16:04Z,2026-08-22,USA MLS,Inter Miami CF vs Toronto FC,new_format,1.33,3.1,UNDER,VALUABLE,0.565,-,NO_BET,0.7233,0.652,-0.2011,-0.0713,59.7,True,,NO_BET,50.0,71000a04f4456cb2,037256ec29aa75ac,2026-08-22 23:30:00,7753.9,,,
2026-08-17T14:16:04Z,2026-08-23,USA MLS,Austin FC vs Philadelphia Union,new_format,1.6,2.28,OVER,AVOID,0.601,-,NO_BET,0.5962,0.5985,-0.1212,0.0023,59.7,True,,NO_BET,50.0,e0751cfa60755e2f,b4b0da8d6e734e8e,2026-08-23 00:30:00,7813.9,,,
2026-08-17T14:16:04Z,2026-08-23,USA MLS,Nashville SC vs Columbus Crew SC,new_format,1.67,2.15,OVER,AVOID,0.616,-,NO_BET,0.569,0.59,-0.0962,0.021,59.7,True,,NO_BET,50.0,d1d911093da5da22,5e283f714d92cf87,2026-08-23 00:30:00,7813.9,,,
2026-08-17T14:16:04Z,2026-08-23,USA MLS,St. Louis City SC vs Houston Dynamo,new_format,1.57,2.33,UNDER,AVOID,0.569,-,NO_BET,0.6074,0.5903,-0.1512,-0.0171,59.7,True,,NO_BET,50.0,03500b23740a6345,7d8ad773034d7135,2026-08-23 00:30:00,7813.9,,,
2026-08-17T14:16:04Z,2026-08-23,USA MLS,Vancouver Whitecaps FC vs FC Dallas,new_format,1.44,2.5,UNDER,AVOID,0.566,-,NO_BET,0.6549,0.6146,-0.1877,-0.0402,59.7,True,,NO_BET,50.0,3e8aaabb21adb04f,07e63b46b786044b,2026-08-23 01:30:00,7873.9,,,
2026-08-17T14:16:04Z,2026-08-23,USA MLS,San Diego FC vs Colorado Rapids,new_format,1.55,2.3,UNDER,AVOID,0.571,-,NO_BET,0.6096,0.5924,-0.1589,-0.0172,59.7,True,,NO_BET,50.0,eaeed9b244899724,6df808a7fc35c4d4,2026-08-23 02:30:00,7933.9,,,
2026-08-17T14:16:04Z,2026-08-23,USA MLS,Los Angeles FC vs Portland Timbers,new_format,1.4,2.8,UNDER,VALUABLE,0.593,-,NO_BET,0.6853,0.6436,-0.1699,-0.0417,59.7,True,,NO_BET,50.0,49cfce1d9042c3e4,cc934f7473720a0b,2026-08-23 02:30:00,7933.9,,,
2026-08-17T14:16:04Z,2026-08-23,USA MLS,San Jose Earthquakes vs Minnesota United FC,new_format,1.5,2.45,UNDER,AVOID,0.615,-,NO_BET,0.6343,0.6255,-0.1366,-0.0088,59.7,True,,NO_BET,50.0,ae27033157e74b77,cf460efbbb660b81,2026-08-23 02:30:00,7933.9,,,
2026-08-17T14:16:04Z,2026-08-23,USA MLS,New England Revolution vs New York City FC,new_format,1.6,1.95,UNDER,AVOID,0.547,-,NO_BET,0.5606,0.5545,-0.192,-0.0061,59.7,True,,NO_BET,50.0,dc9fb57bfdf3b0e7,19c994335a4cdc60,2026-08-23 20:30:00,9013.9,,,
2026-08-17T14:16:04Z,2026-08-23,USA MLS,Atlanta United FC vs Sporting Kansas City,new_format,1.44,2.5,UNDER,AVOID,0.574,-,NO_BET,0.6549,0.6183,-0.1824,-0.0366,59.7,True,,NO_BET,50.0,bb98a7065b65d56f,767fffe6605be4b5,2026-08-23 23:00:00,9163.9,,,
