date,month,league,match,over25_result,live_side,live_tier,live_pnl,v11_side,v11_tier,v11_pnl,generated_at,calculation_version
2026-08-10,2026-08,Denmark Superliga,Silkeborg IF vs OB Odense BK,False,UNDER,VALUABLE,1.45,-,NO_BET,,2026-09-06T12:11:27Z,1.0.0
2026-08-10,2026-08,Sweden Allsvenskan,Västerås SK vs Djurgardens IF,False,UNDER,VALUABLE,1.3,-,NO_BET,,2026-09-06T12:11:27Z,1.0.0
2026-08-10,2026-08,Sweden Allsvenskan,IK Sirius vs IF Brommapojkarna,True,UNDER,SNIPER,-1.0,-,NO_BET,,2026-09-06T12:11:27Z,1.0.0
2026-08-10,2026-08,Argentina Primera Division,Banfield vs Belgrano de Cordoba,,OVER,AVOID,,-,NO_BET,,2026-09-06T12:11:27Z,1.0.0
2026-08-11,2026-08,Argentina Primera Division,Union Santa Fe vs Central Córdoba,True,UNDER,AVOID,,-,NO_BET,,2026-09-06T12:11:27Z,1.0.0
2026-08-15,2026-08,Finland Veikkausliiga,FC Lahti vs KuPS Kuopio,,OVER,AVOID,,-,NO_BET,,2026-09-06T12:11:27Z,1.0.0
2026-08-15,2026-08,Finland Veikkausliiga,AC Oulu vs FC Inter Turku,,OVER,AVOID,,-,NO_BET,,2026-09-06T12:11:27Z,1.0.0
2026-08-12,2026-08,Argentina Primera Division,Talleres vs Lanus,True,OVER,VALUABLE,1.75,-,NO_BET,,2026-09-06T12:11:27Z,1.0.0
2026-08-14,2026-08,Japan J-League,Tokyo Verdy vs Kashiwa Reysol,True,OVER,VALUABLE,1.2,-,NO_BET,,2026-09-06T12:11:27Z,1.0.0
2026-08-14,2026-08,China Super League,Wuhan Three Towns vs Shanghai SIPG FC,,OVER,AVOID,,-,NO_BET,,2026-09-06T12:11:27Z,1.0.0
2026-08-14,2026-08,China Super League,Shandong Luneng Taishan FC vs Qingdao Hainiu FC,True,UNDER,VALUABLE,-1.0,-,NO_BET,,2026-09-06T12:11:27Z,1.0.0
2026-08-14,2026-08,China Super League,Qingdao West Coast FC vs Chongqing Tonglianglong FC,False,OVER,VALUABLE,-1.0,-,NO_BET,,2026-09-06T12:11:27Z,1.0.0
2026-08-14,2026-08,Finland Veikkausliiga,VPS Vaasa vs TPS Turku,True,UNDER,AVOID,,-,NO_BET,,2026-09-06T12:11:27Z,1.0.0
2026-08-14,2026-08,Bundesliga 2,Eintracht Braunschweig vs VfL Bochum,,OVER,AVOID,,-,NO_BET,,2026-09-06T12:11:27Z,1.0.0
2026-08-14,2026-08,Bundesliga 2,Holstein Kiel vs FC St. Pauli,,UNDER,AVOID,,-,NO_BET,,2026-09-06T12:11:27Z,1.0.0
2026-08-14,2026-08,Austrian Bundesliga,LASK vs Ried,True,UNDER,VALUABLE,-1.0,-,NO_BET,,2026-09-06T12:11:27Z,1.0.0
2026-08-14,2026-08,Sweden Allsvenskan,IF Elfsborg vs Västerås SK,True,UNDER,AVOID,,-,NO_BET,,2026-09-06T12:11:27Z,1.0.0
2026-08-14,2026-08,Denmark Superliga,Viborg FF vs AGF Aarhus,True,UNDER,AVOID,,-,NO_BET,,2026-09-06T12:11:27Z,1.0.0
2026-08-14,2026-08,Norway Eliteserien,Rosenborg vs Viking FK,True,UNDER,AVOID,,-,NO_BET,,2026-09-06T12:11:27Z,1.0.0
2026-08-14,2026-08,La Liga 2,Real Sociedad B vs CD Castellón,,UNDER,AVOID,,-,NO_BET,,2026-09-06T12:11:27Z,1.0.0
2026-08-14,2026-08,Championship,Wolverhampton Wanderers vs Blackburn Rovers,,OVER,AVOID,,-,NO_BET,,2026-09-06T12:11:27Z,1.0.0
2026-08-14,2026-08,Argentina Primera Division,Racing Club vs Banfield,,UNDER,AVOID,,-,NO_BET,,2026-09-06T12:11:27Z,1.0.0
2026-08-15,2026-08,Japan J-League,Mito HollyHock vs Gamba Osaka,False,OVER,AVOID,,-,NO_BET,,2026-09-06T12:11:27Z,1.0.0
2026-08-15,2026-08,Japan J-League,Kashima Antlers vs Nagoya Grampus,True,UNDER,AVOID,,-,NO_BET,,2026-09-06T12:11:27Z,1.0.0
2026-08-15,2026-08,Japan J-League,Shimizu S Pulse vs Yokohama F Marinos,False,OVER,VALUABLE,-1.0,-,NO_BET,,2026-09-06T12:11:27Z,1.0.0
2026-08-15,2026-08,Japan J-League,Avispa Fukuoka vs Cerezo Osaka,True,OVER,VALUABLE,1.05,-,NO_BET,,2026-09-06T12:11:27Z,1.0.0
2026-08-15,2026-08,Japan J-League,Vissel Kobe vs FC Tokyo,,UNDER,AVOID,,-,NO_BET,,2026-09-06T12:11:27Z,1.0.0
2026-08-15,2026-08,Japan J-League,JEF United Chiba vs FC Machida Zelvia,,UNDER,AVOID,,-,NO_BET,,2026-09-06T12:11:27Z,1.0.0
2026-08-15,2026-08,Japan J-League,Urawa Red Diamonds vs Hiroshima Sanfrecce FC,True,UNDER,AVOID,,-,NO_BET,,2026-09-06T12:11:27Z,1.0.0
2026-08-15,2026-08,Japan J-League,Kawasaki Frontale vs Kyoto Purple Sanga,True,OVER,AVOID,,-,NO_BET,,2026-09-06T12:11:27Z,1.0.0
2026-08-15,2026-08,Japan J-League,Fagiano Okayama vs V-Varen Nagasaki,,OVER,AVOID,,-,NO_BET,,2026-09-06T12:11:27Z,1.0.0
2026-08-15,2026-08,Bundesliga 2,Greuther Fürth vs 1. FC Nürnberg,,UNDER,AVOID,,-,NO_BET,,2026-09-06T12:11:27Z,1.0.0
2026-08-15,2026-08,Bundesliga 2,Hertha Berlin vs 1. FC Heidenheim,True,UNDER,VALUABLE,-1.0,-,NO_BET,,2026-09-06T12:11:27Z,1.0.0
2026-08-15,2026-08,Bundesliga 2,VfL Osnabrück vs 1. FC Magdeburg,,UNDER,AVOID,,-,NO_BET,,2026-09-06T12:11:27Z,1.0.0
2026-08-15,2026-08,China Super League,Liaoning Tieren FC vs Shenzhen Peng City FC,True,OVER,AVOID,,-,NO_BET,,2026-09-06T12:11:27Z,1.0.0
2026-08-15,2026-08,China Super League,Tianjin Jinmen Tiger FC vs Beijing FC,,UNDER,AVOID,,-,NO_BET,,2026-09-06T12:11:27Z,1.0.0
2026-08-15,2026-08,China Super League,Zhejiang vs Chengdu Rongcheng FC,True,UNDER,VALUABLE,-1.0,-,NO_BET,,2026-09-06T12:11:27Z,1.0.0
2026-08-15,2026-08,League Two,Newport County vs Rochdale,,OVER,AVOID,,-,NO_BET,,2026-09-06T12:11:27Z,1.0.0
2026-08-15,2026-08,League Two,Oldham Athletic vs Port Vale,,OVER,AVOID,,-,NO_BET,,2026-09-06T12:11:27Z,1.0.0
2026-08-15,2026-08,League One,Notts County vs Leicester City,,OVER,AVOID,,-,NO_BET,,2026-09-06T12:11:27Z,1.0.0
2026-08-15,2026-08,Championship,Bolton Wanderers vs Preston North End,,OVER,AVOID,,-,NO_BET,,2026-09-06T12:11:27Z,1.0.0
2026-08-15,2026-08,League One,Oxford United vs Milton Keynes Dons,,OVER,AVOID,,-,NO_BET,,2026-09-06T12:11:27Z,1.0.0
2026-08-15,2026-08,League One,Reading vs Luton,,UNDER,AVOID,,-,NO_BET,,2026-09-06T12:11:27Z,1.0.0
2026-08-15,2026-08,China Super League,Shanghai Shenhua FC vs Henan FC,True,UNDER,VALUABLE,-1.0,-,NO_BET,,2026-09-06T12:11:27Z,1.0.0
2026-08-15,2026-08,China Super League,Yunnan Yukun vs Dalian Yingbo,True,UNDER,AVOID,,-,NO_BET,,2026-09-06T12:11:27Z,1.0.0
2026-08-15,2026-08,Sweden Allsvenskan,Mjällby AIF vs IK Sirius,True,UNDER,VALUABLE,-1.0,-,NO_BET,,2026-09-06T12:11:27Z,1.0.0
2026-08-15,2026-08,Championship,Norwich City vs West Bromwich Albion,,OVER,AVOID,,-,NO_BET,,2026-09-06T12:11:27Z,1.0.0
2026-08-15,2026-08,League One,Cambridge United vs Wigan Athletic,,OVER,AVOID,,-,NO_BET,,2026-09-06T12:11:27Z,1.0.0
2026-08-15,2026-08,League One,Blackpool vs Wycombe Wanderers,,OVER,AVOID,,-,NO_BET,,2026-09-06T12:11:27Z,1.0.0
2026-08-15,2026-08,Austrian Bundesliga,Austria Lustenau vs Wolfsberger AC,True,OVER,AVOID,,-,NO_BET,,2026-09-06T12:11:27Z,1.0.0
2026-08-15,2026-08,League One,Mansfield Town vs Doncaster Rovers,,UNDER,AVOID,,-,NO_BET,,2026-09-06T12:11:27Z,1.0.0
2026-08-15,2026-08,League Two,Tranmere Rovers vs Shrewsbury Town,,OVER,AVOID,,-,NO_BET,,2026-09-06T12:11:27Z,1.0.0
2026-08-15,2026-08,League Two,Cheltenham Town vs Rotherham United,,UNDER,AVOID,,-,NO_BET,,2026-09-06T12:11:27Z,1.0.0
2026-08-15,2026-08,Championship,Stoke City vs Swansea City,,OVER,AVOID,,-,NO_BET,,2026-09-06T12:11:27Z,1.0.0
2026-08-15,2026-08,League One,Bradford City vs Peterborough United,,UNDER,AVOID,,-,NO_BET,,2026-09-06T12:11:27Z,1.0.0
2026-08-15,2026-08,Championship,Bristol City vs Millwall,,OVER,AVOID,,-,NO_BET,,2026-09-06T12:11:27Z,1.0.0
2026-08-15,2026-08,League Two,Grimsby Town vs Exeter City,,UNDER,AVOID,,-,NO_BET,,2026-09-06T12:11:27Z,1.0.0
2026-08-15,2026-08,League Two,Chesterfield FC vs Fleetwood Town,,OVER,AVOID,,-,NO_BET,,2026-09-06T12:11:27Z,1.0.0
2026-08-15,2026-08,Norway Eliteserien,KFUM vs Lillestrom,False,OVER,AVOID,,-,NO_BET,,2026-09-06T12:11:27Z,1.0.0
2026-08-15,2026-08,League Two,Crawley Town vs Crewe Alexandra,,OVER,AVOID,,-,NO_BET,,2026-09-06T12:11:27Z,1.0.0
2026-08-15,2026-08,League Two,Accrington Stanley vs Colchester United,,OVER,AVOID,,-,NO_BET,,2026-09-06T12:11:27Z,1.0.0
2026-08-15,2026-08,League One,Huddersfield Town vs Wimbledon,,UNDER,AVOID,,-,NO_BET,,2026-09-06T12:11:27Z,1.0.0
2026-08-15,2026-08,League One,Plymouth Argyle vs Stockport County FC,True,UNDER,AVOID,,-,NO_BET,,2026-09-06T12:11:27Z,1.0.0
2026-08-15,2026-08,La Liga 2,Andorra CF vs AD Ceuta FC,True,UNDER,AVOID,,-,NO_BET,,2026-09-06T12:11:27Z,1.0.0
2026-08-15,2026-08,Championship,Portsmouth vs Queens Park Rangers,,OVER,AVOID,,-,NO_BET,,2026-09-06T12:11:27Z,1.0.0
2026-08-15,2026-08,Championship,Charlton Athletic vs Derby County,,OVER,AVOID,,-,NO_BET,,2026-09-06T12:11:27Z,1.0.0
2026-08-15,2026-08,League One,Burton Albion vs Stevenage,False,OVER,VALUABLE,-1.0,-,NO_BET,,2026-09-06T12:11:27Z,1.0.0
2026-08-15,2026-08,League Two,Barnet vs Salford City,,OVER,AVOID,,-,NO_BET,,2026-09-06T12:11:27Z,1.0.0
2026-08-15,2026-08,League Two,Gillingham vs Walsall,,OVER,AVOID,,-,NO_BET,,2026-09-06T12:11:27Z,1.0.0
2026-08-15,2026-08,League Two,Northampton Town vs Swindon Town,,UNDER,AVOID,,-,NO_BET,,2026-09-06T12:11:27Z,1.0.0
2026-08-15,2026-08,Championship,Middlesbrough vs Lincoln City,True,UNDER,AVOID,,-,NO_BET,,2026-09-06T12:11:27Z,1.0.0
2026-08-15,2026-08,League One,Barnsley vs Bromley FC,,UNDER,AVOID,,-,NO_BET,,2026-09-06T12:11:27Z,1.0.0
2026-08-15,2026-08,League Two,York City vs Bristol Rovers,,OVER,AVOID,,-,NO_BET,,2026-09-06T12:11:27Z,1.0.0
2026-08-15,2026-08,League One,Leyton Orient vs Sheffield Wednesday,,OVER,AVOID,,-,NO_BET,,2026-09-06T12:11:27Z,1.0.0
2026-08-15,2026-08,Finland Veikkausliiga,IFK Mariehamn vs SJK Seinäjoki,False,UNDER,VALUABLE,1.5,-,NO_BET,,2026-09-06T12:11:27Z,1.0.0
2026-08-15,2026-08,Championship,Sheffield United vs Birmingham City,,OVER,AVOID,,-,NO_BET,,2026-09-06T12:11:27Z,1.0.0
2026-08-15,2026-08,La Liga 2,Cádiz CF vs Celta Vigo,False,OVER,AVOID,,-,NO_BET,,2026-09-06T12:11:27Z,1.0.0
2026-08-15,2026-08,La Liga 2,Oviedo vs Granada CF,False,OVER,VALUABLE,-1.0,-,NO_BET,,2026-09-06T12:11:27Z,1.0.0
2026-08-15,2026-08,Argentina Primera Division,Aldosivi Mar del Plata vs CA Tigre BA,False,OVER,VALUABLE,-1.0,-,NO_BET,,2026-09-06T12:11:27Z,1.0.0
2026-08-15,2026-08,Austrian Bundesliga,Sturm Graz vs Rheindorf Altach,False,OVER,AVOID,,-,NO_BET,,2026-09-06T12:11:27Z,1.0.0
2026-08-21,2026-08,Ireland Premier Division,Shamrock Rovers vs Shelbourne Dublin,,OVER,AVOID,,-,NO_BET,,2026-09-06T12:11:27Z,1.0.0
2026-08-15,2026-08,Argentina Primera Division,San Lorenzo vs Union Santa Fe,False,OVER,AVOID,,-,NO_BET,,2026-09-06T12:11:27Z,1.0.0
2026-08-15,2026-08,Bundesliga 2,1. FC Kaiserslautern vs Karlsruher SC,False,UNDER,MARKSMAN,1.32,-,NO_BET,,2026-09-06T12:11:27Z,1.0.0
2026-08-15,2026-08,La Liga 2,Mallorca vs Real Valladolid CF,,OVER,AVOID,,-,NO_BET,,2026-09-06T12:11:27Z,1.0.0
2026-08-15,2026-08,Brazil Serie A,Fluminense vs Palmeiras,True,OVER,MARKSMAN,1.27,-,NO_BET,,2026-09-06T12:11:27Z,1.0.0
2026-08-15,2026-08,Argentina Primera Division,Estudiantes vs Gimnasia La Plata,True,OVER,AVOID,,-,NO_BET,,2026-09-06T12:11:27Z,1.0.0
2026-08-15,2026-08,Brazil Serie A,Atletico Paranaense vs Bragantino-SP,,OVER,AVOID,,-,NO_BET,,2026-09-06T12:11:27Z,1.0.0
2026-08-15,2026-08,Argentina Primera Division,Belgrano de Cordoba vs Independiente Rivadavia,False,OVER,AVOID,,-,NO_BET,,2026-09-06T12:11:27Z,1.0.0
2026-08-15,2026-08,Argentina Primera Division,Newells Old Boys vs Deportivo Riestra,False,OVER,VALUABLE,-1.0,-,NO_BET,,2026-09-06T12:11:27Z,1.0.0
2026-08-15,2026-08,Mexico Liga MX,Atlante FC vs Toluca,False,OVER,AVOID,,-,NO_BET,,2026-09-06T12:11:27Z,1.0.0
2026-08-15,2026-08,USA MLS,Atlanta United FC vs New York Red Bulls,True,UNDER,AVOID,,-,NO_BET,,2026-09-06T12:11:27Z,1.0.0
2026-08-15,2026-08,USA MLS,CF Montreal vs D.C. United,False,UNDER,AVOID,,-,NO_BET,,2026-09-06T12:11:27Z,1.0.0
2026-08-15,2026-08,USA MLS,Orlando City SC vs FC Cincinnati,False,UNDER,MARKSMAN,2.3,-,NO_BET,,2026-09-06T12:11:27Z,1.0.0
2026-08-15,2026-08,USA MLS,Charlotte FC vs Columbus Crew SC,True,OVER,AVOID,,-,NO_BET,,2026-09-06T12:11:27Z,1.0.0
2026-08-15,2026-08,USA MLS,Toronto FC vs New England Revolution,True,UNDER,AVOID,,-,NO_BET,,2026-09-06T12:11:27Z,1.0.0
2026-08-16,2026-08,Argentina Primera Division,Platense vs Boca Juniors,False,OVER,AVOID,,-,NO_BET,,2026-09-06T12:11:27Z,1.0.0
2026-08-16,2026-08,USA MLS,Colorado Rapids vs Sporting Kansas City,False,UNDER,AVOID,,-,NO_BET,,2026-09-06T12:11:27Z,1.0.0
2026-08-16,2026-08,Mexico Liga MX,Atlas vs Tigres,True,OVER,VALUABLE,1.11,-,NO_BET,,2026-09-06T12:11:27Z,1.0.0
2026-08-16,2026-08,USA MLS,San Jose Earthquakes vs St. Louis City SC,True,UNDER,AVOID,,-,NO_BET,,2026-09-06T12:11:27Z,1.0.0
2026-08-16,2026-08,USA MLS,Los Angeles FC vs San Diego FC,False,UNDER,AVOID,,-,NO_BET,,2026-09-06T12:11:27Z,1.0.0
2026-08-16,2026-08,Mexico Liga MX,Monterrey vs FC Juárez,True,UNDER,AVOID,,-,NO_BET,,2026-09-06T12:11:27Z,1.0.0
2026-08-16,2026-08,Brazil Serie A,Sao Paulo vs Coritiba,False,OVER,AVOID,,-,NO_BET,,2026-09-06T12:11:27Z,1.0.0
2026-08-16,2026-08,USA MLS,Nashville SC vs Inter Miami CF,True,UNDER,AVOID,,-,NO_BET,,2026-09-06T12:11:27Z,1.0.0
2026-08-16,2026-08,USA MLS,Real Salt Lake vs Minnesota United FC,False,UNDER,AVOID,,-,NO_BET,,2026-09-06T12:11:27Z,1.0.0
2026-08-16,2026-08,USA MLS,Houston Dynamo vs LA Galaxy,False,UNDER,AVOID,,-,NO_BET,,2026-09-06T12:11:27Z,1.0.0
2026-08-16,2026-08,Bundesliga 2,Arminia Bielefeld vs FC Energie Cottbus,,UNDER,AVOID,,-,NO_BET,,2026-09-06T12:11:27Z,1.0.0
2026-08-16,2026-08,Bundesliga 2,Dynamo Dresden vs SV Darmstadt 98,,UNDER,AVOID,,-,NO_BET,,2026-09-06T12:11:27Z,1.0.0
2026-08-16,2026-08,Bundesliga 2,Hannover 96 vs VfL Wolfsburg,False,UNDER,AVOID,,-,NO_BET,,2026-09-06T12:11:27Z,1.0.0
2026-08-16,2026-08,Sweden Allsvenskan,IF Brommapojkarna vs Örgryte IS,True,OVER,AVOID,,-,NO_BET,,2026-09-06T12:11:27Z,1.0.0
2026-08-16,2026-08,Denmark Superliga,OB Odense BK vs AC Horsens,True,OVER,VALUABLE,0.99,-,NO_BET,,2026-09-06T12:11:27Z,1.0.0
2026-08-16,2026-08,Sweden Allsvenskan,Djurgardens IF vs AIK,True,UNDER,VALUABLE,-1.0,-,NO_BET,,2026-09-06T12:11:27Z,1.0.0
2026-08-16,2026-08,Sweden Allsvenskan,Degerfors IF vs IFK Goteborg,True,OVER,VALUABLE,0.85,-,NO_BET,,2026-09-06T12:11:27Z,1.0.0
2026-08-16,2026-08,Championship,Watford vs Southampton,,UNDER,AVOID,,-,NO_BET,,2026-09-06T12:11:27Z,1.0.0
2026-08-16,2026-08,Norway Eliteserien,Aalesund vs Vålerenga,True,UNDER,AVOID,,-,NO_BET,,2026-09-06T12:11:27Z,1.0.0
2026-08-16,2026-08,Denmark Superliga,FC Nordsjaelland vs Silkeborg IF,False,UNDER,VALUABLE,2.15,-,NO_BET,,2026-09-06T12:11:27Z,1.0.0
2026-08-16,2026-08,Finland Veikkausliiga,HJK Helsinki vs Jaro,,UNDER,AVOID,,-,NO_BET,,2026-09-06T12:11:27Z,1.0.0
2026-08-16,2026-08,Finland Veikkausliiga,FC Lahti vs KuPS Kuopio,,OVER,AVOID,,-,NO_BET,,2026-09-06T12:11:27Z,1.0.0
2026-08-16,2026-08,Denmark Superliga,Lyngby vs FC Midtjylland,,UNDER,AVOID,,-,NO_BET,,2026-09-06T12:11:27Z,1.0.0
2026-08-16,2026-08,Brazil Serie A,Chapecoense vs Bahia,,UNDER,AVOID,,-,NO_BET,,2026-09-06T12:11:27Z,1.0.0
2026-08-16,2026-08,Finland Veikkausliiga,AC Oulu vs FC Inter Turku,,OVER,AVOID,,-,NO_BET,,2026-09-06T12:11:27Z,1.0.0
2026-08-16,2026-08,Sweden Allsvenskan,GAIS vs Malmo FF,,UNDER,AVOID,,-,NO_BET,,2026-09-06T12:11:27Z,1.0.0
2026-08-16,2026-08,Sweden Allsvenskan,Kalmar FF vs Hammarby IF,,UNDER,AVOID,,-,NO_BET,,2026-09-06T12:11:27Z,1.0.0
2026-08-16,2026-08,Championship,Burnley vs West Ham United,,UNDER,AVOID,,-,NO_BET,,2026-09-06T12:11:27Z,1.0.0
2026-08-16,2026-08,La Liga 2,SD Eibar vs Tenerife,True,OVER,AVOID,,-,NO_BET,,2026-09-06T12:11:27Z,1.0.0
2026-08-16,2026-08,Austrian Bundesliga,WSG Tirol vs RB Salzburg,True,UNDER,MARKSMAN,-1.0,-,NO_BET,,2026-09-06T12:11:27Z,1.0.0
2026-08-16,2026-08,Austrian Bundesliga,Hartberg vs Austria Wien,False,UNDER,AVOID,,-,NO_BET,,2026-09-06T12:11:27Z,1.0.0
2026-08-16,2026-08,Norway Eliteserien,Molde vs Tromso,,OVER,AVOID,,-,NO_BET,,2026-09-06T12:11:27Z,1.0.0
2026-08-16,2026-08,Norway Eliteserien,SK Brann vs HamKam,True,UNDER,AVOID,,-,NO_BET,,2026-09-06T12:11:27Z,1.0.0
2026-08-16,2026-08,Norway Eliteserien,Sarpsborg FK vs Sandefjord,True,UNDER,AVOID,,-,NO_BET,,2026-09-06T12:11:27Z,1.0.0
2026-08-16,2026-08,Denmark Superliga,Randers FC vs FC Copenhagen,True,UNDER,VALUABLE,-1.0,-,NO_BET,,2026-09-06T12:11:27Z,1.0.0
2026-08-16,2026-08,La Liga 2,Girona FC vs Leganés,False,OVER,AVOID,,-,NO_BET,,2026-09-06T12:11:27Z,1.0.0
2026-08-16,2026-08,Norway Eliteserien,Fredrikstad FK vs Kristiansund BK,,OVER,AVOID,,-,NO_BET,,2026-09-06T12:11:27Z,1.0.0
2026-08-16,2026-08,Austrian Bundesliga,Rapid Wien vs Grazer AK,,UNDER,AVOID,,-,NO_BET,,2026-09-06T12:11:27Z,1.0.0
2026-08-16,2026-08,La Liga 2,Burgos CF vs Córdoba,True,OVER,AVOID,,-,NO_BET,,2026-09-06T12:11:27Z,1.0.0
2026-08-16,2026-08,Mexico Liga MX,Pumas vs Querétaro,False,UNDER,AVOID,,-,NO_BET,,2026-09-06T12:11:27Z,1.0.0
2026-08-16,2026-08,Argentina Primera Division,Sarmiento de Junin vs Atlético Huracán,False,OVER,AVOID,,-,NO_BET,,2026-09-06T12:11:27Z,1.0.0
2026-08-16,2026-08,Brazil Serie A,Vasco da Gama vs Santos,True,OVER,VALUABLE,1.05,-,NO_BET,,2026-09-06T12:11:27Z,1.0.0
2026-08-16,2026-08,Brazil Serie A,Atletico Mineiro vs Grêmio,,UNDER,AVOID,,-,NO_BET,,2026-09-06T12:11:27Z,1.0.0
2026-08-16,2026-08,La Liga 2,Las Palmas vs Albacete,True,UNDER,AVOID,,-,NO_BET,,2026-09-06T12:11:27Z,1.0.0
2026-08-16,2026-08,Argentina Primera Division,River Plate vs Argentinos Juniors,False,OVER,AVOID,,-,NO_BET,,2026-09-06T12:11:27Z,1.0.0
2026-08-16,2026-08,Brazil Serie A,Vitoria vs Botafogo,,UNDER,AVOID,,-,NO_BET,,2026-09-06T12:11:27Z,1.0.0
2026-08-16,2026-08,Brazil Serie A,Mirassol vs Flamengo,,UNDER,AVOID,,-,NO_BET,,2026-09-06T12:11:27Z,1.0.0
2026-08-16,2026-08,USA MLS,New York City FC vs Philadelphia Union,,OVER,AVOID,,-,NO_BET,,2026-09-06T12:11:27Z,1.0.0
2026-08-16,2026-08,Brazil Serie A,Corinthians vs Cruzeiro,True,OVER,AVOID,,-,NO_BET,,2026-09-06T12:11:27Z,1.0.0
2026-08-16,2026-08,USA MLS,Chicago Fire vs Portland Timbers,True,UNDER,MARKSMAN,-1.0,-,NO_BET,,2026-09-06T12:11:27Z,1.0.0
2026-08-16,2026-08,Argentina Primera Division,Central Córdoba vs Instituto de Córdoba,False,OVER,AVOID,,-,NO_BET,,2026-09-06T12:11:27Z,1.0.0
2026-08-16,2026-08,Mexico Liga MX,América vs Atlético San Luis,True,OVER,AVOID,,-,NO_BET,,2026-09-06T12:11:27Z,1.0.0
2026-08-16,2026-08,Argentina Primera Division,Barracas Central vs Rosario Central,False,OVER,VALUABLE,-1.0,-,NO_BET,,2026-09-06T12:11:27Z,1.0.0
2026-08-17,2026-08,USA MLS,Seattle Sounders FC vs Vancouver Whitecaps FC,,UNDER,AVOID,,-,NO_BET,,2026-09-06T12:11:27Z,1.0.0
2026-08-17,2026-08,USA MLS,Austin FC vs FC Dallas,True,UNDER,AVOID,,-,NO_BET,,2026-09-06T12:11:27Z,1.0.0
2026-08-17,2026-08,Mexico Liga MX,Santos Laguna vs Guadalajara,False,UNDER,AVOID,,-,NO_BET,,2026-09-06T12:11:27Z,1.0.0
2026-08-17,2026-08,Mexico Liga MX,Tijuana vs Cruz Azul,,OVER,AVOID,,-,NO_BET,,2026-09-06T12:11:27Z,1.0.0
2026-08-23,2026-08,Mexico Liga MX,León vs Monterrey,,UNDER,VALUABLE,,-,NO_BET,,2026-09-06T12:11:27Z,1.0.0
2026-08-22,2026-08,Finland Veikkausliiga,TPS Turku vs FC Inter Turku,,UNDER,AVOID,,-,NO_BET,,2026-09-06T12:11:27Z,1.0.0
2026-08-17,2026-08,Finland Veikkausliiga,IF Gnistan vs Ilves Tampere,,UNDER,AVOID,,-,NO_BET,,2026-09-06T12:11:27Z,1.0.0
2026-08-17,2026-08,La Liga 2,Sporting Gijón vs Sabadell FC,False,OVER,AVOID,,-,NO_BET,,2026-09-06T12:11:27Z,1.0.0
2026-08-17,2026-08,Sweden Allsvenskan,BK Hacken vs Halmstads BK,False,UNDER,VALUABLE,1.82,-,NO_BET,,2026-09-06T12:11:27Z,1.0.0
2026-08-17,2026-08,Denmark Superliga,Brondby IF vs SonderjyskE,,UNDER,AVOID,,-,NO_BET,,2026-09-06T12:11:27Z,1.0.0
2026-08-17,2026-08,Argentina Primera Division,Estudiantes de Río Cuarto vs Atlético Tucuman,False,OVER,VALUABLE,-1.0,-,NO_BET,,2026-09-06T12:11:27Z,1.0.0
2026-08-17,2026-08,La Liga 2,Almería vs CD Eldense,True,UNDER,VALUABLE,-1.0,-,NO_BET,,2026-09-06T12:11:27Z,1.0.0
2026-08-17,2026-08,Championship,Cardiff City vs Wrexham AFC,,UNDER,AVOID,,-,NO_BET,,2026-09-06T12:11:27Z,1.0.0
2026-08-17,2026-08,Argentina Primera Division,Lanus vs Independiente,True,OVER,AVOID,,-,NO_BET,,2026-09-06T12:11:27Z,1.0.0
2026-08-17,2026-08,Argentina Primera Division,Velez Sarsfield BA vs Defensa y Justicia,False,OVER,AVOID,,-,NO_BET,,2026-09-06T12:11:27Z,1.0.0
2026-08-17,2026-08,Brazil Serie A,Internacional vs Remo,False,UNDER,AVOID,,-,NO_BET,,2026-09-06T12:11:27Z,1.0.0
2026-08-18,2026-08,Mexico Liga MX,Necaxa vs León,,OVER,AVOID,,-,NO_BET,,2026-09-06T12:11:27Z,1.0.0
2026-08-18,2026-08,Mexico Liga MX,Pachuca vs Puebla,,UNDER,AVOID,,-,NO_BET,,2026-09-06T12:11:27Z,1.0.0
2026-08-18,2026-08,Argentina Primera Division,Gimnasia Mendoza vs Talleres,True,OVER,AVOID,,-,NO_BET,,2026-09-06T12:11:27Z,1.0.0
2026-08-24,2026-08,La Liga 2,Celta Vigo vs Andorra CF,,OVER,AVOID,,-,NO_BET,,2026-09-06T12:11:27Z,1.0.0
2026-08-18,2026-08,China Super League,Shanghai Shenhua FC vs Beijing FC,True,UNDER,VALUABLE,-1.0,-,NO_BET,,2026-09-06T12:11:27Z,1.0.0
2026-08-22,2026-08,Serie B,Vicenza vs US Catanzaro 1929,,OVER,AVOID,,-,NO_BET,,2026-09-06T12:11:27Z,1.0.0
2026-08-19,2026-08,China Super League,Shanghai SIPG FC vs Dalian Yingbo,,UNDER,AVOID,,-,NO_BET,,2026-09-06T12:11:27Z,1.0.0
2026-08-19,2026-08,USA MLS,Columbus Crew SC vs CF Montreal,,OVER,AVOID,,-,NO_BET,,2026-09-06T12:11:27Z,1.0.0
2026-08-19,2026-08,USA MLS,New York Red Bulls vs Nashville SC,False,UNDER,AVOID,,-,NO_BET,,2026-09-06T12:11:27Z,1.0.0
2026-08-19,2026-08,USA MLS,Toronto FC vs Charlotte FC,True,UNDER,AVOID,,-,NO_BET,,2026-09-06T12:11:27Z,1.0.0
2026-08-19,2026-08,USA MLS,Orlando City SC vs Chicago Fire,True,UNDER,AVOID,,-,NO_BET,,2026-09-06T12:11:27Z,1.0.0
2026-08-19,2026-08,USA MLS,D.C. United vs New England Revolution,True,UNDER,AVOID,,-,NO_BET,,2026-09-06T12:11:27Z,1.0.0
2026-08-19,2026-08,USA MLS,FC Cincinnati vs New York City FC,True,UNDER,AVOID,,-,NO_BET,,2026-09-06T12:11:27Z,1.0.0
2026-08-19,2026-08,USA MLS,Philadelphia Union vs Inter Miami CF,True,UNDER,VALUABLE,-1.0,-,NO_BET,,2026-09-06T12:11:27Z,1.0.0
2026-08-20,2026-08,USA MLS,Sporting Kansas City vs St. Louis City SC,False,UNDER,MARKSMAN,1.4,-,NO_BET,,2026-09-06T12:11:27Z,1.0.0
2026-08-20,2026-08,USA MLS,Seattle Sounders FC vs Austin FC,True,UNDER,AVOID,,-,NO_BET,,2026-09-06T12:11:27Z,1.0.0
2026-08-20,2026-08,USA MLS,Portland Timbers vs San Diego FC,True,UNDER,MARKSMAN,-1.0,-,NO_BET,,2026-09-06T12:11:27Z,1.0.0
2026-08-20,2026-08,USA MLS,LA Galaxy vs San Jose Earthquakes,,UNDER,AVOID,,-,NO_BET,,2026-09-06T12:11:27Z,1.0.0
2026-08-20,2026-08,USA MLS,Vancouver Whitecaps FC vs Houston Dynamo,False,OVER,AVOID,,-,NO_BET,,2026-09-06T12:11:27Z,1.0.0
2026-08-20,2026-08,USA MLS,Real Salt Lake vs FC Dallas,True,UNDER,AVOID,,-,NO_BET,,2026-09-06T12:11:27Z,1.0.0
2026-08-20,2026-08,USA MLS,Colorado Rapids vs Los Angeles FC,,OVER,AVOID,,-,NO_BET,,2026-09-06T12:11:27Z,1.0.0
2026-08-20,2026-08,USA MLS,Minnesota United FC vs Atlanta United FC,,UNDER,AVOID,,-,NO_BET,,2026-09-06T12:11:27Z,1.0.0
2026-08-20,2026-08,League One,Sheffield Wednesday vs Bradford City,,OVER,AVOID,,-,NO_BET,,2026-09-06T12:11:27Z,1.0.0
2026-08-21,2026-08,Japan J-League,Kashiwa Reysol vs V-Varen Nagasaki,True,UNDER,AVOID,,-,NO_BET,,2026-09-06T12:11:27Z,1.0.0
2026-08-21,2026-08,Japan J-League,FC Tokyo vs JEF United Chiba,False,UNDER,AVOID,,-,NO_BET,,2026-09-06T12:11:27Z,1.0.0
2026-08-21,2026-08,Finland Veikkausliiga,SJK Seinäjoki vs FC Lahti,True,UNDER,AVOID,,-,NO_BET,,2026-09-06T12:11:27Z,1.0.0
2026-08-21,2026-08,Sweden Allsvenskan,IK Sirius vs BK Hacken,True,UNDER,MARKSMAN,-1.0,-,NO_BET,,2026-09-06T12:11:27Z,1.0.0
2026-08-21,2026-08,Argentina Primera Division,Aldosivi Mar del Plata vs Union Santa Fe,,OVER,AVOID,,-,NO_BET,,2026-09-06T12:11:27Z,1.0.0
2026-08-21,2026-08,Austrian Bundesliga,Ried vs Grazer AK,,OVER,AVOID,,-,NO_BET,,2026-09-06T12:11:27Z,1.0.0
2026-08-21,2026-08,Ligue 2,Clermont vs Dijon,,OVER,AVOID,,-,NO_BET,,2026-09-06T12:11:27Z,1.0.0
2026-08-21,2026-08,Ligue 2,Boulogne vs Red Star,False,OVER,VALUABLE,-1.0,-,NO_BET,,2026-09-06T12:11:27Z,1.0.0
2026-08-21,2026-08,Serie B,Vicenza vs US Catanzaro 1929,True,OVER,VALUABLE,1.15,-,NO_BET,,2026-09-06T12:11:27Z,1.0.0
2026-08-21,2026-08,Ligue 2,USL Dunkerque vs Montpellier,False,UNDER,VALUABLE,1.08,-,NO_BET,,2026-09-06T12:11:27Z,1.0.0
2026-08-21,2026-08,Ligue 2,Pau FC vs Nancy,,OVER,AVOID,,-,NO_BET,,2026-09-06T12:11:27Z,1.0.0
2026-08-21,2026-08,Ligue 2,Sochaux vs Guingamp,,OVER,AVOID,,-,NO_BET,,2026-09-06T12:11:27Z,1.0.0
2026-08-21,2026-08,Ireland Premier Division,Bohemians vs Derry City,,UNDER,AVOID,,-,NO_BET,,2026-09-06T12:11:27Z,1.0.0
2026-08-21,2026-08,Ireland Premier Division,Drogheda United vs St Patricks Athletic,,UNDER,AVOID,,-,NO_BET,,2026-09-06T12:11:27Z,1.0.0
2026-08-21,2026-08,Ireland Premier Division,Dundalk vs Galway United,True,UNDER,VALUABLE,-1.0,-,NO_BET,,2026-09-06T12:11:27Z,1.0.0
2026-08-21,2026-08,Ireland Premier Division,Sligo Rovers vs Waterford FC,False,UNDER,MARKSMAN,1.08,-,NO_BET,,2026-09-06T12:11:27Z,1.0.0
2026-08-21,2026-08,La Liga 2,Córdoba vs Girona FC,,UNDER,AVOID,,-,NO_BET,,2026-09-06T12:11:27Z,1.0.0
2026-08-21,2026-08,Argentina Primera Division,Estudiantes de Río Cuarto vs San Lorenzo,False,OVER,MARKSMAN,-1.0,-,NO_BET,,2026-09-06T12:11:27Z,1.0.0
2026-08-22,2026-08,Mexico Liga MX,Tigres vs Atlante FC,False,UNDER,AVOID,,-,NO_BET,,2026-09-06T12:11:27Z,1.0.0
2026-08-22,2026-08,Mexico Liga MX,León vs Monterrey,False,UNDER,AVOID,,-,NO_BET,,2026-09-06T12:11:27Z,1.0.0
2026-08-22,2026-08,Mexico Liga MX,FC Juárez vs América,,UNDER,AVOID,,-,NO_BET,,2026-09-06T12:11:27Z,1.0.0
2026-08-22,2026-08,Mexico Liga MX,Querétaro vs Toluca,True,UNDER,VALUABLE,-1.0,-,NO_BET,,2026-09-06T12:11:27Z,1.0.0
2026-08-22,2026-08,Japan J-League,Kashima Antlers vs Avispa Fukuoka,True,OVER,VALUABLE,1.32,-,NO_BET,,2026-09-06T12:11:27Z,1.0.0
2026-08-22,2026-08,Japan J-League,Fagiano Okayama vs Tokyo Verdy,False,OVER,MARKSMAN,-1.0,-,NO_BET,,2026-09-06T12:11:27Z,1.0.0
2026-08-22,2026-08,Japan J-League,Cerezo Osaka vs Shimizu S Pulse,False,OVER,AVOID,,-,NO_BET,,2026-09-06T12:11:27Z,1.0.0
2026-08-22,2026-08,Japan J-League,Kyoto Purple Sanga vs Mito HollyHock,True,OVER,AVOID,,-,NO_BET,,2026-09-06T12:11:27Z,1.0.0
2026-08-22,2026-08,Japan J-League,Nagoya Grampus vs Gamba Osaka,True,UNDER,VALUABLE,-1.0,-,NO_BET,,2026-09-06T12:11:27Z,1.0.0
2026-08-22,2026-08,Japan J-League,Hiroshima Sanfrecce FC vs Kawasaki Frontale,False,UNDER,MARKSMAN,1.52,-,NO_BET,,2026-09-06T12:11:27Z,1.0.0
2026-08-22,2026-08,Japan J-League,Yokohama F Marinos vs Vissel Kobe,False,OVER,AVOID,,-,NO_BET,,2026-09-06T12:11:27Z,1.0.0
2026-08-22,2026-08,China Super League,Wuhan Three Towns vs Tianjin Jinmen Tiger FC,False,OVER,AVOID,,-,NO_BET,,2026-09-06T12:11:27Z,1.0.0
2026-08-22,2026-08,League Two,Bristol Rovers vs Newport County,,UNDER,AVOID,,-,NO_BET,,2026-09-06T12:11:27Z,1.0.0
2026-08-22,2026-08,League Two,Salford City vs Chesterfield FC,,UNDER,AVOID,,-,NO_BET,,2026-09-06T12:11:27Z,1.0.0
2026-08-22,2026-08,League Two,Walsall vs Grimsby Town,,UNDER,AVOID,,-,NO_BET,,2026-09-06T12:11:27Z,1.0.0
2026-08-22,2026-08,Championship,Birmingham City vs Bristol City,,UNDER,AVOID,,-,NO_BET,,2026-09-06T12:11:27Z,1.0.0
2026-08-22,2026-08,Championship,Lincoln City vs Portsmouth,,OVER,AVOID,,-,NO_BET,,2026-09-06T12:11:27Z,1.0.0
2026-08-22,2026-08,League One,Doncaster Rovers vs Barnsley,,UNDER,AVOID,,-,NO_BET,,2026-09-06T12:11:27Z,1.0.0
2026-08-22,2026-08,League One,Luton vs Notts County,True,UNDER,VALUABLE,-1.0,-,NO_BET,,2026-09-06T12:11:27Z,1.0.0
2026-08-22,2026-08,Championship,Millwall vs Norwich City,,OVER,AVOID,,-,NO_BET,,2026-09-06T12:11:27Z,1.0.0
2026-08-22,2026-08,China Super League,Chengdu Rongcheng FC vs Shanghai Shenhua FC,True,UNDER,MARKSMAN,-1.0,-,NO_BET,,2026-09-06T12:11:27Z,1.0.0
2026-08-22,2026-08,China Super League,Shenzhen Peng City FC vs Zhejiang,False,UNDER,MARKSMAN,1.62,-,NO_BET,,2026-09-06T12:11:27Z,1.0.0
2026-08-22,2026-08,China Super League,Qingdao West Coast FC vs Shandong Luneng Taishan FC,False,UNDER,AVOID,,-,NO_BET,,2026-09-06T12:11:27Z,1.0.0
2026-08-22,2026-08,China Super League,Beijing FC vs Yunnan Yukun,True,UNDER,MARKSMAN,-1.0,-,NO_BET,,2026-09-06T12:11:27Z,1.0.0
2026-08-22,2026-08,Ligue 2,Metz vs Stade Lavallois,,OVER,AVOID,,-,NO_BET,,2026-09-06T12:11:27Z,1.0.0
2026-08-22,2026-08,Ligue 2,Nantes vs Rodez AF,,UNDER,AVOID,,-,NO_BET,,2026-09-06T12:11:27Z,1.0.0
2026-08-22,2026-08,Sweden Allsvenskan,Örgryte IS vs Halmstads BK,,UNDER,AVOID,,-,NO_BET,,2026-09-06T12:11:27Z,1.0.0
2026-08-22,2026-08,Finland Veikkausliiga,Ilves Tampere vs VPS Vaasa,,OVER,AVOID,,-,NO_BET,,2026-09-06T12:11:27Z,1.0.0
2026-08-22,2026-08,Championship,Southampton vs Stoke City,,UNDER,AVOID,,-,NO_BET,,2026-09-06T12:11:27Z,1.0.0
2026-08-22,2026-08,League Two,Shrewsbury Town vs Barnet,,UNDER,AVOID,,-,NO_BET,,2026-09-06T12:11:27Z,1.0.0
2026-08-22,2026-08,League Two,Swindon Town vs Cheltenham Town,,UNDER,AVOID,,-,NO_BET,,2026-09-06T12:11:27Z,1.0.0
2026-08-22,2026-08,League Two,Colchester United vs Oldham Athletic,True,UNDER,AVOID,,-,NO_BET,,2026-09-06T12:11:27Z,1.0.0
2026-08-22,2026-08,League Two,Rochdale vs Crawley Town,True,UNDER,AVOID,,-,NO_BET,,2026-09-06T12:11:27Z,1.0.0
2026-08-22,2026-08,League Two,Crewe Alexandra vs Northampton Town,,OVER,AVOID,,-,NO_BET,,2026-09-06T12:11:27Z,1.0.0
2026-08-22,2026-08,League Two,Fleetwood Town vs Gillingham,,UNDER,AVOID,,-,NO_BET,,2026-09-06T12:11:27Z,1.0.0
2026-08-22,2026-08,League Two,Exeter City vs Accrington Stanley,,OVER,AVOID,,-,NO_BET,,2026-09-06T12:11:27Z,1.0.0
2026-08-22,2026-08,League Two,Port Vale vs Tranmere Rovers,False,OVER,VALUABLE,-1.0,-,NO_BET,,2026-09-06T12:11:27Z,1.0.0
2026-08-22,2026-08,League Two,Rotherham United vs York City,,OVER,AVOID,,-,NO_BET,,2026-09-06T12:11:27Z,1.0.0
2026-08-22,2026-08,League One,Wimbledon vs Reading,,OVER,AVOID,,-,NO_BET,,2026-09-06T12:11:27Z,1.0.0
2026-08-22,2026-08,League One,Stevenage vs Oxford United,True,OVER,VALUABLE,1.4,-,NO_BET,,2026-09-06T12:11:27Z,1.0.0
2026-08-22,2026-08,Finland Veikkausliiga,Jaro vs AC Oulu,False,UNDER,AVOID,,-,NO_BET,,2026-09-06T12:11:27Z,1.0.0
2026-08-22,2026-08,Championship,Blackburn Rovers vs Middlesbrough,,UNDER,AVOID,,-,NO_BET,,2026-09-06T12:11:27Z,1.0.0
2026-08-22,2026-08,Championship,Queens Park Rangers vs Bolton Wanderers,,UNDER,AVOID,,-,NO_BET,,2026-09-06T12:11:27Z,1.0.0
2026-08-22,2026-08,Championship,Derby County vs Cardiff City,,UNDER,AVOID,,-,NO_BET,,2026-09-06T12:11:27Z,1.0.0
2026-08-22,2026-08,Championship,West Ham United vs Charlton Athletic,True,UNDER,AVOID,,-,NO_BET,,2026-09-06T12:11:27Z,1.0.0
2026-08-22,2026-08,Championship,Preston North End vs Wolverhampton Wanderers,,OVER,AVOID,,-,NO_BET,,2026-09-06T12:11:27Z,1.0.0
2026-08-22,2026-08,League One,Wycombe Wanderers vs Plymouth Argyle,,UNDER,AVOID,,-,NO_BET,,2026-09-06T12:11:27Z,1.0.0
2026-08-22,2026-08,Championship,Swansea City vs Sheffield United,,OVER,AVOID,,-,NO_BET,,2026-09-06T12:11:27Z,1.0.0
2026-08-22,2026-08,League One,Stockport County FC vs Blackpool,True,UNDER,AVOID,,-,NO_BET,,2026-09-06T12:11:27Z,1.0.0
2026-08-22,2026-08,League One,Bromley FC vs Cambridge United,False,OVER,AVOID,,-,NO_BET,,2026-09-06T12:11:27Z,1.0.0
2026-08-22,2026-08,League One,Leicester City vs Burton Albion,True,UNDER,AVOID,,-,NO_BET,,2026-09-06T12:11:27Z,1.0.0
2026-08-22,2026-08,League One,Milton Keynes Dons vs Huddersfield Town,,UNDER,AVOID,,-,NO_BET,,2026-09-06T12:11:27Z,1.0.0
2026-08-22,2026-08,League One,Wigan Athletic vs Leyton Orient,,OVER,AVOID,,-,NO_BET,,2026-09-06T12:11:27Z,1.0.0
2026-08-22,2026-08,League One,Peterborough United vs Mansfield Town,True,UNDER,VALUABLE,-1.0,-,NO_BET,,2026-09-06T12:11:27Z,1.0.0
2026-08-22,2026-08,Championship,Wrexham AFC vs Watford,,UNDER,AVOID,,-,NO_BET,,2026-09-06T12:11:27Z,1.0.0
2026-08-22,2026-08,La Liga 2,Oviedo vs Leganés,False,OVER,VALUABLE,-1.0,-,NO_BET,,2026-09-06T12:11:27Z,1.0.0
2026-08-22,2026-08,Austrian Bundesliga,Rheindorf Altach vs Hartberg,,UNDER,AVOID,,-,NO_BET,,2026-09-06T12:11:27Z,1.0.0
2026-08-22,2026-08,Serie B,Südtirol vs Virtus Entella,False,OVER,MARKSMAN,-1.0,-,NO_BET,,2026-09-06T12:11:27Z,1.0.0
2026-08-22,2026-08,Serie B,Carrarese vs Mantova,,OVER,AVOID,,-,NO_BET,,2026-09-06T12:11:27Z,1.0.0
2026-08-22,2026-08,La Liga 2,Albacete vs Real Sociedad B,,UNDER,AVOID,,-,NO_BET,,2026-09-06T12:11:27Z,1.0.0
2026-08-22,2026-08,La Liga 2,AD Ceuta FC vs Las Palmas,False,UNDER,VALUABLE,1.08,-,NO_BET,,2026-09-06T12:11:27Z,1.0.0
2026-08-22,2026-08,Austrian Bundesliga,Sturm Graz vs Austria Lustenau,False,UNDER,MARKSMAN,1.45,-,NO_BET,,2026-09-06T12:11:27Z,1.0.0
2026-08-22,2026-08,Ligue 2,Saint Etienne vs Grenoble,,OVER,AVOID,,-,NO_BET,,2026-09-06T12:11:27Z,1.0.0
2026-08-22,2026-08,Brazil Serie A,Fluminense vs Remo,True,OVER,VALUABLE,1.21,-,NO_BET,,2026-09-06T12:11:27Z,1.0.0
2026-08-22,2026-08,Argentina Primera Division,Atlético Tucuman vs Instituto de Córdoba,,UNDER,AVOID,,-,NO_BET,,2026-09-06T12:11:27Z,1.0.0
2026-08-22,2026-08,Argentina Primera Division,Gimnasia La Plata vs Gimnasia Mendoza,True,OVER,AVOID,,-,NO_BET,,2026-09-06T12:11:27Z,1.0.0
2026-08-22,2026-08,Serie B,Empoli vs Cremonese,,OVER,AVOID,,-,NO_BET,,2026-09-06T12:11:27Z,1.0.0
2026-08-22,2026-08,Serie B,Avellino vs Arezzo,True,OVER,VALUABLE,1.18,-,NO_BET,,2026-09-06T12:11:27Z,1.0.0
2026-08-22,2026-08,Serie B,Benevento vs Modena,True,UNDER,AVOID,,-,NO_BET,,2026-09-06T12:11:27Z,1.0.0
2026-08-22,2026-08,La Liga 2,CD Eldense vs Cádiz CF,,OVER,AVOID,,-,NO_BET,,2026-09-06T12:11:27Z,1.0.0
2026-08-22,2026-08,Brazil Serie A,Internacional vs Atletico Mineiro,False,UNDER,VALUABLE,0.83,-,NO_BET,,2026-09-06T12:11:27Z,1.0.0
2026-08-22,2026-08,Argentina Primera Division,Independiente vs Independiente Rivadavia,,UNDER,AVOID,,-,NO_BET,,2026-09-06T12:11:27Z,1.0.0
2026-08-22,2026-08,Mexico Liga MX,Guadalajara vs Tijuana,True,UNDER,MARKSMAN,-1.0,-,NO_BET,,2026-09-06T12:11:27Z,1.0.0
2026-08-22,2026-08,Brazil Serie A,Cruzeiro vs Flamengo,,UNDER,AVOID,,-,NO_BET,,2026-09-06T12:11:27Z,1.0.0
2026-08-23,2026-08,Argentina Primera Division,Newells Old Boys vs Banfield,,OVER,AVOID,,-,NO_BET,,2026-09-06T12:11:27Z,1.0.0
2026-08-23,2026-08,Argentina Primera Division,Atlético Huracán vs Deportivo Riestra,False,OVER,MARKSMAN,-1.0,-,NO_BET,,2026-09-06T12:11:27Z,1.0.0
2026-08-22,2026-08,USA MLS,CF Montreal vs LA Galaxy,True,UNDER,MARKSMAN,-1.0,-,NO_BET,,2026-09-06T12:11:27Z,1.0.0
2026-08-22,2026-08,USA MLS,Charlotte FC vs D.C. United,True,UNDER,VALUABLE,-1.0,-,NO_BET,,2026-09-06T12:11:27Z,1.0.0
2026-08-22,2026-08,USA MLS,New York Red Bulls vs Chicago Fire,False,UNDER,VALUABLE,2.25,-,NO_BET,,2026-09-06T12:11:27Z,1.0.0
2026-08-22,2026-08,USA MLS,FC Cincinnati vs Seattle Sounders FC,False,UNDER,MARKSMAN,2.1,-,NO_BET,,2026-09-06T12:11:27Z,1.0.0
2026-08-22,2026-08,USA MLS,Inter Miami CF vs Toronto FC,True,UNDER,MARKSMAN,-1.0,-,NO_BET,,2026-09-06T12:11:27Z,1.0.0
2026-08-22,2026-08,USA MLS,Orlando City SC vs Real Salt Lake,True,UNDER,VALUABLE,-1.0,-,NO_BET,,2026-09-06T12:11:27Z,1.0.0
2026-08-23,2026-08,USA MLS,Austin FC vs Philadelphia Union,,OVER,AVOID,,-,NO_BET,,2026-09-06T12:11:27Z,1.0.0
2026-08-23,2026-08,USA MLS,Vancouver Whitecaps FC vs FC Dallas,True,UNDER,VALUABLE,-1.0,-,NO_BET,,2026-09-06T12:11:27Z,1.0.0
2026-08-23,2026-08,USA MLS,San Diego FC vs Colorado Rapids,True,UNDER,AVOID,,-,NO_BET,,2026-09-06T12:11:27Z,1.0.0
2026-08-23,2026-08,USA MLS,Los Angeles FC vs Portland Timbers,False,UNDER,VALUABLE,1.88,-,NO_BET,,2026-09-06T12:11:27Z,1.0.0
2026-08-23,2026-08,USA MLS,San Jose Earthquakes vs Minnesota United FC,True,UNDER,AVOID,,-,NO_BET,,2026-09-06T12:11:27Z,1.0.0
2026-08-23,2026-08,USA MLS,St. Louis City SC vs Houston Dynamo,True,UNDER,AVOID,,-,NO_BET,,2026-09-06T12:11:27Z,1.0.0
2026-08-23,2026-08,USA MLS,Nashville SC vs Columbus Crew SC,,OVER,AVOID,,-,NO_BET,,2026-09-06T12:11:27Z,1.0.0
2026-08-23,2026-08,Mexico Liga MX,Puebla vs Santos Laguna,,UNDER,AVOID,,-,NO_BET,,2026-09-06T12:11:27Z,1.0.0
2026-08-23,2026-08,Mexico Liga MX,Cruz Azul vs Atlas,,UNDER,AVOID,,-,NO_BET,,2026-09-06T12:11:27Z,1.0.0
2026-08-23,2026-08,Japan J-League,FC Machida Zelvia vs Urawa Red Diamonds,True,OVER,AVOID,,-,NO_BET,,2026-09-06T12:11:27Z,1.0.0
2026-08-23,2026-08,Denmark Superliga,SonderjyskE vs FC Nordsjaelland,True,UNDER,MARKSMAN,-1.0,-,NO_BET,,2026-09-06T12:11:27Z,1.0.0
2026-08-23,2026-08,China Super League,Liaoning Tieren FC vs Henan FC,True,OVER,AVOID,,-,NO_BET,,2026-09-06T12:11:27Z,1.0.0
2026-08-23,2026-08,Championship,West Bromwich Albion vs Burnley,,UNDER,AVOID,,-,NO_BET,,2026-09-06T12:11:27Z,1.0.0
2026-08-23,2026-08,China Super League,Shanghai SIPG FC vs Qingdao Hainiu FC,True,UNDER,MARKSMAN,-1.0,-,NO_BET,,2026-09-06T12:11:27Z,1.0.0
2026-08-23,2026-08,Finland Veikkausliiga,KuPS Kuopio vs IFK Mariehamn,True,OVER,AVOID,,-,NO_BET,,2026-09-06T12:11:27Z,1.0.0
2026-08-23,2026-08,Finland Veikkausliiga,HJK Helsinki vs IF Gnistan,True,UNDER,VALUABLE,-1.0,-,NO_BET,,2026-09-06T12:11:27Z,1.0.0
2026-08-23,2026-08,China Super League,Chongqing Tonglianglong FC vs Dalian Yingbo,False,OVER,VALUABLE,-1.0,-,NO_BET,,2026-09-06T12:11:27Z,1.0.0
2026-08-23,2026-08,Denmark Superliga,AGF Aarhus vs OB Odense BK,True,UNDER,MARKSMAN,-1.0,-,NO_BET,,2026-09-06T12:11:27Z,1.0.0
2026-08-23,2026-08,Denmark Superliga,FC Midtjylland vs Randers FC,False,UNDER,VALUABLE,1.48,-,NO_BET,,2026-09-06T12:11:27Z,1.0.0
2026-08-23,2026-08,Sweden Allsvenskan,IFK Goteborg vs IF Elfsborg,False,OVER,AVOID,,-,NO_BET,,2026-09-06T12:11:27Z,1.0.0
2026-08-23,2026-08,Sweden Allsvenskan,Västerås SK vs Kalmar FF,,OVER,AVOID,,-,NO_BET,,2026-09-06T12:11:27Z,1.0.0
2026-08-23,2026-08,Denmark Superliga,AC Horsens vs Lyngby,True,OVER,VALUABLE,0.95,-,NO_BET,,2026-09-06T12:11:27Z,1.0.0
2026-08-23,2026-08,Sweden Allsvenskan,IF Brommapojkarna vs Degerfors IF,False,OVER,VALUABLE,-1.0,-,NO_BET,,2026-09-06T12:11:27Z,1.0.0
2026-08-23,2026-08,Sweden Allsvenskan,Hammarby IF vs GAIS,False,UNDER,MARKSMAN,1.75,-,NO_BET,,2026-09-06T12:11:27Z,1.0.0
2026-08-23,2026-08,Finland Veikkausliiga,TPS Turku vs FC Inter Turku,False,OVER,AVOID,,-,NO_BET,,2026-09-06T12:11:27Z,1.0.0
2026-08-23,2026-08,La Liga 2,SD Eibar vs Real Valladolid CF,False,OVER,VALUABLE,-1.0,-,NO_BET,,2026-09-06T12:11:27Z,1.0.0
2026-08-23,2026-08,Denmark Superliga,Viborg FF vs FC Copenhagen,True,UNDER,AVOID,,-,NO_BET,,2026-09-06T12:11:27Z,1.0.0
2026-08-23,2026-08,Serie B,Pisa vs Padova,,OVER,AVOID,,-,NO_BET,,2026-09-06T12:11:27Z,1.0.0
2026-08-23,2026-08,Serie B,Hellas Verona vs Ascoli,,OVER,AVOID,,-,NO_BET,,2026-09-06T12:11:27Z,1.0.0
2026-08-23,2026-08,La Liga 2,Sporting Gijón vs Burgos CF,False,OVER,AVOID,,-,NO_BET,,2026-09-06T12:11:27Z,1.0.0
2026-08-23,2026-08,La Liga 2,CD Castellón vs Sabadell FC,,OVER,AVOID,,-,NO_BET,,2026-09-06T12:11:27Z,1.0.0
2026-08-23,2026-08,Argentina Primera Division,Barracas Central vs Platense,True,OVER,VALUABLE,2.35,-,NO_BET,,2026-09-06T12:11:27Z,1.0.0
2026-08-23,2026-08,Argentina Primera Division,Sarmiento de Junin vs Estudiantes,,OVER,AVOID,,-,NO_BET,,2026-09-06T12:11:27Z,1.0.0
2026-08-23,2026-08,Brazil Serie A,Vitoria vs Bahia,False,OVER,VALUABLE,-1.0,-,NO_BET,,2026-09-06T12:11:27Z,1.0.0
2026-08-23,2026-08,Brazil Serie A,Bragantino-SP vs Grêmio,False,UNDER,AVOID,,-,NO_BET,,2026-09-06T12:11:27Z,1.0.0
2026-08-23,2026-08,Brazil Serie A,Palmeiras vs Vasco da Gama,True,OVER,AVOID,,-,NO_BET,,2026-09-06T12:11:27Z,1.0.0
2026-08-23,2026-08,La Liga 2,Tenerife vs Almería,,OVER,AVOID,,-,NO_BET,,2026-09-06T12:11:27Z,1.0.0
2026-08-23,2026-08,Serie B,Cesena FC vs Sampdoria,,OVER,AVOID,,-,NO_BET,,2026-09-06T12:11:27Z,1.0.0
2026-08-23,2026-08,Serie B,Palermo vs Juve Stabia,,OVER,AVOID,,-,NO_BET,,2026-09-06T12:11:27Z,1.0.0
2026-08-23,2026-08,Argentina Primera Division,Belgrano de Cordoba vs Defensa y Justicia,,OVER,AVOID,,-,NO_BET,,2026-09-06T12:11:27Z,1.0.0
2026-08-23,2026-08,USA MLS,New England Revolution vs New York City FC,,OVER,AVOID,,-,NO_BET,,2026-09-06T12:11:27Z,1.0.0
2026-08-23,2026-08,Brazil Serie A,Chapecoense vs Sao Paulo,,OVER,AVOID,,-,NO_BET,,2026-09-06T12:11:27Z,1.0.0
2026-08-23,2026-08,Brazil Serie A,Santos vs Mirassol,,OVER,AVOID,,-,NO_BET,,2026-09-06T12:11:27Z,1.0.0
2026-08-23,2026-08,Argentina Primera Division,River Plate vs Velez Sarsfield BA,,OVER,AVOID,,-,NO_BET,,2026-09-06T12:11:27Z,1.0.0
2026-08-23,2026-08,Brazil Serie A,Coritiba vs Corinthians,True,OVER,MARKSMAN,1.6,-,NO_BET,,2026-09-06T12:11:27Z,1.0.0
2026-08-23,2026-08,USA MLS,Atlanta United FC vs Sporting Kansas City,True,UNDER,VALUABLE,-1.0,-,NO_BET,,2026-09-06T12:11:27Z,1.0.0
2026-08-23,2026-08,Mexico Liga MX,Atlético San Luis vs Pachuca,,UNDER,AVOID,,-,NO_BET,,2026-09-06T12:11:27Z,1.0.0
2026-08-24,2026-08,Argentina Primera Division,Racing Club vs Boca Juniors,False,OVER,AVOID,,-,NO_BET,,2026-09-06T12:11:27Z,1.0.0
2026-08-24,2026-08,Mexico Liga MX,Pumas vs Necaxa,,OVER,AVOID,,-,NO_BET,,2026-09-06T12:11:27Z,1.0.0
2026-08-24,2026-08,Sweden Allsvenskan,Malmo FF vs Djurgardens IF,True,UNDER,AVOID,,-,NO_BET,,2026-09-06T12:11:27Z,1.0.0
2026-08-24,2026-08,Denmark Superliga,Brondby IF vs Silkeborg IF,True,UNDER,AVOID,,-,NO_BET,,2026-09-06T12:11:27Z,1.0.0
2026-08-24,2026-08,La Liga 2,Celta Fortuna vs Andorra CF,True,UNDER,AVOID,,-,NO_BET,,2026-09-06T12:11:27Z,1.0.0
2026-08-24,2026-08,Ligue 2,Stade de Reims vs Annecy FC,True,UNDER,AVOID,,-,NO_BET,,2026-09-06T12:11:27Z,1.0.0
2026-08-24,2026-08,La Liga 2,Granada CF vs Mallorca,False,OVER,MARKSMAN,-1.0,-,NO_BET,,2026-09-06T12:11:27Z,1.0.0
2026-08-24,2026-08,Argentina Primera Division,CA Tigre BA vs Central Córdoba,True,OVER,VALUABLE,1.72,-,NO_BET,,2026-09-06T12:11:27Z,1.0.0
2026-08-24,2026-08,Brazil Serie A,Botafogo vs Atletico Paranaense,True,UNDER,VALUABLE,-1.0,-,NO_BET,,2026-09-06T12:11:27Z,1.0.0
2026-08-25,2026-08,Argentina Primera Division,Lanus vs Argentinos Juniors,,OVER,AVOID,,-,NO_BET,,2026-09-06T12:11:27Z,1.0.0
2026-08-25,2026-08,Argentina Primera Division,Talleres vs Rosario Central,,OVER,AVOID,,-,NO_BET,,2026-09-06T12:11:27Z,1.0.0
2026-08-29,2026-08,Argentina Primera Division,Union Santa Fe vs Sarmiento de Junin,,UNDER,AVOID,,-,NO_BET,,2026-09-06T12:11:27Z,1.0.0
2026-08-29,2026-08,USA MLS,Columbus Crew SC vs New England Revolution,,OVER,AVOID,,-,NO_BET,,2026-09-06T12:11:27Z,1.0.0
2026-08-28,2026-08,Ireland Premier Division,Galway United vs Shelbourne Dublin,False,UNDER,AVOID,,-,NO_BET,,2026-09-06T12:11:27Z,1.0.0
2026-08-28,2026-08,Ireland Premier Division,Drogheda United vs Dundalk,True,UNDER,AVOID,,-,NO_BET,,2026-09-06T12:11:27Z,1.0.0
2026-08-28,2026-08,Ireland Premier Division,St Patricks Athletic vs Waterford FC,False,UNDER,MARKSMAN,1.35,-,NO_BET,,2026-09-06T12:11:27Z,1.0.0
2026-08-28,2026-08,Ireland Premier Division,Bohemians vs Sligo Rovers,True,UNDER,AVOID,,-,NO_BET,,2026-09-06T12:11:27Z,1.0.0
2026-08-29,2026-08,Norway Eliteserien,Vålerenga vs Molde,,UNDER,AVOID,,-,NO_BET,,2026-09-06T12:11:27Z,1.0.0
2026-08-29,2026-08,Norway Eliteserien,Viking FK vs Aalesund,,UNDER,MARKSMAN,,-,NO_BET,,2026-09-06T12:11:27Z,1.0.0
2026-08-28,2026-08,China Super League,Shenzhen Peng City FC vs Shanghai SIPG FC,False,UNDER,MARKSMAN,1.52,-,NO_BET,,2026-09-06T12:11:27Z,1.0.0
2026-08-28,2026-08,China Super League,Shanghai Shenhua FC vs Shandong Luneng Taishan FC,True,UNDER,MARKSMAN,-1.0,-,NO_BET,,2026-09-06T12:11:27Z,1.0.0
2026-08-28,2026-08,China Super League,Dalian Yingbo vs Beijing FC,False,UNDER,VALUABLE,1.68,-,NO_BET,,2026-09-06T12:11:27Z,1.0.0
2026-08-28,2026-08,Bundesliga 2,Eintracht Braunschweig vs Hertha Berlin,True,UNDER,VALUABLE,-1.0,-,NO_BET,,2026-09-06T12:11:27Z,1.0.0
2026-08-28,2026-08,Bundesliga 2,VfL Bochum vs VfL Osnabrück,,UNDER,AVOID,,-,NO_BET,,2026-09-06T12:11:27Z,1.0.0
2026-08-28,2026-08,Championship,Wrexham AFC vs Birmingham City,,OVER,AVOID,,-,NO_BET,,2026-09-06T12:11:27Z,1.0.0
2026-08-28,2026-08,Ligue 2,Montpellier vs Boulogne,False,UNDER,AVOID,,-,NO_BET,,2026-09-06T12:11:27Z,1.0.0
2026-08-28,2026-08,Denmark Superliga,AC Horsens vs Viborg FF,,OVER,AVOID,,-,NO_BET,,2026-09-06T12:11:27Z,1.0.0
2026-08-28,2026-08,Austrian Bundesliga,Austria Lustenau vs WSG Tirol,,OVER,AVOID,,-,NO_BET,,2026-09-06T12:11:27Z,1.0.0
2026-08-28,2026-08,Serie B,Cremonese vs Modena,True,OVER,MARKSMAN,1.32,-,NO_BET,,2026-09-06T12:11:27Z,1.0.0
2026-08-28,2026-08,Ligue 2,Clermont vs Sochaux,,OVER,AVOID,,-,NO_BET,,2026-09-06T12:11:27Z,1.0.0
2026-08-28,2026-08,Ligue 2,Stade Lavallois vs Grenoble,,OVER,AVOID,,-,NO_BET,,2026-09-06T12:11:27Z,1.0.0
2026-08-28,2026-08,Ligue 2,Nancy vs USL Dunkerque,False,UNDER,AVOID,,-,NO_BET,,2026-09-06T12:11:27Z,1.0.0
2026-08-28,2026-08,Ligue 2,Rodez AF vs Pau FC,True,UNDER,MARKSMAN,-1.0,-,NO_BET,,2026-09-06T12:11:27Z,1.0.0
2026-08-28,2026-08,La Liga 2,Tenerife vs Sporting Gijón,False,OVER,AVOID,,-,NO_BET,,2026-09-06T12:11:27Z,1.0.0
2026-08-28,2026-08,Argentina Primera Division,Union Santa Fe vs Sarmiento de Junin,,UNDER,AVOID,,-,NO_BET,,2026-09-06T12:11:27Z,1.0.0
2026-08-29,2026-08,Argentina Primera Division,Boca Juniors vs Lanus,,UNDER,AVOID,,-,NO_BET,,2026-09-06T12:11:27Z,1.0.0
2026-08-29,2026-08,Mexico Liga MX,Atlante FC vs León,False,UNDER,AVOID,,-,NO_BET,,2026-09-06T12:11:27Z,1.0.0
2026-08-29,2026-08,Mexico Liga MX,Necaxa vs Cruz Azul,True,UNDER,AVOID,,-,NO_BET,,2026-09-06T12:11:27Z,1.0.0
2026-08-29,2026-08,Japan J-League,Gamba Osaka vs Hiroshima Sanfrecce FC,False,UNDER,VALUABLE,1.25,-,NO_BET,,2026-09-06T12:11:27Z,1.0.0
2026-08-29,2026-08,Japan J-League,Mito HollyHock vs FC Machida Zelvia,False,OVER,MARKSMAN,-1.0,-,NO_BET,,2026-09-06T12:11:27Z,1.0.0
2026-08-29,2026-08,Japan J-League,V-Varen Nagasaki vs FC Tokyo,True,UNDER,AVOID,,-,NO_BET,,2026-09-06T12:11:27Z,1.0.0
2026-08-29,2026-08,Japan J-League,Shimizu S Pulse vs Kashiwa Reysol,False,OVER,VALUABLE,-1.0,-,NO_BET,,2026-09-06T12:11:27Z,1.0.0
2026-08-29,2026-08,Japan J-League,Vissel Kobe vs Cerezo Osaka,False,OVER,AVOID,,-,NO_BET,,2026-09-06T12:11:27Z,1.0.0
2026-08-29,2026-08,China Super League,Zhejiang vs Yunnan Yukun,True,UNDER,VALUABLE,-1.0,-,NO_BET,,2026-09-06T12:11:27Z,1.0.0
2026-08-29,2026-08,China Super League,Chengdu Rongcheng FC vs Liaoning Tieren FC,True,UNDER,MARKSMAN,-1.0,-,NO_BET,,2026-09-06T12:11:27Z,1.0.0
2026-08-29,2026-08,China Super League,Tianjin Jinmen Tiger FC vs Qingdao West Coast FC,False,OVER,VALUABLE,-1.0,-,NO_BET,,2026-09-06T12:11:27Z,1.0.0
2026-08-29,2026-08,China Super League,Qingdao Hainiu FC vs Wuhan Three Towns,,OVER,AVOID,,-,NO_BET,,2026-09-06T12:11:27Z,1.0.0
2026-08-29,2026-08,Japan J-League,Nagoya Grampus vs Fagiano Okayama,,OVER,AVOID,,-,NO_BET,,2026-09-06T12:11:27Z,1.0.0
2026-08-29,2026-08,Japan J-League,Kawasaki Frontale vs JEF United Chiba,,UNDER,AVOID,,-,NO_BET,,2026-09-06T12:11:27Z,1.0.0
2026-08-29,2026-08,Japan J-League,Tokyo Verdy vs Kashima Antlers,False,OVER,AVOID,,-,NO_BET,,2026-09-06T12:11:27Z,1.0.0
2026-08-29,2026-08,Japan J-League,Urawa Red Diamonds vs Yokohama F Marinos,,OVER,AVOID,,-,NO_BET,,2026-09-06T12:11:27Z,1.0.0
2026-08-29,2026-08,Mexico Liga MX,Tijuana vs Pumas,,OVER,AVOID,,-,NO_BET,,2026-09-06T12:11:27Z,1.0.0
2026-08-29,2026-08,Japan J-League,Kyoto Purple Sanga vs Avispa Fukuoka,True,OVER,VALUABLE,1.52,-,NO_BET,,2026-09-06T12:11:27Z,1.0.0
2026-08-29,2026-08,China Super League,Henan FC vs Chongqing Tonglianglong FC,False,OVER,AVOID,,-,NO_BET,,2026-09-06T12:11:27Z,1.0.0
2026-08-29,2026-08,League Two,Barnet vs Cheltenham Town,,UNDER,AVOID,,-,NO_BET,,2026-09-06T12:11:27Z,1.0.0
2026-08-29,2026-08,League Two,Port Vale vs Crewe Alexandra,,UNDER,AVOID,,-,NO_BET,,2026-09-06T12:11:27Z,1.0.0
2026-08-29,2026-08,League Two,Rotherham United vs Chesterfield FC,,OVER,AVOID,,-,NO_BET,,2026-09-06T12:11:27Z,1.0.0
2026-08-29,2026-08,Bundesliga 2,1. FC Heidenheim vs Dynamo Dresden,True,UNDER,VALUABLE,-1.0,-,NO_BET,,2026-09-06T12:11:27Z,1.0.0
2026-08-29,2026-08,Bundesliga 2,FC Energie Cottbus vs Greuther Fürth,True,UNDER,AVOID,,-,NO_BET,,2026-09-06T12:11:27Z,1.0.0
2026-08-29,2026-08,Bundesliga 2,Karlsruher SC vs VfL Wolfsburg,True,UNDER,MARKSMAN,-1.0,-,NO_BET,,2026-09-06T12:11:27Z,1.0.0
2026-08-29,2026-08,Championship,Derby County vs Swansea City,,UNDER,AVOID,,-,NO_BET,,2026-09-06T12:11:27Z,1.0.0
2026-08-29,2026-08,Championship,Middlesbrough vs West Bromwich Albion,,UNDER,AVOID,,-,NO_BET,,2026-09-06T12:11:27Z,1.0.0
2026-08-29,2026-08,Championship,Wolverhampton Wanderers vs Stoke City,,UNDER,AVOID,,-,NO_BET,,2026-09-06T12:11:27Z,1.0.0
2026-08-29,2026-08,League One,Blackpool vs Peterborough United,True,UNDER,VALUABLE,-1.0,-,NO_BET,,2026-09-06T12:11:27Z,1.0.0
2026-08-29,2026-08,League One,Milton Keynes Dons vs Leicester City,False,UNDER,AVOID,,-,NO_BET,,2026-09-06T12:11:27Z,1.0.0
2026-08-29,2026-08,Ligue 2,Annecy FC vs Metz,,OVER,AVOID,,-,NO_BET,,2026-09-06T12:11:27Z,1.0.0
2026-08-29,2026-08,Sweden Allsvenskan,BK Hacken vs Västerås SK,True,UNDER,AVOID,,-,NO_BET,,2026-09-06T12:11:27Z,1.0.0
2026-08-29,2026-08,Sweden Allsvenskan,IF Elfsborg vs Degerfors IF,False,OVER,AVOID,,-,NO_BET,,2026-09-06T12:11:27Z,1.0.0
2026-08-29,2026-08,Ligue 2,Red Star vs Stade de Reims,,OVER,AVOID,,-,NO_BET,,2026-09-06T12:11:27Z,1.0.0
2026-08-29,2026-08,Sweden Allsvenskan,Halmstads BK vs Kalmar FF,,OVER,AVOID,,-,NO_BET,,2026-09-06T12:11:27Z,1.0.0
2026-08-29,2026-08,League One,Plymouth Argyle vs Bradford City,False,UNDER,AVOID,,-,NO_BET,,2026-09-06T12:11:27Z,1.0.0
2026-08-29,2026-08,League One,Sheffield Wednesday vs Bromley FC,,UNDER,AVOID,,-,NO_BET,,2026-09-06T12:11:27Z,1.0.0
2026-08-29,2026-08,League One,Notts County vs Burton Albion,True,OVER,AVOID,,-,NO_BET,,2026-09-06T12:11:27Z,1.0.0
2026-08-29,2026-08,League One,Cambridge United vs Huddersfield Town,,UNDER,AVOID,,-,NO_BET,,2026-09-06T12:11:27Z,1.0.0
2026-08-29,2026-08,League One,Stevenage vs Doncaster Rovers,,OVER,AVOID,,-,NO_BET,,2026-09-06T12:11:27Z,1.0.0
2026-08-29,2026-08,League One,Stockport County FC vs Wycombe Wanderers,True,UNDER,VALUABLE,-1.0,-,NO_BET,,2026-09-06T12:11:27Z,1.0.0
2026-08-29,2026-08,League One,Leyton Orient vs Barnsley,True,UNDER,VALUABLE,-1.0,-,NO_BET,,2026-09-06T12:11:27Z,1.0.0
2026-08-29,2026-08,League Two,Crawley Town vs Bristol Rovers,,UNDER,AVOID,,-,NO_BET,,2026-09-06T12:11:27Z,1.0.0
2026-08-29,2026-08,League Two,Colchester United vs Rochdale,,UNDER,AVOID,,-,NO_BET,,2026-09-06T12:11:27Z,1.0.0
2026-08-29,2026-08,League Two,York City vs Exeter City,,UNDER,AVOID,,-,NO_BET,,2026-09-06T12:11:27Z,1.0.0
2026-08-29,2026-08,League Two,Grimsby Town vs Fleetwood Town,True,UNDER,VALUABLE,-1.0,-,NO_BET,,2026-09-06T12:11:27Z,1.0.0
2026-08-29,2026-08,League Two,Gillingham vs Northampton Town,,OVER,AVOID,,-,NO_BET,,2026-09-06T12:11:27Z,1.0.0
2026-08-29,2026-08,League Two,Newport County vs Tranmere Rovers,,OVER,AVOID,,-,NO_BET,,2026-09-06T12:11:27Z,1.0.0
2026-08-29,2026-08,League Two,Oldham Athletic vs Swindon Town,,UNDER,AVOID,,-,NO_BET,,2026-09-06T12:11:27Z,1.0.0
2026-08-29,2026-08,League Two,Walsall vs Accrington Stanley,,OVER,AVOID,,-,NO_BET,,2026-09-06T12:11:27Z,1.0.0
2026-08-29,2026-08,Championship,Bolton Wanderers vs Lincoln City,,UNDER,AVOID,,-,NO_BET,,2026-09-06T12:11:27Z,1.0.0
2026-08-29,2026-08,Championship,Bristol City vs Portsmouth,,UNDER,AVOID,,-,NO_BET,,2026-09-06T12:11:27Z,1.0.0
2026-08-29,2026-08,Championship,Norwich City vs Burnley,True,UNDER,VALUABLE,-1.0,-,NO_BET,,2026-09-06T12:11:27Z,1.0.0
2026-08-29,2026-08,Championship,Cardiff City vs Sheffield United,True,UNDER,VALUABLE,-1.0,-,NO_BET,,2026-09-06T12:11:27Z,1.0.0
2026-08-29,2026-08,Championship,Charlton Athletic vs Preston North End,False,OVER,AVOID,,-,NO_BET,,2026-09-06T12:11:27Z,1.0.0
2026-08-29,2026-08,Championship,Southampton vs Millwall,True,UNDER,VALUABLE,-1.0,-,NO_BET,,2026-09-06T12:11:27Z,1.0.0
2026-08-29,2026-08,Championship,Watford vs West Ham United,False,UNDER,AVOID,,-,NO_BET,,2026-09-06T12:11:27Z,1.0.0
2026-08-29,2026-08,League Two,Shrewsbury Town vs Salford City,,UNDER,AVOID,,-,NO_BET,,2026-09-06T12:11:27Z,1.0.0
2026-08-29,2026-08,Championship,Blackburn Rovers vs Queens Park Rangers,,OVER,AVOID,,-,NO_BET,,2026-09-06T12:11:27Z,1.0.0
2026-08-29,2026-08,Austrian Bundesliga,Grazer AK vs Wolfsberger AC,,OVER,AVOID,,-,NO_BET,,2026-09-06T12:11:27Z,1.0.0
2026-08-29,2026-08,La Liga 2,Sabadell FC vs Almería,False,OVER,MARKSMAN,-1.0,-,NO_BET,,2026-09-06T12:11:27Z,1.0.0
2026-08-29,2026-08,Argentina Primera Division,Deportivo Riestra vs Velez Sarsfield BA,False,OVER,MARKSMAN,-1.0,-,NO_BET,,2026-09-06T12:11:27Z,1.0.0
2026-08-29,2026-08,Austrian Bundesliga,LASK vs Rheindorf Altach,,OVER,AVOID,,-,NO_BET,,2026-09-06T12:11:27Z,1.0.0
2026-08-29,2026-08,Ligue 2,Guingamp vs Nantes,,OVER,AVOID,,-,NO_BET,,2026-09-06T12:11:27Z,1.0.0
2026-08-29,2026-08,La Liga 2,Albacete vs Oviedo,False,OVER,VALUABLE,-1.0,-,NO_BET,,2026-09-06T12:11:27Z,1.0.0
2026-08-29,2026-08,La Liga 2,Leganés vs CD Eldense,,OVER,AVOID,,-,NO_BET,,2026-09-06T12:11:27Z,1.0.0
2026-08-29,2026-08,Serie B,Virtus Entella vs Cesena FC,,OVER,AVOID,,-,NO_BET,,2026-09-06T12:11:27Z,1.0.0
2026-08-29,2026-08,Serie B,Sampdoria vs Juve Stabia,True,OVER,AVOID,,-,NO_BET,,2026-09-06T12:11:27Z,1.0.0
2026-08-29,2026-08,Argentina Primera Division,Rosario Central vs Gimnasia La Plata,,UNDER,AVOID,,-,NO_BET,,2026-09-06T12:11:27Z,1.0.0
2026-08-29,2026-08,USA MLS,Seattle Sounders FC vs Chicago Fire,True,UNDER,AVOID,,-,NO_BET,,2026-09-06T12:11:27Z,1.0.0
2026-08-29,2026-08,La Liga 2,Girona FC vs Las Palmas,,UNDER,AVOID,,-,NO_BET,,2026-09-06T12:11:27Z,1.0.0
2026-08-29,2026-08,Serie B,Ascoli vs Carrarese,False,UNDER,AVOID,,-,NO_BET,,2026-09-06T12:11:27Z,1.0.0
2026-08-29,2026-08,Serie B,Avellino vs Vicenza,True,OVER,VALUABLE,1.25,-,NO_BET,,2026-09-06T12:11:27Z,1.0.0
2026-08-29,2026-08,Serie B,Padova vs Hellas Verona,False,OVER,AVOID,,-,NO_BET,,2026-09-06T12:11:27Z,1.0.0
2026-08-29,2026-08,Bundesliga 2,1. FC Nürnberg vs Arminia Bielefeld,True,UNDER,VALUABLE,-1.0,-,NO_BET,,2026-09-06T12:11:27Z,1.0.0
2026-08-29,2026-08,Argentina Primera Division,Atlético Huracán vs Estudiantes de Río Cuarto,False,OVER,VALUABLE,-1.0,-,NO_BET,,2026-09-06T12:11:27Z,1.0.0
2026-08-29,2026-08,Brazil Serie A,Atletico Mineiro vs Vitoria,True,OVER,VALUABLE,1.04,-,NO_BET,,2026-09-06T12:11:27Z,1.0.0
2026-08-29,2026-08,Mexico Liga MX,Atlas vs Querétaro,True,UNDER,AVOID,,-,NO_BET,,2026-09-06T12:11:27Z,1.0.0
2026-08-29,2026-08,USA MLS,Atlanta United FC vs Charlotte FC,False,UNDER,VALUABLE,1.35,-,NO_BET,,2026-09-06T12:11:27Z,1.0.0
2026-08-29,2026-08,USA MLS,Inter Miami CF vs CF Montreal,True,UNDER,MARKSMAN,-1.0,-,NO_BET,,2026-09-06T12:11:27Z,1.0.0
2026-08-29,2026-08,USA MLS,D.C. United vs Los Angeles FC,False,UNDER,VALUABLE,1.2,-,NO_BET,,2026-09-06T12:11:27Z,1.0.0
2026-08-29,2026-08,USA MLS,Toronto FC vs New York City FC,,UNDER,AVOID,,-,NO_BET,,2026-09-06T12:11:27Z,1.0.0
2026-08-29,2026-08,USA MLS,New York Red Bulls vs Philadelphia Union,True,OVER,AVOID,,-,NO_BET,,2026-09-06T12:11:27Z,1.0.0
2026-08-29,2026-08,Brazil Serie A,Sao Paulo vs Bragantino-SP,,OVER,AVOID,,-,NO_BET,,2026-09-06T12:11:27Z,1.0.0
2026-08-29,2026-08,Mexico Liga MX,Pachuca vs Guadalajara,,UNDER,AVOID,,-,NO_BET,,2026-09-06T12:11:27Z,1.0.0
2026-08-30,2026-08,Norway Eliteserien,Tromso vs Sarpsborg FK,,UNDER,AVOID,,-,NO_BET,,2026-09-06T12:11:27Z,1.0.0
2026-08-30,2026-08,Norway Eliteserien,Lillestrom vs Fredrikstad FK,True,UNDER,AVOID,,-,NO_BET,,2026-09-06T12:11:27Z,1.0.0
2026-08-30,2026-08,Ireland Premier Division,Derry City vs Shamrock Rovers,,UNDER,AVOID,,-,NO_BET,,2026-09-06T12:11:27Z,1.0.0
2026-08-30,2026-08,Argentina Primera Division,Atlético Tucuman vs Belgrano de Cordoba,False,OVER,VALUABLE,-1.0,-,NO_BET,,2026-09-06T12:11:27Z,1.0.0
2026-08-30,2026-08,Argentina Primera Division,Talleres vs Central Córdoba,,OVER,AVOID,,-,NO_BET,,2026-09-06T12:11:27Z,1.0.0
2026-08-30,2026-08,Norway Eliteserien,Sandefjord vs SK Brann,False,UNDER,AVOID,,-,NO_BET,,2026-09-06T12:11:27Z,1.0.0
2026-08-30,2026-08,Norway Eliteserien,IK Start vs KFUM,,OVER,AVOID,,-,NO_BET,,2026-09-06T12:11:27Z,1.0.0
2026-08-30,2026-08,Austrian Bundesliga,Hartberg vs Ried,True,OVER,VALUABLE,0.94,-,NO_BET,,2026-09-06T12:11:27Z,1.0.0
2026-08-30,2026-08,Austrian Bundesliga,Rapid Wien vs Sturm Graz,True,UNDER,VALUABLE,-1.0,-,NO_BET,,2026-09-06T12:11:27Z,1.0.0
2026-08-30,2026-08,Austrian Bundesliga,RB Salzburg vs Austria Wien,True,UNDER,MARKSMAN,-1.0,-,NO_BET,,2026-09-06T12:11:27Z,1.0.0
2026-08-30,2026-08,Sweden Allsvenskan,AIK vs Hammarby IF,True,UNDER,VALUABLE,-1.0,-,NO_BET,,2026-09-06T12:11:27Z,1.0.0
2026-08-30,2026-08,Sweden Allsvenskan,IFK Goteborg vs Örgryte IS,False,UNDER,VALUABLE,1.48,-,NO_BET,,2026-09-06T12:11:27Z,1.0.0
2026-08-30,2026-08,Norway Eliteserien,Bodø/Glimt vs Rosenborg,True,UNDER,MARKSMAN,-1.0,-,NO_BET,,2026-09-06T12:11:27Z,1.0.0
2026-08-30,2026-08,Norway Eliteserien,Viking FK vs Aalesund,True,UNDER,MARKSMAN,-1.0,-,NO_BET,,2026-09-06T12:11:27Z,1.0.0
2026-08-30,2026-08,Norway Eliteserien,HamKam vs Kristiansund BK,,OVER,AVOID,,-,NO_BET,,2026-09-06T12:11:27Z,1.0.0
2026-08-30,2026-08,Norway Eliteserien,Vålerenga vs Molde,True,UNDER,VALUABLE,-1.0,-,NO_BET,,2026-09-06T12:11:27Z,1.0.0
2026-08-30,2026-08,Mexico Liga MX,América vs Puebla,,OVER,AVOID,,-,NO_BET,,2026-09-06T12:11:27Z,1.0.0
2026-08-30,2026-08,Mexico Liga MX,Santos Laguna vs Tigres,False,UNDER,VALUABLE,1.16,-,NO_BET,,2026-09-06T12:11:27Z,1.0.0
2026-08-30,2026-08,USA MLS,Nashville SC vs FC Cincinnati,True,UNDER,AVOID,,-,NO_BET,,2026-09-06T12:11:27Z,1.0.0
2026-08-30,2026-08,USA MLS,Minnesota United FC vs Orlando City SC,True,UNDER,AVOID,,-,NO_BET,,2026-09-06T12:11:27Z,1.0.0
2026-08-30,2026-08,USA MLS,Sporting Kansas City vs Vancouver Whitecaps FC,True,UNDER,VALUABLE,-1.0,-,NO_BET,,2026-09-06T12:11:27Z,1.0.0
2026-08-30,2026-08,USA MLS,Colorado Rapids vs Real Salt Lake,,UNDER,AVOID,,-,NO_BET,,2026-09-06T12:11:27Z,1.0.0
2026-08-30,2026-08,USA MLS,Portland Timbers vs Austin FC,,OVER,AVOID,,-,NO_BET,,2026-09-06T12:11:27Z,1.0.0
2026-08-30,2026-08,USA MLS,San Diego FC vs LA Galaxy,True,UNDER,MARKSMAN,-1.0,-,NO_BET,,2026-09-06T12:11:27Z,1.0.0
2026-08-30,2026-08,Denmark Superliga,FC Nordsjaelland vs Brondby IF,True,UNDER,AVOID,,-,NO_BET,,2026-09-06T12:11:27Z,1.0.0
2026-08-30,2026-08,USA MLS,Houston Dynamo vs San Jose Earthquakes,False,UNDER,VALUABLE,1.62,-,NO_BET,,2026-09-06T12:11:27Z,1.0.0
2026-08-30,2026-08,Brazil Serie A,Vasco da Gama vs Cruzeiro,,OVER,AVOID,,-,NO_BET,,2026-09-06T12:11:27Z,1.0.0
2026-08-30,2026-08,Brazil Serie A,Atletico Paranaense vs Fluminense,True,OVER,AVOID,,-,NO_BET,,2026-09-06T12:11:27Z,1.0.0
2026-08-30,2026-08,Denmark Superliga,Randers FC vs AGF Aarhus,True,UNDER,MARKSMAN,-1.0,-,NO_BET,,2026-09-06T12:11:27Z,1.0.0
2026-08-30,2026-08,Bundesliga 2,1. FC Magdeburg vs Holstein Kiel,False,UNDER,VALUABLE,1.3,-,NO_BET,,2026-09-06T12:11:27Z,1.0.0
2026-08-30,2026-08,Denmark Superliga,Silkeborg IF vs FC Midtjylland,False,UNDER,VALUABLE,1.58,-,NO_BET,,2026-09-06T12:11:27Z,1.0.0
2026-08-30,2026-08,League One,Wimbledon vs Wigan Athletic,,OVER,AVOID,,-,NO_BET,,2026-09-06T12:11:27Z,1.0.0
2026-08-30,2026-08,League One,Mansfield Town vs Luton,True,UNDER,VALUABLE,-1.0,-,NO_BET,,2026-09-06T12:11:27Z,1.0.0
2026-08-30,2026-08,Denmark Superliga,Lyngby vs OB Odense BK,False,UNDER,VALUABLE,1.38,-,NO_BET,,2026-09-06T12:11:27Z,1.0.0
2026-08-30,2026-08,Bundesliga 2,FC St. Pauli vs 1. FC Kaiserslautern,True,UNDER,AVOID,,-,NO_BET,,2026-09-06T12:11:27Z,1.0.0
2026-08-30,2026-08,Bundesliga 2,SV Darmstadt 98 vs Hannover 96,False,UNDER,VALUABLE,1.38,-,NO_BET,,2026-09-06T12:11:27Z,1.0.0
2026-08-30,2026-08,La Liga 2,Andorra CF vs SD Eibar,,OVER,AVOID,,-,NO_BET,,2026-09-06T12:11:27Z,1.0.0
2026-08-30,2026-08,La Liga 2,Cádiz CF vs Real Valladolid CF,False,OVER,MARKSMAN,-1.0,-,NO_BET,,2026-09-06T12:11:27Z,1.0.0
2026-08-30,2026-08,Serie B,Arezzo vs Palermo,True,OVER,MARKSMAN,1.25,-,NO_BET,,2026-09-06T12:11:27Z,1.0.0
2026-08-30,2026-08,Serie B,Mantova vs Empoli,,OVER,AVOID,,-,NO_BET,,2026-09-06T12:11:27Z,1.0.0
2026-08-30,2026-08,La Liga 2,Mallorca vs AD Ceuta FC,True,UNDER,VALUABLE,-1.0,-,NO_BET,,2026-09-06T12:11:27Z,1.0.0
2026-08-30,2026-08,Brazil Serie A,Flamengo vs Botafogo,True,UNDER,VALUABLE,-1.0,-,NO_BET,,2026-09-06T12:11:27Z,1.0.0
2026-08-30,2026-08,Brazil Serie A,Corinthians vs Santos,,OVER,AVOID,,-,NO_BET,,2026-09-06T12:11:27Z,1.0.0
2026-08-30,2026-08,Argentina Primera Division,Argentinos Juniors vs Aldosivi Mar del Plata,,UNDER,AVOID,,-,NO_BET,,2026-09-06T12:11:27Z,1.0.0
2026-08-30,2026-08,Argentina Primera Division,Banfield vs River Plate,,UNDER,AVOID,,-,NO_BET,,2026-09-06T12:11:27Z,1.0.0
2026-08-30,2026-08,La Liga 2,Córdoba vs Granada CF,True,UNDER,VALUABLE,-1.0,-,NO_BET,,2026-09-06T12:11:27Z,1.0.0
2026-08-30,2026-08,Serie B,Benevento vs Südtirol,,OVER,AVOID,,-,NO_BET,,2026-09-06T12:11:27Z,1.0.0
2026-08-30,2026-08,Serie B,Pisa vs US Catanzaro 1929,True,OVER,AVOID,,-,NO_BET,,2026-09-06T12:11:27Z,1.0.0
2026-08-30,2026-08,Brazil Serie A,Grêmio vs Chapecoense,,UNDER,AVOID,,-,NO_BET,,2026-09-06T12:11:27Z,1.0.0
2026-08-30,2026-08,Brazil Serie A,Mirassol vs Palmeiras,False,OVER,AVOID,,-,NO_BET,,2026-09-06T12:11:27Z,1.0.0
2026-08-30,2026-08,Brazil Serie A,Bahia vs Internacional,True,OVER,AVOID,,-,NO_BET,,2026-09-06T12:11:27Z,1.0.0
2026-08-30,2026-08,USA MLS,Columbus Crew SC vs New England Revolution,,OVER,AVOID,,-,NO_BET,,2026-09-06T12:11:27Z,1.0.0
2026-08-30,2026-08,Argentina Primera Division,Independiente vs Gimnasia Mendoza,,OVER,AVOID,,-,NO_BET,,2026-09-06T12:11:27Z,1.0.0
2026-08-31,2026-08,Argentina Primera Division,Defensa y Justicia vs Platense,False,OVER,AVOID,,-,NO_BET,,2026-09-06T12:11:27Z,1.0.0
2026-08-31,2026-08,Argentina Primera Division,Independiente Rivadavia vs Racing Club,,OVER,AVOID,,-,NO_BET,,2026-09-06T12:11:27Z,1.0.0
2026-08-30,2026-08,USA MLS,St. Louis City SC vs FC Dallas,,UNDER,AVOID,,-,NO_BET,,2026-09-06T12:11:27Z,1.0.0
2026-08-31,2026-08,Mexico Liga MX,Toluca vs FC Juárez,True,UNDER,VALUABLE,-1.0,-,NO_BET,,2026-09-06T12:11:27Z,1.0.0
2026-08-31,2026-08,Mexico Liga MX,Monterrey vs Atlético San Luis,,UNDER,AVOID,,-,NO_BET,,2026-09-06T12:11:27Z,1.0.0
2026-08-31,2026-08,Finland Veikkausliiga,VPS Vaasa vs FC Lahti,False,UNDER,AVOID,,-,NO_BET,,2026-09-06T12:11:27Z,1.0.0
2026-08-31,2026-08,Finland Veikkausliiga,Ilves Tampere vs HJK Helsinki,,UNDER,AVOID,,-,NO_BET,,2026-09-06T12:11:27Z,1.0.0
2026-08-31,2026-08,Finland Veikkausliiga,IF Gnistan vs TPS Turku,False,UNDER,AVOID,,-,NO_BET,,2026-09-06T12:11:27Z,1.0.0
2026-08-31,2026-08,Finland Veikkausliiga,IFK Mariehamn vs Jaro,,OVER,AVOID,,-,NO_BET,,2026-09-06T12:11:27Z,1.0.0
2026-08-31,2026-08,Argentina Primera Division,Estudiantes vs Newells Old Boys,,OVER,AVOID,,-,NO_BET,,2026-09-06T12:11:27Z,1.0.0
2026-09-01,2026-09,Argentina Primera Division,CA Tigre BA vs Barracas Central,False,OVER,VALUABLE,-1.0,-,NO_BET,,2026-09-06T12:11:27Z,1.0.0
2026-09-01,2026-09,Argentina Primera Division,Instituto de Córdoba vs San Lorenzo,False,OVER,VALUABLE,-1.0,-,NO_BET,,2026-09-06T12:11:27Z,1.0.0
2026-08-31,2026-08,Finland Veikkausliiga,FC Inter Turku vs KuPS Kuopio,False,OVER,MARKSMAN,-1.0,-,NO_BET,,2026-09-06T12:11:27Z,1.0.0
2026-08-31,2026-08,Brazil Serie A,Remo vs Coritiba,True,OVER,VALUABLE,1.25,-,NO_BET,,2026-09-06T12:11:27Z,1.0.0
2026-08-31,2026-08,Finland Veikkausliiga,AC Oulu vs SJK Seinäjoki,False,UNDER,AVOID,,-,NO_BET,,2026-09-06T12:11:27Z,1.0.0
2026-08-31,2026-08,Sweden Allsvenskan,Djurgardens IF vs Mjällby AIF,,UNDER,AVOID,,-,NO_BET,,2026-09-06T12:11:27Z,1.0.0
2026-08-31,2026-08,Sweden Allsvenskan,GAIS vs IF Brommapojkarna,,OVER,AVOID,,-,NO_BET,,2026-09-06T12:11:27Z,1.0.0
2026-08-31,2026-08,Sweden Allsvenskan,IK Sirius vs Malmo FF,False,UNDER,VALUABLE,1.75,-,NO_BET,,2026-09-06T12:11:27Z,1.0.0
2026-08-31,2026-08,Denmark Superliga,FC Copenhagen vs SonderjyskE,,OVER,AVOID,,-,NO_BET,,2026-09-06T12:11:27Z,1.0.0
2026-08-31,2026-08,Ligue 2,Dijon vs Saint Etienne,,OVER,AVOID,,-,NO_BET,,2026-09-06T12:11:27Z,1.0.0
2026-08-31,2026-08,La Liga 2,Burgos CF vs Real Sociedad B,,UNDER,AVOID,,-,NO_BET,,2026-09-06T12:11:27Z,1.0.0
2026-08-31,2026-08,La Liga 2,Celta Fortuna vs CD Castellón,True,UNDER,MARKSMAN,-1.0,-,NO_BET,,2026-09-06T12:11:27Z,1.0.0
2026-09-06,2026-09,Argentina Primera Division,Estudiantes de Río Cuarto vs Sarmiento de Junin,,OVER,MARKSMAN,,-,NO_BET,,2026-09-06T12:11:27Z,1.0.0
2026-09-01,2026-09,Austrian Bundesliga,Wolfsberger AC vs LASK,True,UNDER,MARKSMAN,-1.0,-,NO_BET,,2026-09-06T12:11:27Z,1.0.0
2026-09-01,2026-09,League One,Huddersfield Town vs Oxford United,,UNDER,AVOID,,-,NO_BET,,2026-09-06T12:11:27Z,1.0.0
2026-09-01,2026-09,League One,Leicester City vs Plymouth Argyle,False,UNDER,VALUABLE,1.19,-,NO_BET,,2026-09-06T12:11:27Z,1.0.0
2026-09-01,2026-09,League One,Peterborough United vs Stevenage,,OVER,AVOID,,-,NO_BET,,2026-09-06T12:11:27Z,1.0.0
2026-09-01,2026-09,League One,Wycombe Wanderers vs Sheffield Wednesday,,UNDER,AVOID,,-,NO_BET,,2026-09-06T12:11:27Z,1.0.0
2026-09-01,2026-09,League Two,Accrington Stanley vs Grimsby Town,,UNDER,AVOID,,-,NO_BET,,2026-09-06T12:11:27Z,1.0.0
2026-09-01,2026-09,League Two,Exeter City vs Barnet,,UNDER,AVOID,,-,NO_BET,,2026-09-06T12:11:27Z,1.0.0
2026-09-01,2026-09,League One,Doncaster Rovers vs Notts County,,OVER,AVOID,,-,NO_BET,,2026-09-06T12:11:27Z,1.0.0
2026-09-01,2026-09,League Two,Bristol Rovers vs Colchester United,,UNDER,AVOID,,-,NO_BET,,2026-09-06T12:11:27Z,1.0.0
2026-09-01,2026-09,League One,Bromley FC vs Leyton Orient,,OVER,AVOID,,-,NO_BET,,2026-09-06T12:11:27Z,1.0.0
2026-09-01,2026-09,Championship,Lincoln City vs Blackburn Rovers,,OVER,AVOID,,-,NO_BET,,2026-09-06T12:11:27Z,1.0.0
2026-09-01,2026-09,Championship,Sheffield United vs Bolton Wanderers,True,UNDER,AVOID,,-,NO_BET,,2026-09-06T12:11:27Z,1.0.0
2026-09-01,2026-09,Championship,Preston North End vs Bristol City,,UNDER,AVOID,,-,NO_BET,,2026-09-06T12:11:27Z,1.0.0
2026-09-01,2026-09,Championship,Portsmouth vs Derby County,,UNDER,AVOID,,-,NO_BET,,2026-09-06T12:11:27Z,1.0.0
2026-09-01,2026-09,Championship,Swansea City vs Watford,,OVER,AVOID,,-,NO_BET,,2026-09-06T12:11:27Z,1.0.0
2026-09-01,2026-09,Championship,Birmingham City vs Southampton,,UNDER,AVOID,,-,NO_BET,,2026-09-06T12:11:27Z,1.0.0
2026-09-01,2026-09,Championship,Stoke City vs Norwich City,,UNDER,AVOID,,-,NO_BET,,2026-09-06T12:11:27Z,1.0.0
2026-09-01,2026-09,League One,Bradford City vs Cambridge United,True,OVER,VALUABLE,1.09,-,NO_BET,,2026-09-06T12:11:27Z,1.0.0
2026-09-01,2026-09,League Two,Cheltenham Town vs York City,,UNDER,AVOID,,-,NO_BET,,2026-09-06T12:11:27Z,1.0.0
2026-09-01,2026-09,Championship,West Ham United vs Wolverhampton Wanderers,,UNDER,AVOID,,-,NO_BET,,2026-09-06T12:11:27Z,1.0.0
2026-09-01,2026-09,League Two,Northampton Town vs Crawley Town,,UNDER,AVOID,,-,NO_BET,,2026-09-06T12:11:27Z,1.0.0
2026-09-01,2026-09,League Two,Chesterfield FC vs Gillingham,,OVER,AVOID,,-,NO_BET,,2026-09-06T12:11:27Z,1.0.0
2026-09-01,2026-09,League Two,Fleetwood Town vs Oldham Athletic,,UNDER,AVOID,,-,NO_BET,,2026-09-06T12:11:27Z,1.0.0
2026-09-01,2026-09,League Two,Salford City vs Newport County,True,UNDER,VALUABLE,-1.0,-,NO_BET,,2026-09-06T12:11:27Z,1.0.0
2026-09-01,2026-09,League Two,Rochdale vs Shrewsbury Town,,UNDER,AVOID,,-,NO_BET,,2026-09-06T12:11:27Z,1.0.0
2026-09-01,2026-09,League Two,Tranmere Rovers vs Rotherham United,,OVER,AVOID,,-,NO_BET,,2026-09-06T12:11:27Z,1.0.0
2026-09-01,2026-09,League Two,Swindon Town vs Port Vale,,UNDER,AVOID,,-,NO_BET,,2026-09-06T12:11:27Z,1.0.0
2026-09-01,2026-09,League Two,Crewe Alexandra vs Walsall,,UNDER,AVOID,,-,NO_BET,,2026-09-06T12:11:27Z,1.0.0
2026-09-02,2026-09,Japan J-League,Cerezo Osaka vs Kashiwa Reysol,False,UNDER,AVOID,,-,NO_BET,,2026-09-06T12:11:27Z,1.0.0
2026-09-02,2026-09,Japan J-League,Avispa Fukuoka vs Urawa Red Diamonds,True,OVER,MARKSMAN,1.35,-,NO_BET,,2026-09-06T12:11:27Z,1.0.0
2026-09-02,2026-09,Japan J-League,FC Machida Zelvia vs Kawasaki Frontale,,OVER,AVOID,,-,NO_BET,,2026-09-06T12:11:27Z,1.0.0
2026-09-02,2026-09,Japan J-League,Shimizu S Pulse vs FC Tokyo,,OVER,AVOID,,-,NO_BET,,2026-09-06T12:11:27Z,1.0.0
2026-09-02,2026-09,Japan J-League,V-Varen Nagasaki vs Gamba Osaka,,UNDER,AVOID,,-,NO_BET,,2026-09-06T12:11:27Z,1.0.0
2026-09-02,2026-09,Japan J-League,Hiroshima Sanfrecce FC vs Nagoya Grampus,True,UNDER,VALUABLE,-1.0,-,NO_BET,,2026-09-06T12:11:27Z,1.0.0
2026-09-02,2026-09,Japan J-League,Mito HollyHock vs Kashima Antlers,True,OVER,VALUABLE,1.14,-,NO_BET,,2026-09-06T12:11:27Z,1.0.0
2026-09-02,2026-09,Japan J-League,Yokohama F Marinos vs Kyoto Purple Sanga,,OVER,AVOID,,-,NO_BET,,2026-09-06T12:11:27Z,1.0.0
2026-09-02,2026-09,Japan J-League,Tokyo Verdy vs Vissel Kobe,False,OVER,VALUABLE,-1.0,-,NO_BET,,2026-09-06T12:11:27Z,1.0.0
2026-09-02,2026-09,Japan J-League,JEF United Chiba vs Fagiano Okayama,,OVER,AVOID,,-,NO_BET,,2026-09-06T12:11:27Z,1.0.0
2026-09-02,2026-09,Austrian Bundesliga,Austria Wien vs WSG Tirol,,UNDER,AVOID,,-,NO_BET,,2026-09-06T12:11:27Z,1.0.0
2026-09-02,2026-09,Austrian Bundesliga,RB Salzburg vs Rapid Wien,True,UNDER,VALUABLE,-1.0,-,NO_BET,,2026-09-06T12:11:27Z,1.0.0
2026-09-02,2026-09,League One,Reading vs Mansfield Town,True,UNDER,VALUABLE,-1.0,-,NO_BET,,2026-09-06T12:11:27Z,1.0.0
2026-09-02,2026-09,Championship,Queens Park Rangers vs Cardiff City,True,UNDER,MARKSMAN,-1.0,-,NO_BET,,2026-09-06T12:11:27Z,1.0.0
2026-09-02,2026-09,Championship,Millwall vs Wrexham AFC,,OVER,AVOID,,-,NO_BET,,2026-09-06T12:11:27Z,1.0.0
2026-09-02,2026-09,Championship,Burnley vs Middlesbrough,False,UNDER,MARKSMAN,1.29,-,NO_BET,,2026-09-06T12:11:27Z,1.0.0
2026-09-02,2026-09,League One,Barnsley vs Blackpool,True,UNDER,AVOID,,-,NO_BET,,2026-09-06T12:11:27Z,1.0.0
2026-09-02,2026-09,League One,Burton Albion vs Wimbledon,,OVER,AVOID,,-,NO_BET,,2026-09-06T12:11:27Z,1.0.0
2026-09-02,2026-09,League One,Luton vs Stockport County FC,False,UNDER,MARKSMAN,1.38,-,NO_BET,,2026-09-06T12:11:27Z,1.0.0
2026-09-02,2026-09,League One,Wigan Athletic vs Milton Keynes Dons,True,UNDER,VALUABLE,-1.0,-,NO_BET,,2026-09-06T12:11:27Z,1.0.0
2026-09-02,2026-09,Championship,West Bromwich Albion vs Charlton Athletic,,UNDER,AVOID,,-,NO_BET,,2026-09-06T12:11:27Z,1.0.0
2026-09-02,2026-09,Denmark Superliga,AGF Aarhus vs FC Midtjylland,False,UNDER,VALUABLE,1.33,-,NO_BET,,2026-09-06T12:11:27Z,1.0.0
2026-09-02,2026-09,Brazil Serie A,Flamengo vs Mirassol,False,UNDER,MARKSMAN,1.5,-,NO_BET,,2026-09-06T12:11:27Z,1.0.0
2026-09-03,2026-09,Sweden Allsvenskan,Mjällby AIF vs Djurgardens IF,False,UNDER,VALUABLE,1.3,-,NO_BET,,2026-09-06T12:11:27Z,1.0.0
2026-09-03,2026-09,Denmark Superliga,FC Copenhagen vs FC Nordsjaelland,False,UNDER,VALUABLE,1.75,-,NO_BET,,2026-09-06T12:11:27Z,1.0.0
2026-09-05,2026-09,Mexico Liga MX,Puebla vs Toluca,,UNDER,AVOID,,-,NO_BET,,2026-09-06T12:11:27Z,1.0.0
2026-09-06,2026-09,Mexico Liga MX,América vs Tijuana,,OVER,AVOID,,-,NO_BET,,2026-09-06T12:11:27Z,1.0.0
2026-09-06,2026-09,Mexico Liga MX,Pumas vs León,,OVER,AVOID,,-,NO_BET,,2026-09-06T12:11:27Z,1.0.0
2026-09-07,2026-09,Mexico Liga MX,Cruz Azul vs Santos Laguna,,UNDER,VALUABLE,,-,NO_BET,,2026-09-06T12:11:27Z,1.0.0
2026-09-04,2026-09,Bundesliga 2,Arminia Bielefeld vs FC St. Pauli,True,UNDER,VALUABLE,-1.0,-,NO_BET,,2026-09-06T12:11:27Z,1.0.0
2026-09-04,2026-09,Bundesliga 2,Hannover 96 vs Karlsruher SC,True,UNDER,MARKSMAN,-1.0,-,NO_BET,,2026-09-06T12:11:27Z,1.0.0
2026-09-04,2026-09,Norway Eliteserien,Aalesund vs IK Start,,OVER,AVOID,,-,NO_BET,,2026-09-06T12:11:27Z,1.0.0
2026-09-04,2026-09,Norway Eliteserien,Fredrikstad FK vs Bodø/Glimt,True,UNDER,MARKSMAN,-1.0,-,NO_BET,,2026-09-06T12:11:27Z,1.0.0
2026-09-04,2026-09,Norway Eliteserien,Sandefjord vs Viking FK,False,UNDER,VALUABLE,1.75,-,NO_BET,,2026-09-06T12:11:27Z,1.0.0
2026-09-04,2026-09,Ireland Premier Division,Shamrock Rovers vs Shelbourne Dublin,,OVER,AVOID,,-,NO_BET,,2026-09-06T12:11:27Z,1.0.0
2026-09-04,2026-09,Denmark Superliga,Viborg FF vs Lyngby,,UNDER,AVOID,,-,NO_BET,,2026-09-06T12:11:27Z,1.0.0
2026-09-04,2026-09,Ligue 2,Grenoble vs Annecy FC,True,OVER,VALUABLE,1.35,-,NO_BET,,2026-09-06T12:11:27Z,1.0.0
2026-09-04,2026-09,Ligue 2,Boulogne vs Dijon,False,OVER,VALUABLE,-1.0,-,NO_BET,,2026-09-06T12:11:27Z,1.0.0
2026-09-04,2026-09,Ligue 2,USL Dunkerque vs Clermont,False,UNDER,AVOID,,-,NO_BET,,2026-09-06T12:11:27Z,1.0.0
2026-09-04,2026-09,Ligue 2,Stade Lavallois vs Red Star,,OVER,AVOID,,-,NO_BET,,2026-09-06T12:11:27Z,1.0.0
2026-09-04,2026-09,Ligue 2,Pau FC vs Sochaux,,OVER,AVOID,,-,NO_BET,,2026-09-06T12:11:27Z,1.0.0
2026-09-04,2026-09,La Liga 2,Las Palmas vs Leganés,False,UNDER,AVOID,,-,NO_BET,,2026-09-06T12:11:27Z,1.0.0
2026-09-04,2026-09,Argentina Primera Division,Estudiantes de Río Cuarto vs Sarmiento de Junin,False,OVER,MARKSMAN,-1.0,-,NO_BET,,2026-09-06T12:11:27Z,1.0.0
2026-09-04,2026-09,Argentina Primera Division,Belgrano de Cordoba vs Atlético Huracán,False,OVER,VALUABLE,-1.0,-,NO_BET,,2026-09-06T12:11:27Z,1.0.0
2026-09-04,2026-09,Argentina Primera Division,Platense vs Deportivo Riestra,False,OVER,VALUABLE,-1.0,-,NO_BET,,2026-09-06T12:11:27Z,1.0.0
2026-09-04,2026-09,USA MLS,New York City FC vs Nashville SC,,UNDER,AVOID,,-,NO_BET,,2026-09-06T12:11:27Z,1.0.0
2026-09-05,2026-09,Japan J-League,Avispa Fukuoka vs Mito HollyHock,False,OVER,VALUABLE,-1.0,-,NO_BET,,2026-09-06T12:11:27Z,1.0.0
2026-09-05,2026-09,Mexico Liga MX,FC Juárez vs Pachuca,False,UNDER,AVOID,,-,NO_BET,,2026-09-06T12:11:27Z,1.0.0
2026-09-05,2026-09,China Super League,Wuhan Three Towns vs Qingdao West Coast FC,True,OVER,VALUABLE,0.94,-,NO_BET,,2026-09-06T12:11:27Z,1.0.0
2026-09-05,2026-09,China Super League,Dalian Yingbo vs Qingdao Hainiu FC,,OVER,AVOID,,-,NO_BET,,2026-09-06T12:11:27Z,1.0.0
2026-09-05,2026-09,China Super League,Shanghai SIPG FC vs Beijing FC,False,UNDER,MARKSMAN,1.68,-,NO_BET,,2026-09-06T12:11:27Z,1.0.0
2026-09-05,2026-09,League Two,Fleetwood Town vs Shrewsbury Town,,OVER,AVOID,,-,NO_BET,,2026-09-06T12:11:27Z,1.0.0
2026-09-05,2026-09,League Two,Salford City vs Port Vale,,UNDER,AVOID,,-,NO_BET,,2026-09-06T12:11:27Z,1.0.0
2026-09-05,2026-09,League One,Wigan Athletic vs Stockport County FC,,UNDER,AVOID,,-,NO_BET,,2026-09-06T12:11:27Z,1.0.0
2026-09-05,2026-09,League One,Peterborough United vs Sheffield Wednesday,True,UNDER,MARKSMAN,-1.0,-,NO_BET,,2026-09-06T12:11:27Z,1.0.0
2026-09-05,2026-09,Championship,Preston North End vs Blackburn Rovers,,OVER,AVOID,,-,NO_BET,,2026-09-06T12:11:27Z,1.0.0
2026-09-05,2026-09,Championship,Stoke City vs Charlton Athletic,True,OVER,AVOID,,-,NO_BET,,2026-09-06T12:11:27Z,1.0.0
2026-09-05,2026-09,Championship,Lincoln City vs Southampton,,UNDER,AVOID,,-,NO_BET,,2026-09-06T12:11:27Z,1.0.0
2026-09-05,2026-09,Bundesliga 2,1. FC Kaiserslautern vs SV Darmstadt 98,True,UNDER,MARKSMAN,-1.0,-,NO_BET,,2026-09-06T12:11:27Z,1.0.0
2026-09-05,2026-09,Bundesliga 2,Holstein Kiel vs 1. FC Nürnberg,True,UNDER,VALUABLE,-1.0,-,NO_BET,,2026-09-06T12:11:27Z,1.0.0
2026-09-05,2026-09,Bundesliga 2,VfL Wolfsburg vs FC Energie Cottbus,True,UNDER,VALUABLE,-1.0,-,NO_BET,,2026-09-06T12:11:27Z,1.0.0
2026-09-05,2026-09,China Super League,Shandong Luneng Taishan FC vs Shenzhen Peng City FC,False,UNDER,AVOID,,-,NO_BET,,2026-09-06T12:11:27Z,1.0.0
2026-09-05,2026-09,Norway Eliteserien,Rosenborg vs HamKam,,UNDER,AVOID,,-,NO_BET,,2026-09-06T12:11:27Z,1.0.0
2026-09-05,2026-09,Sweden Allsvenskan,Degerfors IF vs Halmstads BK,,OVER,AVOID,,-,NO_BET,,2026-09-06T12:11:27Z,1.0.0
2026-09-05,2026-09,League One,Leicester City vs Oxford United,,UNDER,AVOID,,-,NO_BET,,2026-09-06T12:11:27Z,1.0.0
2026-09-05,2026-09,League One,Luton vs Leyton Orient,False,UNDER,VALUABLE,1.25,-,NO_BET,,2026-09-06T12:11:27Z,1.0.0
2026-09-05,2026-09,League One,Wycombe Wanderers vs Milton Keynes Dons,True,UNDER,AVOID,,-,NO_BET,,2026-09-06T12:11:27Z,1.0.0
2026-09-05,2026-09,League Two,Accrington Stanley vs Crawley Town,,UNDER,AVOID,,-,NO_BET,,2026-09-06T12:11:27Z,1.0.0
2026-09-05,2026-09,League Two,Chesterfield FC vs Barnet,,UNDER,AVOID,,-,NO_BET,,2026-09-06T12:11:27Z,1.0.0
2026-09-05,2026-09,League Two,Bristol Rovers vs Rotherham United,False,UNDER,VALUABLE,1.12,-,NO_BET,,2026-09-06T12:11:27Z,1.0.0
2026-09-05,2026-09,League Two,Cheltenham Town vs Grimsby Town,True,UNDER,VALUABLE,-1.0,-,NO_BET,,2026-09-06T12:11:27Z,1.0.0
2026-09-05,2026-09,League Two,Swindon Town vs Colchester United,,UNDER,AVOID,,-,NO_BET,,2026-09-06T12:11:27Z,1.0.0
2026-09-05,2026-09,League Two,Crewe Alexandra vs York City,,OVER,AVOID,,-,NO_BET,,2026-09-06T12:11:27Z,1.0.0
2026-09-05,2026-09,League Two,Exeter City vs Walsall,,UNDER,AVOID,,-,NO_BET,,2026-09-06T12:11:27Z,1.0.0
2026-09-05,2026-09,League Two,Rochdale vs Gillingham,,UNDER,AVOID,,-,NO_BET,,2026-09-06T12:11:27Z,1.0.0
2026-09-05,2026-09,League Two,Northampton Town vs Newport County,,OVER,AVOID,,-,NO_BET,,2026-09-06T12:11:27Z,1.0.0
2026-09-05,2026-09,League Two,Tranmere Rovers vs Oldham Athletic,,UNDER,AVOID,,-,NO_BET,,2026-09-06T12:11:27Z,1.0.0
2026-09-05,2026-09,League One,Huddersfield Town vs Notts County,,UNDER,AVOID,,-,NO_BET,,2026-09-06T12:11:27Z,1.0.0
2026-09-05,2026-09,League One,Doncaster Rovers vs Plymouth Argyle,,UNDER,AVOID,,-,NO_BET,,2026-09-06T12:11:27Z,1.0.0
2026-09-05,2026-09,League One,Burton Albion vs Cambridge United,,OVER,AVOID,,-,NO_BET,,2026-09-06T12:11:27Z,1.0.0
2026-09-05,2026-09,League One,Bradford City vs Mansfield Town,,UNDER,AVOID,,-,NO_BET,,2026-09-06T12:11:27Z,1.0.0
2026-09-05,2026-09,Championship,Millwall vs Bolton Wanderers,,OVER,AVOID,,-,NO_BET,,2026-09-06T12:11:27Z,1.0.0
2026-09-05,2026-09,Championship,Burnley vs Bristol City,,UNDER,AVOID,,-,NO_BET,,2026-09-06T12:11:27Z,1.0.0
2026-09-05,2026-09,Championship,Portsmouth vs Cardiff City,False,UNDER,MARKSMAN,1.12,-,NO_BET,,2026-09-06T12:11:27Z,1.0.0
2026-09-05,2026-09,Championship,West Ham United vs Derby County,True,UNDER,VALUABLE,-1.0,-,NO_BET,,2026-09-06T12:11:27Z,1.0.0
2026-09-05,2026-09,Championship,Queens Park Rangers vs Middlesbrough,,UNDER,AVOID,,-,NO_BET,,2026-09-06T12:11:27Z,1.0.0
2026-09-05,2026-09,Championship,West Bromwich Albion vs Watford,,UNDER,AVOID,,-,NO_BET,,2026-09-06T12:11:27Z,1.0.0
2026-09-05,2026-09,League One,Barnsley vs Stevenage,,UNDER,AVOID,,-,NO_BET,,2026-09-06T12:11:27Z,1.0.0
2026-09-05,2026-09,League One,Reading vs Blackpool,True,UNDER,VALUABLE,-1.0,-,NO_BET,,2026-09-06T12:11:27Z,1.0.0
2026-09-05,2026-09,Championship,Sheffield United vs Norwich City,True,UNDER,AVOID,,-,NO_BET,,2026-09-06T12:11:27Z,1.0.0
2026-09-05,2026-09,Sweden Allsvenskan,GAIS vs BK Hacken,False,UNDER,VALUABLE,1.35,-,NO_BET,,2026-09-06T12:11:27Z,1.0.0
2026-09-05,2026-09,Serie B,Südtirol vs US Catanzaro 1929,,OVER,AVOID,,-,NO_BET,,2026-09-06T12:11:27Z,1.0.0
2026-09-05,2026-09,Ligue 2,Stade de Reims vs Guingamp,True,UNDER,AVOID,,-,NO_BET,,2026-09-06T12:11:27Z,1.0.0
2026-09-05,2026-09,Ligue 2,Metz vs Rodez AF,,UNDER,AVOID,,-,NO_BET,,2026-09-06T12:11:27Z,1.0.0
2026-09-05,2026-09,La Liga 2,Real Sociedad B vs Tenerife,False,OVER,VALUABLE,-1.0,-,NO_BET,,2026-09-06T12:11:27Z,1.0.0
2026-09-05,2026-09,Brazil Serie A,Sao Paulo vs Atletico Mineiro,,OVER,AVOID,,-,NO_BET,,2026-09-06T12:11:27Z,1.0.0
2026-09-05,2026-09,Brazil Serie A,Bragantino-SP vs Bahia,True,UNDER,VALUABLE,-1.0,-,NO_BET,,2026-09-06T12:11:27Z,1.0.0
2026-09-05,2026-09,Argentina Primera Division,Aldosivi Mar del Plata vs Banfield,True,OVER,AVOID,,-,NO_BET,,2026-09-06T12:11:27Z,1.0.0
2026-09-05,2026-09,Argentina Primera Division,Gimnasia La Plata vs CA Tigre BA,True,OVER,VALUABLE,1.85,-,NO_BET,,2026-09-06T12:11:27Z,1.0.0
2026-09-05,2026-09,Argentina Primera Division,Gimnasia Mendoza vs Boca Juniors,,UNDER,AVOID,,-,NO_BET,,2026-09-06T12:11:27Z,1.0.0
2026-09-05,2026-09,Argentina Primera Division,San Lorenzo vs Talleres,False,OVER,AVOID,,-,NO_BET,,2026-09-06T12:11:27Z,1.0.0
2026-09-05,2026-09,USA MLS,FC Cincinnati vs D.C. United,,UNDER,SNIPER,,-,NO_BET,,2026-09-06T12:11:27Z,1.0.0
2026-09-05,2026-09,Mexico Liga MX,Querétaro vs Monterrey,,UNDER,AVOID,,-,NO_BET,,2026-09-06T12:11:27Z,1.0.0
2026-09-05,2026-09,USA MLS,Inter Miami CF vs Atlanta United FC,True,UNDER,MARKSMAN,-1.0,-,NO_BET,,2026-09-06T12:11:27Z,1.0.0
2026-09-05,2026-09,USA MLS,Philadelphia Union vs CF Montreal,False,UNDER,AVOID,,-,NO_BET,,2026-09-06T12:11:27Z,1.0.0
2026-09-05,2026-09,USA MLS,Charlotte FC vs Houston Dynamo,,UNDER,AVOID,,-,NO_BET,,2026-09-06T12:11:27Z,1.0.0
2026-09-05,2026-09,USA MLS,Toronto FC vs Chicago Fire,,OVER,AVOID,,-,NO_BET,,2026-09-06T12:11:27Z,1.0.0
2026-09-05,2026-09,USA MLS,Columbus Crew SC vs Colorado Rapids,,OVER,AVOID,,-,NO_BET,,2026-09-06T12:11:27Z,1.0.0
2026-09-05,2026-09,USA MLS,Orlando City SC vs San Diego FC,False,UNDER,MARKSMAN,2.0,-,NO_BET,,2026-09-06T12:11:27Z,1.0.0
2026-09-05,2026-09,Mexico Liga MX,Atlético San Luis vs Guadalajara,,UNDER,AVOID,,-,NO_BET,,2026-09-06T12:11:27Z,1.0.0
2026-09-05,2026-09,Bundesliga 2,Dynamo Dresden vs VfL Bochum,True,UNDER,AVOID,,-,NO_BET,,2026-09-06T12:11:27Z,1.0.0
2026-09-05,2026-09,Ligue 2,Saint Etienne vs Montpellier,,UNDER,AVOID,,-,NO_BET,,2026-09-06T12:11:27Z,1.0.0
2026-09-05,2026-09,Championship,Swansea City vs Wrexham AFC,,OVER,AVOID,,-,NO_BET,,2026-09-06T12:11:27Z,1.0.0
2026-09-05,2026-09,La Liga 2,Sporting Gijón vs Girona FC,,OVER,AVOID,,-,NO_BET,,2026-09-06T12:11:27Z,1.0.0
2026-09-05,2026-09,La Liga 2,Real Valladolid CF vs Andorra CF,False,UNDER,AVOID,,-,NO_BET,,2026-09-06T12:11:27Z,1.0.0
2026-09-05,2026-09,Sweden Allsvenskan,Västerås SK vs IK Sirius,False,UNDER,AVOID,,-,NO_BET,,2026-09-06T12:11:27Z,1.0.0
2026-09-05,2026-09,Norway Eliteserien,SK Brann vs Lillestrom,,UNDER,AVOID,,-,NO_BET,,2026-09-06T12:11:27Z,1.0.0
2026-09-05,2026-09,La Liga 2,AD Ceuta FC vs Celta Fortuna,,UNDER,AVOID,,-,NO_BET,,2026-09-06T12:11:27Z,1.0.0
2026-09-05,2026-09,Denmark Superliga,AGF Aarhus vs Silkeborg IF,True,UNDER,MARKSMAN,-1.0,-,NO_BET,,2026-09-06T12:11:27Z,1.0.0
2026-09-05,2026-09,La Liga 2,CD Eldense vs Mallorca,,OVER,AVOID,,-,NO_BET,,2026-09-06T12:11:27Z,1.0.0
2026-09-05,2026-09,Serie B,Ascoli vs Benevento,False,UNDER,VALUABLE,0.99,-,NO_BET,,2026-09-06T12:11:27Z,1.0.0
2026-09-05,2026-09,Serie B,Carrarese vs Empoli,False,OVER,AVOID,,-,NO_BET,,2026-09-06T12:11:27Z,1.0.0
2026-09-06,2026-09,Brazil Serie A,Fluminense vs Vasco da Gama,,OVER,VALUABLE,,-,NO_BET,,2026-09-06T12:11:27Z,1.0.0
2026-09-06,2026-09,Japan J-League,Nagoya Grampus vs FC Machida Zelvia,,OVER,AVOID,,-,NO_BET,,2026-09-06T12:11:27Z,1.0.0
2026-09-06,2026-09,Japan J-League,Fagiano Okayama vs Hiroshima Sanfrecce FC,,UNDER,AVOID,,-,NO_BET,,2026-09-06T12:11:27Z,1.0.0
2026-09-06,2026-09,Japan J-League,JEF United Chiba vs Gamba Osaka,,UNDER,AVOID,,-,NO_BET,,2026-09-06T12:11:27Z,1.0.0
2026-09-06,2026-09,Japan J-League,Kashima Antlers vs Urawa Red Diamonds,,OVER,MARKSMAN,,-,NO_BET,,2026-09-06T12:11:27Z,1.0.0
2026-09-06,2026-09,Japan J-League,Cerezo Osaka vs Tokyo Verdy,,UNDER,AVOID,,-,NO_BET,,2026-09-06T12:11:27Z,1.0.0
2026-09-06,2026-09,Argentina Primera Division,Velez Sarsfield BA vs Estudiantes,,OVER,MARKSMAN,,-,NO_BET,,2026-09-06T12:11:27Z,1.0.0
2026-09-06,2026-09,Japan J-League,Kashiwa Reysol vs Yokohama F Marinos,,UNDER,AVOID,,-,NO_BET,,2026-09-06T12:11:27Z,1.0.0
2026-09-06,2026-09,USA MLS,Portland Timbers vs Minnesota United FC,,OVER,AVOID,,-,NO_BET,,2026-09-06T12:11:27Z,1.0.0
2026-09-06,2026-09,Japan J-League,Vissel Kobe vs V-Varen Nagasaki,,OVER,AVOID,,-,NO_BET,,2026-09-06T12:11:27Z,1.0.0
2026-09-06,2026-09,USA MLS,Vancouver Whitecaps FC vs St. Louis City SC,,UNDER,VALUABLE,,-,NO_BET,,2026-09-06T12:11:27Z,1.0.0
2026-09-06,2026-09,USA MLS,Real Salt Lake vs Los Angeles FC,,UNDER,AVOID,,-,NO_BET,,2026-09-06T12:11:27Z,1.0.0
2026-09-06,2026-09,USA MLS,LA Galaxy vs New England Revolution,,UNDER,MARKSMAN,,-,NO_BET,,2026-09-06T12:11:27Z,1.0.0
2026-09-06,2026-09,Japan J-League,FC Tokyo vs Kyoto Purple Sanga,,OVER,AVOID,,-,NO_BET,,2026-09-06T12:11:27Z,1.0.0
2026-09-06,2026-09,Mexico Liga MX,Tigres vs Necaxa,,UNDER,AVOID,,-,NO_BET,,2026-09-06T12:11:27Z,1.0.0
2026-09-06,2026-09,Mexico Liga MX,Atlas vs Atlante FC,,OVER,AVOID,,-,NO_BET,,2026-09-06T12:11:27Z,1.0.0
2026-09-06,2026-09,Japan J-League,Kawasaki Frontale vs Shimizu S Pulse,,UNDER,AVOID,,-,NO_BET,,2026-09-06T12:11:27Z,1.0.0
2026-09-06,2026-09,China Super League,Henan FC vs Chengdu Rongcheng FC,,UNDER,AVOID,,-,NO_BET,,2026-09-06T12:11:27Z,1.0.0
2026-09-06,2026-09,China Super League,Yunnan Yukun vs Liaoning Tieren FC,,UNDER,AVOID,,-,NO_BET,,2026-09-06T12:11:27Z,1.0.0
2026-09-06,2026-09,China Super League,Tianjin Jinmen Tiger FC vs Zhejiang,,UNDER,AVOID,,-,NO_BET,,2026-09-06T12:11:27Z,1.0.0
2026-09-06,2026-09,USA MLS,Austin FC vs San Jose Earthquakes,,UNDER,AVOID,,-,NO_BET,,2026-09-06T12:11:27Z,1.0.0
2026-09-06,2026-09,USA MLS,FC Dallas vs Sporting Kansas City,,UNDER,AVOID,,-,NO_BET,,2026-09-06T12:11:27Z,1.0.0
2026-09-06,2026-09,USA MLS,Seattle Sounders FC vs New York Red Bulls,,UNDER,VALUABLE,,-,NO_BET,,2026-09-06T12:11:27Z,1.0.0
2026-09-06,2026-09,China Super League,Chongqing Tonglianglong FC vs Shanghai Shenhua FC,,OVER,AVOID,,-,NO_BET,,2026-09-06T12:11:27Z,1.0.0
2026-09-06,2026-09,Bundesliga 2,VfL Osnabrück vs Eintracht Braunschweig,,UNDER,AVOID,,-,NO_BET,,2026-09-06T12:11:27Z,1.0.0
2026-09-06,2026-09,Bundesliga 2,Hertha Berlin vs 1. FC Magdeburg,,UNDER,MARKSMAN,,-,NO_BET,,2026-09-06T12:11:27Z,1.0.0
2026-09-06,2026-09,Bundesliga 2,Greuther Fürth vs 1. FC Heidenheim,,UNDER,VALUABLE,,-,NO_BET,,2026-09-06T12:11:27Z,1.0.0
2026-09-06,2026-09,Championship,Birmingham City vs Wolverhampton Wanderers,,OVER,AVOID,,-,NO_BET,,2026-09-06T12:11:27Z,1.0.0
2026-09-06,2026-09,Sweden Allsvenskan,Örgryte IS vs Hammarby IF,,UNDER,SNIPER,,-,NO_BET,,2026-09-06T12:11:27Z,1.0.0
2026-09-06,2026-09,La Liga 2,SD Eibar vs Granada CF,,OVER,VALUABLE,,-,NO_BET,,2026-09-06T12:11:27Z,1.0.0
2026-09-06,2026-09,Denmark Superliga,SonderjyskE vs AC Horsens,,OVER,AVOID,,-,NO_BET,,2026-09-06T12:11:27Z,1.0.0
2026-09-12,2026-09,Argentina Primera Division,Estudiantes vs Platense,,OVER,AVOID,,-,NO_BET,,2026-09-06T12:11:27Z,1.0.0
2026-09-08,2026-09,Argentina Primera Division,Union Santa Fe vs Instituto de Córdoba,,OVER,AVOID,,-,NO_BET,,2026-09-06T12:11:27Z,1.0.0
2026-09-07,2026-09,Argentina Primera Division,Racing Club vs Atlético Tucuman,,OVER,AVOID,,-,NO_BET,,2026-09-06T12:11:27Z,1.0.0
2026-09-11,2026-09,Argentina Primera Division,Newells Old Boys vs Velez Sarsfield BA,,OVER,AVOID,,-,NO_BET,,2026-09-06T12:11:27Z,1.0.0
2026-09-11,2026-09,Argentina Primera Division,Defensa y Justicia vs Gimnasia Mendoza,,OVER,AVOID,,-,NO_BET,,2026-09-06T12:11:27Z,1.0.0
2026-09-12,2026-09,Argentina Primera Division,Boca Juniors vs Central Córdoba,,UNDER,MARKSMAN,,-,NO_BET,,2026-09-06T12:11:27Z,1.0.0
2026-09-12,2026-09,Argentina Primera Division,Independiente Rivadavia vs Aldosivi Mar del Plata,,OVER,AVOID,,-,NO_BET,,2026-09-06T12:11:27Z,1.0.0
2026-09-07,2026-09,Argentina Primera Division,Barracas Central vs Argentinos Juniors,,OVER,VALUABLE,,-,NO_BET,,2026-09-06T12:11:27Z,1.0.0
2026-09-06,2026-09,Brazil Serie A,Internacional vs Santos,,OVER,AVOID,,-,NO_BET,,2026-09-06T12:11:27Z,1.0.0
2026-09-12,2026-09,Argentina Primera Division,Talleres vs Union Santa Fe,,OVER,AVOID,,-,NO_BET,,2026-09-06T12:11:27Z,1.0.0
2026-09-06,2026-09,Brazil Serie A,Coritiba vs Mirassol,,OVER,AVOID,,-,NO_BET,,2026-09-06T12:11:27Z,1.0.0
2026-09-06,2026-09,Brazil Serie A,Cruzeiro vs Atletico Paranaense,,UNDER,AVOID,,-,NO_BET,,2026-09-06T12:11:27Z,1.0.0
2026-09-06,2026-09,Brazil Serie A,Remo vs Flamengo,,UNDER,AVOID,,-,NO_BET,,2026-09-06T12:11:27Z,1.0.0
2026-09-06,2026-09,Brazil Serie A,Botafogo vs Palmeiras,,UNDER,AVOID,,-,NO_BET,,2026-09-06T12:11:27Z,1.0.0
2026-09-06,2026-09,Argentina Primera Division,River Plate vs Independiente Rivadavia,,OVER,AVOID,,-,NO_BET,,2026-09-06T12:11:27Z,1.0.0
2026-09-06,2026-09,Brazil Serie A,Corinthians vs Chapecoense,,UNDER,AVOID,,-,NO_BET,,2026-09-06T12:11:27Z,1.0.0
2026-09-12,2026-09,Argentina Primera Division,Atlético Tucuman vs River Plate,,OVER,AVOID,,-,NO_BET,,2026-09-06T12:11:27Z,1.0.0
2026-09-06,2026-09,Argentina Primera Division,Lanus vs Defensa y Justicia,,OVER,AVOID,,-,NO_BET,,2026-09-06T12:11:27Z,1.0.0
2026-09-08,2026-09,Finland Veikkausliiga,FC Lahti vs IFK Mariehamn,,OVER,AVOID,,-,NO_BET,,2026-09-06T12:11:27Z,1.0.0
2026-09-06,2026-09,Argentina Primera Division,Rosario Central vs Newells Old Boys,,OVER,AVOID,,-,NO_BET,,2026-09-06T12:11:27Z,1.0.0
2026-09-07,2026-09,Brazil Serie A,Vitoria vs Grêmio,,UNDER,AVOID,,-,NO_BET,,2026-09-06T12:11:27Z,1.0.0
2026-09-06,2026-09,Norway Eliteserien,Sarpsborg FK vs Vålerenga,,UNDER,AVOID,,-,NO_BET,,2026-09-06T12:11:27Z,1.0.0
2026-09-06,2026-09,Norway Eliteserien,Kristiansund BK vs Tromso,,OVER,AVOID,,-,NO_BET,,2026-09-06T12:11:27Z,1.0.0
2026-09-12,2026-09,Norway Eliteserien,Rosenborg vs Tromso,,OVER,AVOID,,-,NO_BET,,2026-09-06T12:11:27Z,1.0.0
2026-09-08,2026-09,Finland Veikkausliiga,VPS Vaasa vs AC Oulu,,OVER,AVOID,,-,NO_BET,,2026-09-06T12:11:27Z,1.0.0
2026-09-08,2026-09,Finland Veikkausliiga,Ilves Tampere vs Jaro,,OVER,AVOID,,-,NO_BET,,2026-09-06T12:11:27Z,1.0.0
2026-09-08,2026-09,Finland Veikkausliiga,TPS Turku vs SJK Seinäjoki,,UNDER,VALUABLE,,-,NO_BET,,2026-09-06T12:11:27Z,1.0.0
2026-09-08,2026-09,Finland Veikkausliiga,IF Gnistan vs KuPS Kuopio,,UNDER,AVOID,,-,NO_BET,,2026-09-06T12:11:27Z,1.0.0
2026-09-06,2026-09,Argentina Primera Division,Central Córdoba vs Independiente,,OVER,VALUABLE,,-,NO_BET,,2026-09-06T12:11:27Z,1.0.0
2026-09-09,2026-09,Finland Veikkausliiga,HJK Helsinki vs FC Inter Turku,,OVER,VALUABLE,,-,NO_BET,,2026-09-06T12:11:27Z,1.0.0
2026-09-12,2026-09,Finland Veikkausliiga,AC Oulu vs IF Gnistan,,UNDER,AVOID,,-,NO_BET,,2026-09-06T12:11:27Z,1.0.0
2026-09-12,2026-09,Finland Veikkausliiga,Ilves Tampere vs FC Lahti,,UNDER,AVOID,,-,NO_BET,,2026-09-06T12:11:27Z,1.0.0
2026-09-13,2026-09,Finland Veikkausliiga,KuPS Kuopio vs HJK Helsinki,,UNDER,AVOID,,-,NO_BET,,2026-09-06T12:11:27Z,1.0.0
2026-09-11,2026-09,Ireland Premier Division,Galway United vs Bohemians,,UNDER,VALUABLE,,-,NO_BET,,2026-09-06T12:11:27Z,1.0.0
2026-09-11,2026-09,Ireland Premier Division,Shelbourne Dublin vs Derry City,,OVER,AVOID,,-,NO_BET,,2026-09-06T12:11:27Z,1.0.0
2026-09-11,2026-09,Ireland Premier Division,Drogheda United vs Sligo Rovers,,OVER,AVOID,,-,NO_BET,,2026-09-06T12:11:27Z,1.0.0
2026-09-11,2026-09,Ireland Premier Division,Waterford FC vs Dundalk,,UNDER,VALUABLE,,-,NO_BET,,2026-09-06T12:11:27Z,1.0.0
2026-09-11,2026-09,Ireland Premier Division,St Patricks Athletic vs Shamrock Rovers,,OVER,AVOID,,-,NO_BET,,2026-09-06T12:11:27Z,1.0.0
2026-09-12,2026-09,Finland Veikkausliiga,IFK Mariehamn vs TPS Turku,,UNDER,VALUABLE,,-,NO_BET,,2026-09-06T12:11:27Z,1.0.0
2026-09-12,2026-09,Brazil Serie A,Coritiba vs Atletico Paranaense,,OVER,VALUABLE,,-,NO_BET,,2026-09-06T12:11:27Z,1.0.0
2026-09-10,2026-09,USA MLS,Minnesota United FC vs FC Dallas,,OVER,AVOID,,-,NO_BET,,2026-09-06T12:11:27Z,1.0.0
2026-09-12,2026-09,Brazil Serie A,Grêmio vs Vasco da Gama,,OVER,AVOID,,-,NO_BET,,2026-09-06T12:11:27Z,1.0.0
2026-09-09,2026-09,USA MLS,Atlanta United FC vs Orlando City SC,,UNDER,AVOID,,-,NO_BET,,2026-09-06T12:11:27Z,1.0.0
2026-09-09,2026-09,USA MLS,CF Montreal vs Charlotte FC,,UNDER,VALUABLE,,-,NO_BET,,2026-09-06T12:11:27Z,1.0.0
2026-09-09,2026-09,USA MLS,D.C. United vs Columbus Crew SC,,UNDER,AVOID,,-,NO_BET,,2026-09-06T12:11:27Z,1.0.0
2026-09-09,2026-09,USA MLS,Toronto FC vs Nashville SC,,UNDER,AVOID,,-,NO_BET,,2026-09-06T12:11:27Z,1.0.0
2026-09-09,2026-09,USA MLS,Philadelphia Union vs FC Cincinnati,,UNDER,AVOID,,-,NO_BET,,2026-09-06T12:11:27Z,1.0.0
2026-09-10,2026-09,USA MLS,New York City FC vs New England Revolution,,UNDER,AVOID,,-,NO_BET,,2026-09-06T12:11:27Z,1.0.0
2026-09-10,2026-09,USA MLS,Austin FC vs Colorado Rapids,,OVER,AVOID,,-,NO_BET,,2026-09-06T12:11:27Z,1.0.0
2026-09-10,2026-09,USA MLS,Chicago Fire vs Inter Miami CF,,UNDER,MARKSMAN,,-,NO_BET,,2026-09-06T12:11:27Z,1.0.0
2026-09-06,2026-09,Norway Eliteserien,Molde vs KFUM,,UNDER,AVOID,,-,NO_BET,,2026-09-06T12:11:27Z,1.0.0
2026-09-10,2026-09,USA MLS,Houston Dynamo vs Real Salt Lake,,UNDER,AVOID,,-,NO_BET,,2026-09-06T12:11:27Z,1.0.0
2026-09-10,2026-09,USA MLS,Vancouver Whitecaps FC vs LA Galaxy,,UNDER,MARKSMAN,,-,NO_BET,,2026-09-06T12:11:27Z,1.0.0
2026-09-10,2026-09,USA MLS,Los Angeles FC vs New York Red Bulls,,UNDER,VALUABLE,,-,NO_BET,,2026-09-06T12:11:27Z,1.0.0
2026-09-10,2026-09,USA MLS,Portland Timbers vs St. Louis City SC,,UNDER,AVOID,,-,NO_BET,,2026-09-06T12:11:27Z,1.0.0
2026-09-10,2026-09,USA MLS,San Diego FC vs San Jose Earthquakes,,UNDER,MARKSMAN,,-,NO_BET,,2026-09-06T12:11:27Z,1.0.0
2026-09-12,2026-09,USA MLS,D.C. United vs Atlanta United FC,,UNDER,VALUABLE,,-,NO_BET,,2026-09-06T12:11:27Z,1.0.0
2026-09-13,2026-09,USA MLS,St. Louis City SC vs Minnesota United FC,,UNDER,AVOID,,-,NO_BET,,2026-09-06T12:11:27Z,1.0.0
2026-09-13,2026-09,USA MLS,Colorado Rapids vs CF Montreal,,OVER,AVOID,,-,NO_BET,,2026-09-06T12:11:27Z,1.0.0
2026-09-13,2026-09,Mexico Liga MX,Cruz Azul vs América,,UNDER,AVOID,,-,NO_BET,,2026-09-06T12:11:27Z,1.0.0
2026-09-13,2026-09,Mexico Liga MX,Monterrey vs Tigres,,OVER,AVOID,,-,NO_BET,,2026-09-06T12:11:27Z,1.0.0
2026-09-12,2026-09,Mexico Liga MX,Toluca vs Atlas,,OVER,AVOID,,-,NO_BET,,2026-09-06T12:11:27Z,1.0.0
2026-09-12,2026-09,Mexico Liga MX,Tijuana vs Querétaro,,UNDER,VALUABLE,,-,NO_BET,,2026-09-06T12:11:27Z,1.0.0
2026-09-12,2026-09,Brazil Serie A,Chapecoense vs Internacional,,OVER,AVOID,,-,NO_BET,,2026-09-06T12:11:27Z,1.0.0
2026-09-12,2026-09,Brazil Serie A,Palmeiras vs Sao Paulo,,UNDER,AVOID,,-,NO_BET,,2026-09-06T12:11:27Z,1.0.0
2026-09-12,2026-09,Brazil Serie A,Botafogo vs Bragantino-SP,,UNDER,AVOID,,-,NO_BET,,2026-09-06T12:11:27Z,1.0.0
2026-09-13,2026-09,Brazil Serie A,Santos vs Cruzeiro,,OVER,AVOID,,-,NO_BET,,2026-09-06T12:11:27Z,1.0.0
2026-09-11,2026-09,Japan J-League,Vissel Kobe vs Kashima Antlers,,OVER,MARKSMAN,,-,NO_BET,,2026-09-06T12:11:27Z,1.0.0
2026-09-11,2026-09,Japan J-League,Kyoto Purple Sanga vs Kashiwa Reysol,,OVER,AVOID,,-,NO_BET,,2026-09-06T12:11:27Z,1.0.0
2026-09-12,2026-09,Japan J-League,Mito HollyHock vs Kawasaki Frontale,,UNDER,SNIPER,,-,NO_BET,,2026-09-06T12:11:27Z,1.0.0
2026-09-12,2026-09,Japan J-League,Shimizu S Pulse vs Avispa Fukuoka,,OVER,VALUABLE,,-,NO_BET,,2026-09-06T12:11:27Z,1.0.0
2026-09-12,2026-09,Brazil Serie A,Atletico Mineiro vs Fluminense,,OVER,AVOID,,-,NO_BET,,2026-09-06T12:11:27Z,1.0.0
2026-09-12,2026-09,Japan J-League,Hiroshima Sanfrecce FC vs Cerezo Osaka,,UNDER,VALUABLE,,-,NO_BET,,2026-09-06T12:11:27Z,1.0.0
2026-09-12,2026-09,Japan J-League,Gamba Osaka vs FC Tokyo,,UNDER,AVOID,,-,NO_BET,,2026-09-06T12:11:27Z,1.0.0
2026-09-12,2026-09,Japan J-League,V-Varen Nagasaki vs Nagoya Grampus,,UNDER,AVOID,,-,NO_BET,,2026-09-06T12:11:27Z,1.0.0
2026-09-13,2026-09,Japan J-League,Tokyo Verdy vs JEF United Chiba,,OVER,VALUABLE,,-,NO_BET,,2026-09-06T12:11:27Z,1.0.0
2026-09-13,2026-09,Japan J-League,Urawa Red Diamonds vs Fagiano Okayama,,OVER,AVOID,,-,NO_BET,,2026-09-06T12:11:27Z,1.0.0
2026-09-06,2026-09,Mexico Liga MX,Cruz Azul vs Santos Laguna,,UNDER,VALUABLE,,-,NO_BET,,2026-09-06T12:11:27Z,1.0.0
2026-09-11,2026-09,Mexico Liga MX,Pumas vs León,,UNDER,AVOID,,-,NO_BET,,2026-09-06T12:11:27Z,1.0.0
2026-09-12,2026-09,Mexico Liga MX,Necaxa vs Puebla,,UNDER,AVOID,,-,NO_BET,,2026-09-06T12:11:27Z,1.0.0
2026-09-12,2026-09,Mexico Liga MX,Atlante FC vs Pachuca,,UNDER,VALUABLE,,-,NO_BET,,2026-09-06T12:11:27Z,1.0.0
2026-09-12,2026-09,Japan J-League,FC Machida Zelvia vs Yokohama F Marinos,,UNDER,AVOID,,-,NO_BET,,2026-09-06T12:11:27Z,1.0.0
2026-09-12,2026-09,Sweden Allsvenskan,IFK Goteborg vs Halmstads BK,,UNDER,AVOID,,-,NO_BET,,2026-09-06T12:11:27Z,1.0.0
2026-09-12,2026-09,Ligue 2,USL Dunkerque vs Saint Etienne,,UNDER,AVOID,,-,NO_BET,,2026-09-06T12:11:27Z,1.0.0
2026-09-07,2026-09,Sweden Allsvenskan,Mjällby AIF vs IFK Goteborg,,OVER,AVOID,,-,NO_BET,,2026-09-06T12:11:27Z,1.0.0
2026-09-12,2026-09,League One,Stockport County FC vs Leicester City,,UNDER,AVOID,,-,NO_BET,,2026-09-06T12:11:27Z,1.0.0
2026-09-12,2026-09,League One,Milton Keynes Dons vs Peterborough United,,UNDER,AVOID,,-,NO_BET,,2026-09-06T12:11:27Z,1.0.0
2026-09-12,2026-09,League One,Sheffield Wednesday vs Wigan Athletic,,OVER,AVOID,,-,NO_BET,,2026-09-06T12:11:27Z,1.0.0
2026-09-12,2026-09,League Two,Grimsby Town vs Bristol Rovers,,UNDER,AVOID,,-,NO_BET,,2026-09-06T12:11:27Z,1.0.0
2026-09-12,2026-09,League Two,Crawley Town vs Cheltenham Town,,UNDER,AVOID,,-,NO_BET,,2026-09-06T12:11:27Z,1.0.0
2026-09-12,2026-09,League Two,Barnet vs Accrington Stanley,,UNDER,AVOID,,-,NO_BET,,2026-09-06T12:11:27Z,1.0.0
2026-09-12,2026-09,League Two,Oldham Athletic vs Chesterfield FC,,OVER,AVOID,,-,NO_BET,,2026-09-06T12:11:27Z,1.0.0
2026-09-12,2026-09,League Two,Colchester United vs Crewe Alexandra,,OVER,AVOID,,-,NO_BET,,2026-09-06T12:11:27Z,1.0.0
2026-09-12,2026-09,League Two,Port Vale vs Exeter City,,OVER,AVOID,,-,NO_BET,,2026-09-06T12:11:27Z,1.0.0
2026-09-12,2026-09,League Two,Newport County vs Fleetwood Town,,OVER,AVOID,,-,NO_BET,,2026-09-06T12:11:27Z,1.0.0
2026-09-12,2026-09,League Two,Gillingham vs Tranmere Rovers,,OVER,AVOID,,-,NO_BET,,2026-09-06T12:11:27Z,1.0.0
2026-09-12,2026-09,League Two,Shrewsbury Town vs Northampton Town,,OVER,VALUABLE,,-,NO_BET,,2026-09-06T12:11:27Z,1.0.0
2026-09-12,2026-09,League Two,Walsall vs Rochdale,,OVER,AVOID,,-,NO_BET,,2026-09-06T12:11:27Z,1.0.0
2026-09-12,2026-09,League Two,Rotherham United vs Salford City,,OVER,AVOID,,-,NO_BET,,2026-09-06T12:11:27Z,1.0.0
2026-09-12,2026-09,League Two,York City vs Swindon Town,,UNDER,AVOID,,-,NO_BET,,2026-09-06T12:11:27Z,1.0.0
2026-09-11,2026-09,Bundesliga 2,1. FC Nürnberg vs Hannover 96,,UNDER,AVOID,,-,NO_BET,,2026-09-06T12:11:27Z,1.0.0
2026-09-11,2026-09,Bundesliga 2,SV Darmstadt 98 vs Arminia Bielefeld,,UNDER,AVOID,,-,NO_BET,,2026-09-06T12:11:27Z,1.0.0
2026-09-12,2026-09,League One,Mansfield Town vs Huddersfield Town,,OVER,AVOID,,-,NO_BET,,2026-09-06T12:11:27Z,1.0.0
2026-09-12,2026-09,Bundesliga 2,1. FC Magdeburg vs 1. FC Kaiserslautern,,UNDER,AVOID,,-,NO_BET,,2026-09-06T12:11:27Z,1.0.0
2026-09-12,2026-09,League One,Wimbledon vs Doncaster Rovers,,OVER,AVOID,,-,NO_BET,,2026-09-06T12:11:27Z,1.0.0
2026-09-12,2026-09,League One,Oxford United vs Burton Albion,,OVER,AVOID,,-,NO_BET,,2026-09-06T12:11:27Z,1.0.0
2026-09-13,2026-09,USA MLS,Real Salt Lake vs New York City FC,,UNDER,AVOID,,-,NO_BET,,2026-09-06T12:11:27Z,1.0.0
2026-09-08,2026-09,Championship,Blackburn Rovers vs Sheffield United,,OVER,AVOID,,-,NO_BET,,2026-09-06T12:11:27Z,1.0.0
2026-09-08,2026-09,Championship,Wrexham AFC vs Burnley,,OVER,AVOID,,-,NO_BET,,2026-09-06T12:11:27Z,1.0.0
2026-09-08,2026-09,Championship,Cardiff City vs Stoke City,,UNDER,AVOID,,-,NO_BET,,2026-09-06T12:11:27Z,1.0.0
2026-09-08,2026-09,Championship,Watford vs Preston North End,,OVER,AVOID,,-,NO_BET,,2026-09-06T12:11:27Z,1.0.0
2026-09-08,2026-09,Championship,Southampton vs Swansea City,,OVER,VALUABLE,,-,NO_BET,,2026-09-06T12:11:27Z,1.0.0
2026-09-08,2026-09,Championship,Bolton Wanderers vs West Ham United,,UNDER,AVOID,,-,NO_BET,,2026-09-06T12:11:27Z,1.0.0
2026-09-09,2026-09,Championship,Norwich City vs Birmingham City,,OVER,AVOID,,-,NO_BET,,2026-09-06T12:11:27Z,1.0.0
2026-09-09,2026-09,Championship,Derby County vs West Bromwich Albion,,OVER,AVOID,,-,NO_BET,,2026-09-06T12:11:27Z,1.0.0
2026-09-09,2026-09,Championship,Charlton Athletic vs Queens Park Rangers,,OVER,AVOID,,-,NO_BET,,2026-09-06T12:11:27Z,1.0.0
2026-09-07,2026-09,League One,Bromley FC vs Wimbledon,,OVER,AVOID,,-,NO_BET,,2026-09-06T12:11:27Z,1.0.0
2026-09-08,2026-09,League One,Oxford United vs Reading,,OVER,VALUABLE,,-,NO_BET,,2026-09-06T12:11:27Z,1.0.0
2026-09-10,2026-09,League One,Stevenage vs Luton,,OVER,AVOID,,-,NO_BET,,2026-09-06T12:11:27Z,1.0.0
2026-09-12,2026-09,League One,Notts County vs Bradford City,,OVER,VALUABLE,,-,NO_BET,,2026-09-06T12:11:27Z,1.0.0
2026-09-12,2026-09,League One,Leyton Orient vs Wycombe Wanderers,,OVER,AVOID,,-,NO_BET,,2026-09-06T12:11:27Z,1.0.0
2026-09-12,2026-09,League One,Plymouth Argyle vs Barnsley,,UNDER,AVOID,,-,NO_BET,,2026-09-06T12:11:27Z,1.0.0
2026-09-12,2026-09,League One,Blackpool vs Bromley FC,,OVER,VALUABLE,,-,NO_BET,,2026-09-06T12:11:27Z,1.0.0
2026-09-12,2026-09,League One,Cambridge United vs Reading,,OVER,AVOID,,-,NO_BET,,2026-09-06T12:11:27Z,1.0.0
2026-09-12,2026-09,Bundesliga 2,Eintracht Braunschweig vs Dynamo Dresden,,UNDER,AVOID,,-,NO_BET,,2026-09-06T12:11:27Z,1.0.0
2026-09-12,2026-09,Bundesliga 2,VfL Bochum vs Greuther Fürth,,UNDER,MARKSMAN,,-,NO_BET,,2026-09-06T12:11:27Z,1.0.0
2026-09-12,2026-09,Bundesliga 2,FC St. Pauli vs VfL Wolfsburg,,OVER,AVOID,,-,NO_BET,,2026-09-06T12:11:27Z,1.0.0
2026-09-06,2026-09,Serie B,Juve Stabia vs Pisa,,OVER,MARKSMAN,,-,NO_BET,,2026-09-06T12:11:27Z,1.0.0
2026-09-06,2026-09,Serie B,Virtus Entella vs Vicenza,,OVER,MARKSMAN,,-,NO_BET,,2026-09-06T12:11:27Z,1.0.0
2026-09-06,2026-09,Serie B,Hellas Verona vs Arezzo,,OVER,AVOID,,-,NO_BET,,2026-09-06T12:11:27Z,1.0.0
2026-09-06,2026-09,Serie B,Cremonese vs Padova,,OVER,AVOID,,-,NO_BET,,2026-09-06T12:11:27Z,1.0.0
2026-09-07,2026-09,Serie B,Palermo vs Sampdoria,,OVER,AVOID,,-,NO_BET,,2026-09-06T12:11:27Z,1.0.0
2026-09-12,2026-09,Serie B,US Catanzaro 1929 vs Carrarese,,UNDER,AVOID,,-,NO_BET,,2026-09-06T12:11:27Z,1.0.0
2026-09-06,2026-09,Denmark Superliga,OB Odense BK vs FC Copenhagen,,UNDER,AVOID,,-,NO_BET,,2026-09-06T12:11:27Z,1.0.0
2026-09-06,2026-09,Denmark Superliga,Brondby IF vs Randers FC,,OVER,AVOID,,-,NO_BET,,2026-09-06T12:11:27Z,1.0.0
2026-09-07,2026-09,Denmark Superliga,FC Midtjylland vs FC Nordsjaelland,,OVER,AVOID,,-,NO_BET,,2026-09-06T12:11:27Z,1.0.0
2026-09-11,2026-09,Denmark Superliga,FC Copenhagen vs AC Horsens,,OVER,AVOID,,-,NO_BET,,2026-09-06T12:11:27Z,1.0.0
2026-09-13,2026-09,Denmark Superliga,Lyngby vs SonderjyskE,,UNDER,VALUABLE,,-,NO_BET,,2026-09-06T12:11:27Z,1.0.0
2026-09-11,2026-09,Austrian Bundesliga,Ried vs RB Salzburg,,UNDER,SNIPER,,-,NO_BET,,2026-09-06T12:11:27Z,1.0.0
2026-09-12,2026-09,Austrian Bundesliga,Rheindorf Altach vs Grazer AK,,OVER,AVOID,,-,NO_BET,,2026-09-06T12:11:27Z,1.0.0
2026-09-12,2026-09,Austrian Bundesliga,Wolfsberger AC vs Rapid Wien,,UNDER,MARKSMAN,,-,NO_BET,,2026-09-06T12:11:27Z,1.0.0
2026-09-06,2026-09,Sweden Allsvenskan,IF Brommapojkarna vs IF Elfsborg,,UNDER,AVOID,,-,NO_BET,,2026-09-06T12:11:27Z,1.0.0
2026-09-07,2026-09,Sweden Allsvenskan,Malmo FF vs AIK,,UNDER,AVOID,,-,NO_BET,,2026-09-06T12:11:27Z,1.0.0
2026-09-07,2026-09,Sweden Allsvenskan,Kalmar FF vs Djurgardens IF,,UNDER,VALUABLE,,-,NO_BET,,2026-09-06T12:11:27Z,1.0.0
2026-09-06,2026-09,Serie B,Cesena FC vs Mantova,,UNDER,AVOID,,-,NO_BET,,2026-09-06T12:11:27Z,1.0.0
2026-09-06,2026-09,Serie B,Modena vs Avellino,,OVER,VALUABLE,,-,NO_BET,,2026-09-06T12:11:27Z,1.0.0
2026-09-13,2026-09,La Liga 2,Sporting Gijón vs CD Eldense,,OVER,AVOID,,-,NO_BET,,2026-09-06T12:11:27Z,1.0.0
2026-09-12,2026-09,La Liga 2,Córdoba vs Almería,,OVER,AVOID,,-,NO_BET,,2026-09-06T12:11:27Z,1.0.0
2026-09-13,2026-09,Bundesliga 2,1. FC Heidenheim vs Holstein Kiel,,UNDER,AVOID,,-,NO_BET,,2026-09-06T12:11:27Z,1.0.0
2026-09-13,2026-09,Bundesliga 2,Karlsruher SC vs FC Energie Cottbus,,UNDER,VALUABLE,,-,NO_BET,,2026-09-06T12:11:27Z,1.0.0
2026-09-13,2026-09,Bundesliga 2,VfL Osnabrück vs Hertha Berlin,,UNDER,AVOID,,-,NO_BET,,2026-09-06T12:11:27Z,1.0.0
2026-09-07,2026-09,Ligue 2,Nantes vs Nancy,,OVER,AVOID,,-,NO_BET,,2026-09-06T12:11:27Z,1.0.0
2026-09-11,2026-09,Ligue 2,Clermont vs Boulogne,,OVER,SNIPER,,-,NO_BET,,2026-09-06T12:11:27Z,1.0.0
2026-09-11,2026-09,Ligue 2,Dijon vs Stade Lavallois,,UNDER,AVOID,,-,NO_BET,,2026-09-06T12:11:27Z,1.0.0
2026-09-11,2026-09,Ligue 2,Rodez AF vs Grenoble,,UNDER,AVOID,,-,NO_BET,,2026-09-06T12:11:27Z,1.0.0
2026-09-11,2026-09,Ligue 2,Montpellier vs Pau FC,,UNDER,AVOID,,-,NO_BET,,2026-09-06T12:11:27Z,1.0.0
2026-09-12,2026-09,Sweden Allsvenskan,AIK vs Västerås SK,,OVER,AVOID,,-,NO_BET,,2026-09-06T12:11:27Z,1.0.0
2026-09-12,2026-09,Ligue 2,Guingamp vs Annecy FC,,OVER,AVOID,,-,NO_BET,,2026-09-06T12:11:27Z,1.0.0
2026-09-06,2026-09,La Liga 2,CD Castellón vs Albacete,,UNDER,AVOID,,-,NO_BET,,2026-09-06T12:11:27Z,1.0.0
2026-09-06,2026-09,La Liga 2,Almería vs Cádiz CF,,UNDER,AVOID,,-,NO_BET,,2026-09-06T12:11:27Z,1.0.0
2026-09-07,2026-09,La Liga 2,Sabadell FC vs Córdoba,,OVER,AVOID,,-,NO_BET,,2026-09-06T12:11:27Z,1.0.0
2026-09-11,2026-09,La Liga 2,Burgos CF vs AD Ceuta FC,,OVER,MARKSMAN,,-,NO_BET,,2026-09-06T12:11:27Z,1.0.0
2026-09-12,2026-09,La Liga 2,Andorra CF vs Real Sociedad B,,UNDER,AVOID,,-,NO_BET,,2026-09-06T12:11:27Z,1.0.0
2026-09-12,2026-09,La Liga 2,Cádiz CF vs Las Palmas,,OVER,VALUABLE,,-,NO_BET,,2026-09-06T12:11:27Z,1.0.0
2026-09-12,2026-09,La Liga 2,Granada CF vs Albacete,,OVER,MARKSMAN,,-,NO_BET,,2026-09-06T12:11:27Z,1.0.0
2026-09-12,2026-09,La Liga 2,Girona FC vs CD Castellón,,OVER,AVOID,,-,NO_BET,,2026-09-06T12:11:27Z,1.0.0
2026-09-06,2026-09,La Liga 2,Oviedo vs Burgos CF,,OVER,SNIPER,,-,NO_BET,,2026-09-06T12:11:27Z,1.0.0
2026-09-13,2026-09,USA MLS,LA Galaxy vs Seattle Sounders FC,,UNDER,VALUABLE,,-,NO_BET,,2026-09-06T12:11:27Z,1.0.0
